Emiten,Tanggal,Sebab
ARTO,2019-12-26,Data Adjusted
ARTO,2019-12-27,Data Adjusted
ARTO,2019-12-30,Data Adjusted
ARTO,2020-01-02,Data Adjusted
ARTO,2020-01-03,Data Adjusted
ARTO,2020-01-06,Data Adjusted
ARTO,2020-01-07,Data Adjusted
ARTO,2020-01-08,Data Adjusted
ARTO,2020-01-09,Data Adjusted
ARTO,2020-01-10,Data Adjusted
ARTO,2020-01-13,Data Adjusted
ARTO,2020-01-14,Data Adjusted
ARTO,2020-01-15,Data Adjusted
ARTO,2020-01-16,Data Adjusted
ARTO,2020-01-17,Data Adjusted
ARTO,2020-01-20,Data Adjusted
ARTO,2020-01-21,Data Adjusted
ARTO,2020-01-22,Data Adjusted
ARTO,2020-01-23,Data Adjusted
ARTO,2020-01-24,Data Adjusted
ARTO,2020-01-27,Data Adjusted
ARTO,2020-01-28,Data Adjusted
ARTO,2020-01-29,Data Adjusted
ARTO,2020-01-30,Data Adjusted
ARTO,2020-01-31,Data Adjusted
ARTO,2020-02-03,Data Adjusted
ARTO,2020-02-04,Data Adjusted
ARTO,2020-02-05,Data Adjusted
ARTO,2020-02-06,Data Adjusted
ARTO,2020-02-07,Data Adjusted
ARTO,2020-02-10,Data Adjusted
ARTO,2020-02-11,Data Adjusted
ARTO,2020-02-12,Data Adjusted
ARTO,2020-02-13,Data Adjusted
ARTO,2020-02-14,Data Adjusted
ARTO,2020-02-17,Data Adjusted
ARTO,2020-02-18,Data Adjusted
ARTO,2020-02-19,Data Adjusted
ARTO,2020-02-20,Data Adjusted
ARTO,2020-02-21,Data Adjusted
ARTO,2020-02-24,Data Adjusted
ARTO,2020-02-25,Data Adjusted
ARTO,2020-02-26,Data Adjusted
ARTO,2020-02-27,Data Adjusted
ARTO,2020-02-28,Data Adjusted
ARTO,2020-03-02,Data Adjusted
ARTO,2020-03-03,Data Adjusted
ARTO,2020-03-04,Data Adjusted
ARTO,2020-03-05,Data Adjusted
ARTO,2020-03-06,Data Adjusted
ARTO,2020-03-09,Data Adjusted
ARTO,2020-03-10,Data Adjusted
ARTO,2020-03-11,Data Adjusted
ARTO,2020-03-12,Data Adjusted
ARTO,2020-03-13,Data Adjusted
ARTO,2020-03-16,Data Adjusted
ARTO,2020-03-17,Data Adjusted
ARTO,2020-03-18,Data Adjusted
ARTO,2020-03-19,Data Adjusted
ARTO,2020-03-20,Data Adjusted
ARTO,2020-03-23,Data Adjusted
ARTO,2020-03-24,Data Adjusted
ARTO,2020-03-26,Data Adjusted
ARTO,2020-03-27,Data Adjusted
ARTO,2020-03-30,Data Adjusted
ARTO,2020-03-31,Data Adjusted
ARTO,2020-04-01,Data Adjusted
ARTO,2020-04-02,Data Adjusted
ARTO,2020-04-03,Data Adjusted
ARTO,2020-04-06,Data Adjusted
ARTO,2020-04-07,Data Adjusted
ARTO,2020-04-08,Data Adjusted
ARTO,2020-04-09,Data Adjusted
ARTO,2020-04-13,Data Adjusted
ARTO,2020-04-14,Data Adjusted
ARTO,2020-04-15,Data Adjusted
ARTO,2020-04-16,Data Adjusted
ARTO,2020-04-17,Data Adjusted
ARTO,2020-04-20,Data Adjusted
ARTO,2020-04-21,Data Adjusted
ARTO,2020-04-22,Data Adjusted
ARTO,2020-04-23,Data Adjusted
ARTO,2020-04-24,Data Adjusted
ARTO,2020-04-27,Data Adjusted
ARTO,2020-04-28,Data Adjusted
ARTO,2020-04-29,Data Adjusted
ARTO,2020-04-30,Data Adjusted
ARTO,2020-05-04,Data Adjusted
ARTO,2020-05-05,Data Adjusted
ARTO,2020-05-06,Data Adjusted
ARTO,2020-05-08,Data Adjusted
ARTO,2020-05-11,Data Adjusted
ARTO,2020-05-12,Data Adjusted
ARTO,2020-05-13,Data Adjusted
ARTO,2020-05-14,Data Adjusted
ARTO,2020-05-15,Data Adjusted
ARTO,2020-05-18,Data Adjusted
ARTO,2020-05-19,Data Adjusted
ARTO,2020-05-20,Data Adjusted
ARTO,2020-05-26,Data Adjusted
ARTO,2020-05-27,Data Adjusted
ARTO,2020-05-28,Data Adjusted
ARTO,2020-05-29,Data Adjusted
ARTO,2020-06-02,Data Adjusted
ARTO,2020-06-03,Data Adjusted
ARTO,2020-06-04,Data Adjusted
ARTO,2020-06-05,Data Adjusted
ARTO,2020-06-08,Data Adjusted
ARTO,2020-06-09,Data Adjusted
ARTO,2020-06-10,Data Adjusted
ARTO,2020-06-11,Data Adjusted
ARTO,2020-06-12,Data Adjusted
ARTO,2020-06-15,Data Adjusted
ARTO,2020-06-16,Data Adjusted
ARTO,2020-06-17,Data Adjusted
ARTO,2020-06-18,Data Adjusted
ARTO,2020-06-19,Data Adjusted
ARTO,2020-06-22,Data Adjusted
ARTO,2020-06-23,Data Adjusted
ARTO,2020-06-24,Data Adjusted
ARTO,2020-06-25,Data Adjusted
ARTO,2020-06-26,Data Adjusted
ARTO,2020-06-29,Data Adjusted
ARTO,2020-06-30,Data Adjusted
ARTO,2020-07-01,Data Adjusted
ARTO,2020-07-02,Data Adjusted
ARTO,2020-07-03,Data Adjusted
ARTO,2020-07-06,Data Adjusted
ARTO,2020-07-07,Data Adjusted
ARTO,2020-07-08,Data Adjusted
ARTO,2020-07-09,Data Adjusted
ARTO,2020-07-10,Data Adjusted
ARTO,2020-07-13,Data Adjusted
ARTO,2020-07-14,Data Adjusted
ARTO,2020-07-15,Data Adjusted
ARTO,2020-07-16,Data Adjusted
ARTO,2020-07-17,Data Adjusted
ARTO,2020-07-20,Data Adjusted
ARTO,2020-07-21,Data Adjusted
ARTO,2020-07-22,Data Adjusted
ARTO,2020-07-23,Data Adjusted
ARTO,2020-07-24,Data Adjusted
ARTO,2020-07-27,Data Adjusted
ARTO,2020-07-28,Data Adjusted
ARTO,2020-07-29,Data Adjusted
ARTO,2020-07-30,Data Adjusted
ARTO,2020-08-03,Data Adjusted
ARTO,2020-08-04,Data Adjusted
ARTO,2020-08-05,Data Adjusted
ARTO,2020-08-06,Data Adjusted
ARTO,2020-08-07,Data Adjusted
ARTO,2020-08-10,Data Adjusted
ARTO,2020-08-11,Data Adjusted
ARTO,2020-08-12,Data Adjusted
ARTO,2020-08-13,Data Adjusted
ARTO,2020-08-14,Data Adjusted
ARTO,2020-08-18,Data Adjusted
ARTO,2020-08-19,Data Adjusted
ARTO,2020-08-24,Data Adjusted
ARTO,2020-08-25,Data Adjusted
ARTO,2020-08-26,Data Adjusted
ARTO,2020-08-27,Data Adjusted
ARTO,2020-08-28,Data Adjusted
ARTO,2020-08-31,Data Adjusted
ARTO,2020-09-01,Data Adjusted
ARTO,2020-09-02,Data Adjusted
ARTO,2020-09-03,Data Adjusted
ARTO,2020-09-04,Data Adjusted
ARTO,2020-09-07,Data Adjusted
ARTO,2020-09-08,Data Adjusted
ARTO,2020-09-09,Data Adjusted
ARTO,2020-09-10,Data Adjusted
ARTO,2020-09-11,Data Adjusted
ARTO,2020-09-14,Data Adjusted
ARTO,2020-09-15,Data Adjusted
ARTO,2020-09-16,Data Adjusted
ARTO,2020-09-17,Data Adjusted
ARTO,2020-09-18,Data Adjusted
ARTO,2020-09-21,Data Adjusted
ARTO,2020-09-22,Data Adjusted
ARTO,2020-09-23,Data Adjusted
ARTO,2020-09-24,Data Adjusted
ARTO,2020-09-25,Data Adjusted
ARTO,2020-09-28,Data Adjusted
ARTO,2020-09-29,Data Adjusted
ARTO,2020-09-30,Data Adjusted
ARTO,2020-10-01,Data Adjusted
ARTO,2020-10-02,Data Adjusted
ARTO,2020-10-05,Data Adjusted
ARTO,2020-10-06,Data Adjusted
ARTO,2020-10-07,Data Adjusted
ARTO,2020-10-08,Data Adjusted
ARTO,2020-10-09,Data Adjusted
ARTO,2020-10-12,Data Adjusted
ARTO,2020-10-13,Data Adjusted
ARTO,2020-10-14,Data Adjusted
ARTO,2020-10-15,Data Adjusted
ARTO,2020-10-16,Data Adjusted
ARTO,2020-10-19,Data Adjusted
ARTO,2020-10-20,Data Adjusted
ARTO,2020-10-21,Data Adjusted
ARTO,2020-10-22,Data Adjusted
ARTO,2020-10-23,Data Adjusted
ARTO,2020-10-26,Data Adjusted
ARTO,2020-10-27,Data Adjusted
ARTO,2020-11-02,Data Adjusted
ARTO,2020-11-03,Data Adjusted
ARTO,2020-11-04,Data Adjusted
ARTO,2020-11-05,Data Adjusted
ARTO,2020-11-06,Data Adjusted
ARTO,2020-11-09,Data Adjusted
ARTO,2020-11-10,Data Adjusted
ARTO,2020-11-11,Data Adjusted
ARTO,2020-11-12,Data Adjusted
ARTO,2020-11-13,Data Adjusted
ARTO,2020-11-16,Data Adjusted
ARTO,2020-11-17,Data Adjusted
ARTO,2020-11-18,Data Adjusted
ARTO,2020-11-19,Data Adjusted
ARTO,2020-11-20,Data Adjusted
ARTO,2020-11-23,Data Adjusted
ARTO,2020-11-24,Data Adjusted
ARTO,2020-11-25,Data Adjusted
ARTO,2020-11-26,Data Adjusted
ARTO,2020-11-27,Data Adjusted
ARTO,2020-11-30,Data Adjusted
ARTO,2020-12-01,Data Adjusted
ARTO,2020-12-02,Data Adjusted
ARTO,2020-12-03,Data Adjusted
ARTO,2020-12-04,Data Adjusted
ARTO,2020-12-07,Data Adjusted
ARTO,2020-12-08,Data Adjusted
ARTO,2020-12-11,Data Adjusted
ARTO,2020-12-14,Data Adjusted
ARTO,2020-12-15,Data Adjusted
ARTO,2020-12-16,Data Adjusted
ARTO,2020-12-17,Data Adjusted
ARTO,2020-12-18,Data Adjusted
ARTO,2020-12-21,Data Adjusted
ARTO,2020-12-22,Data Adjusted
ARTO,2020-12-23,Data Adjusted
ARTO,2020-12-28,Data Adjusted
ARTO,2020-12-29,Data Adjusted
ARTO,2020-12-30,Data Adjusted
ARTO,2021-01-04,Data Adjusted
ARTO,2021-01-05,Data Adjusted
ARTO,2021-01-06,Data Adjusted
ARTO,2021-01-07,Data Adjusted
ARTO,2021-01-08,Data Adjusted
ARTO,2021-01-11,Data Adjusted
ARTO,2021-01-12,Data Adjusted
ARTO,2021-01-13,Data Adjusted
ARTO,2021-01-14,Data Adjusted
ARTO,2021-01-15,Data Adjusted
ARTO,2021-01-18,Data Adjusted
ARTO,2021-01-19,Data Adjusted
ARTO,2021-01-20,Data Adjusted
ARTO,2021-01-21,Data Adjusted
ARTO,2021-01-22,Data Adjusted
ARTO,2021-01-25,Data Adjusted
ARTO,2021-01-26,Data Adjusted
ARTO,2021-01-27,Data Adjusted
ARTO,2021-01-28,Data Adjusted
ARTO,2021-02-01,Data Adjusted
ARTO,2021-02-02,Data Adjusted
ARTO,2021-02-03,Data Adjusted
ARTO,2021-02-04,Data Adjusted
ARTO,2021-02-05,Data Adjusted
ARTO,2021-02-08,Data Adjusted
ARTO,2021-02-09,Data Adjusted
ARTO,2021-02-10,Data Adjusted
ARTO,2021-02-11,Data Adjusted
ARTO,2021-02-15,Data Adjusted
ARTO,2021-02-16,Data Adjusted
ARTO,2021-02-17,Data Adjusted
ARTO,2021-02-18,Data Adjusted
ARTO,2021-02-19,Data Adjusted
ARTO,2021-02-22,Data Adjusted
ARTO,2021-02-23,Data Adjusted
ARTO,2021-02-24,Data Adjusted
ARTO,2021-02-25,Data Adjusted
ARTO,2021-02-26,Data Adjusted
ARTO,2021-03-01,Data Adjusted
ARTO,2021-03-02,Data Adjusted
ARTO,2021-03-03,Data Adjusted
ARTO,2021-03-04,Data Adjusted
BBCA,2019-12-26,Harga Selisih
BBCA,2019-12-27,Harga Selisih
BBCA,2019-12-30,Harga Selisih
BBCA,2020-01-02,Harga Selisih
BBCA,2020-01-03,Harga Selisih
BBCA,2020-01-06,Harga Selisih
BBCA,2020-01-07,Harga Selisih
BBCA,2020-01-08,Harga Selisih
BBCA,2020-01-09,Harga Selisih
BBCA,2020-01-10,Harga Selisih
BBCA,2020-01-13,Harga Selisih
BBCA,2020-01-14,Harga Selisih
BBCA,2020-01-15,Harga Selisih
BBCA,2020-01-16,Harga Selisih
BBCA,2020-01-17,Harga Selisih
BBCA,2020-01-20,Harga Selisih
BBCA,2020-01-21,Harga Selisih
BBCA,2020-01-22,Harga Selisih
BBCA,2020-01-23,Harga Selisih
BBCA,2020-01-24,Harga Selisih
BBCA,2020-01-27,Harga Selisih
BBCA,2020-01-28,Harga Selisih
BBCA,2020-01-29,Harga Selisih
BBCA,2020-01-30,Harga Selisih
BBCA,2020-01-31,Harga Selisih
BBCA,2020-02-03,Harga Selisih
BBCA,2020-02-04,Harga Selisih
BBCA,2020-02-05,Harga Selisih
BBCA,2020-02-06,Harga Selisih
BBCA,2020-02-07,Harga Selisih
BBCA,2020-02-10,Harga Selisih
BBCA,2020-02-11,Harga Selisih
BBCA,2020-02-12,Harga Selisih
BBCA,2020-02-13,Harga Selisih
BBCA,2020-02-14,Harga Selisih
BBCA,2020-02-17,Harga Selisih
BBCA,2020-02-18,Harga Selisih
BBCA,2020-02-19,Harga Selisih
BBCA,2020-02-20,Harga Selisih
BBCA,2020-02-21,Harga Selisih
BBCA,2020-02-24,Harga Selisih
BBCA,2020-02-25,Harga Selisih
BBCA,2020-02-26,Harga Selisih
BBCA,2020-02-27,Harga Selisih
BBCA,2020-02-28,Harga Selisih
BBCA,2020-03-02,Harga Selisih
BBCA,2020-03-03,Harga Selisih
BBCA,2020-03-04,Harga Selisih
BBCA,2020-03-05,Harga Selisih
BBCA,2020-03-06,Harga Selisih
BBCA,2020-03-09,Harga Selisih
BBCA,2020-03-10,Harga Selisih
BBCA,2020-03-11,Harga Selisih
BBCA,2020-03-12,Harga Selisih
BBCA,2020-03-13,Harga Selisih
BBCA,2020-03-16,Harga Selisih
BBCA,2020-03-17,Harga Selisih
BBCA,2020-03-18,Harga Selisih
BBCA,2020-03-19,Harga Selisih
BBCA,2020-03-20,Harga Selisih
BBCA,2020-03-23,Harga Selisih
BBCA,2020-03-24,Harga Selisih
BBCA,2020-03-26,Harga Selisih
BBCA,2020-03-27,Harga Selisih
BBCA,2020-03-30,Harga Selisih
BBCA,2020-03-31,Harga Selisih
BBCA,2020-04-01,Harga Selisih
BBCA,2020-04-02,Harga Selisih
BBCA,2020-04-03,Harga Selisih
BBCA,2020-04-06,Harga Selisih
BBCA,2020-04-07,Harga Selisih
BBCA,2020-04-08,Harga Selisih
BBCA,2020-04-09,Harga Selisih
BBCA,2020-04-13,Harga Selisih
BBCA,2020-04-14,Harga Selisih
BBCA,2020-04-15,Harga Selisih
BBCA,2020-04-16,Harga Selisih
BBCA,2020-04-17,Harga Selisih
BBCA,2020-04-20,Harga Selisih
BBCA,2020-04-21,Harga Selisih
BBCA,2020-04-22,Harga Selisih
BBCA,2020-04-23,Harga Selisih
BBCA,2020-04-24,Harga Selisih
BBCA,2020-04-27,Harga Selisih
BBCA,2020-04-28,Harga Selisih
BBCA,2020-04-29,Harga Selisih
BBCA,2020-04-30,Harga Selisih
BBCA,2020-05-04,Harga Selisih
BBCA,2020-05-05,Harga Selisih
BBCA,2020-05-06,Harga Selisih
BBCA,2020-05-08,Harga Selisih
BBCA,2020-05-11,Harga Selisih
BBCA,2020-05-12,Harga Selisih
BBCA,2020-05-13,Harga Selisih
BBCA,2020-05-14,Harga Selisih
BBCA,2020-05-15,Harga Selisih
BBCA,2020-05-18,Harga Selisih
BBCA,2020-05-19,Harga Selisih
BBCA,2020-05-20,Harga Selisih
BBCA,2020-05-26,Harga Selisih
BBCA,2020-05-27,Harga Selisih
BBCA,2020-05-28,Harga Selisih
BBCA,2020-05-29,Harga Selisih
BBCA,2020-06-02,Harga Selisih
BBCA,2020-06-03,Harga Selisih
BBCA,2020-06-04,Harga Selisih
BBCA,2020-06-05,Harga Selisih
BBCA,2020-06-08,Harga Selisih
BBCA,2020-06-09,Harga Selisih
BBCA,2020-06-10,Harga Selisih
BBCA,2020-06-11,Harga Selisih
BBCA,2020-06-12,Harga Selisih
BBCA,2020-06-15,Harga Selisih
BBCA,2020-06-16,Harga Selisih
BBCA,2020-06-17,Harga Selisih
BBCA,2020-06-18,Harga Selisih
BBCA,2020-06-19,Harga Selisih
BBCA,2020-06-22,Harga Selisih
BBCA,2020-06-23,Harga Selisih
BBCA,2020-06-24,Harga Selisih
BBCA,2020-06-25,Harga Selisih
BBCA,2020-06-26,Harga Selisih
BBCA,2020-06-29,Harga Selisih
BBCA,2020-06-30,Harga Selisih
BBCA,2020-07-01,Harga Selisih
BBCA,2020-07-02,Harga Selisih
BBCA,2020-07-03,Harga Selisih
BBCA,2020-07-06,Harga Selisih
BBCA,2020-07-07,Harga Selisih
BBCA,2020-07-08,Harga Selisih
BBCA,2020-07-09,Harga Selisih
BBCA,2020-07-10,Harga Selisih
BBCA,2020-07-13,Harga Selisih
BBCA,2020-07-14,Harga Selisih
BBCA,2020-07-15,Harga Selisih
BBCA,2020-07-16,Harga Selisih
BBCA,2020-07-17,Harga Selisih
BBCA,2020-07-20,Harga Selisih
BBCA,2020-07-21,Harga Selisih
BBCA,2020-07-22,Harga Selisih
BBCA,2020-07-23,Harga Selisih
BBCA,2020-07-24,Harga Selisih
BBCA,2020-07-27,Harga Selisih
BBCA,2020-07-28,Harga Selisih
BBCA,2020-07-29,Harga Selisih
BBCA,2020-07-30,Harga Selisih
BBCA,2020-08-03,Harga Selisih
BBCA,2020-08-04,Harga Selisih
BBCA,2020-08-05,Harga Selisih
BBCA,2020-08-06,Harga Selisih
BBCA,2020-08-07,Harga Selisih
BBCA,2020-08-10,Harga Selisih
BBCA,2020-08-11,Harga Selisih
BBCA,2020-08-12,Harga Selisih
BBCA,2020-08-13,Harga Selisih
BBCA,2020-08-14,Harga Selisih
BBCA,2020-08-18,Harga Selisih
BBCA,2020-08-19,Harga Selisih
BBCA,2020-08-24,Harga Selisih
BBCA,2020-08-25,Harga Selisih
BBCA,2020-08-26,Harga Selisih
BBCA,2020-08-27,Harga Selisih
BBCA,2020-08-28,Harga Selisih
BBCA,2020-08-31,Harga Selisih
BBCA,2020-09-01,Harga Selisih
BBCA,2020-09-02,Harga Selisih
BBCA,2020-09-03,Harga Selisih
BBCA,2020-09-04,Harga Selisih
BBCA,2020-09-07,Harga Selisih
BBCA,2020-09-08,Harga Selisih
BBCA,2020-09-09,Harga Selisih
BBCA,2020-09-10,Harga Selisih
BBCA,2020-09-11,Harga Selisih
BBCA,2020-09-14,Harga Selisih
BBCA,2020-09-15,Harga Selisih
BBCA,2020-09-16,Harga Selisih
BBCA,2020-09-17,Harga Selisih
BBCA,2020-09-18,Harga Selisih
BBCA,2020-09-21,Harga Selisih
BBCA,2020-09-22,Harga Selisih
BBCA,2020-09-23,Harga Selisih
BBCA,2020-09-24,Harga Selisih
BBCA,2020-09-25,Harga Selisih
BBCA,2020-09-28,Harga Selisih
BBCA,2020-09-29,Harga Selisih
BBCA,2020-09-30,Harga Selisih
BBCA,2020-10-01,Harga Selisih
BBCA,2020-10-02,Harga Selisih
BBCA,2020-10-05,Harga Selisih
BBCA,2020-10-06,Harga Selisih
BBCA,2020-10-07,Harga Selisih
BBCA,2020-10-08,Harga Selisih
BBCA,2020-10-09,Harga Selisih
BBCA,2020-10-12,Harga Selisih
BBCA,2020-10-13,Harga Selisih
BBCA,2020-10-14,Harga Selisih
BBCA,2020-10-15,Harga Selisih
BBCA,2020-10-16,Harga Selisih
BBCA,2020-10-19,Harga Selisih
BBCA,2020-10-20,Harga Selisih
BBCA,2020-10-21,Harga Selisih
BBCA,2020-10-22,Harga Selisih
BBCA,2020-10-23,Harga Selisih
BBCA,2020-10-26,Harga Selisih
BBCA,2020-10-27,Harga Selisih
BBCA,2020-11-02,Harga Selisih
BBCA,2020-11-03,Harga Selisih
BBCA,2020-11-04,Harga Selisih
BBCA,2020-11-05,Harga Selisih
BBCA,2020-11-06,Harga Selisih
BBCA,2020-11-09,Harga Selisih
BBCA,2020-11-10,Harga Selisih
BBCA,2020-11-11,Harga Selisih
BBCA,2020-11-12,Harga Selisih
BBCA,2020-11-13,Harga Selisih
BBCA,2020-11-16,Harga Selisih
BBCA,2020-11-17,Harga Selisih
BBCA,2020-11-18,Harga Selisih
BBCA,2020-11-19,Harga Selisih
BBCA,2020-11-20,Harga Selisih
BBCA,2020-11-23,Harga Selisih
BBCA,2020-11-24,Harga Selisih
BBCA,2020-11-25,Harga Selisih
BBCA,2020-11-26,Harga Selisih
BBCA,2020-11-27,Harga Selisih
BBCA,2020-11-30,Harga Selisih
BBCA,2020-12-01,Harga Selisih
BBCA,2020-12-02,Harga Selisih
BBCA,2020-12-03,Harga Selisih
BBCA,2020-12-04,Harga Selisih
BBCA,2020-12-07,Harga Selisih
BBCA,2020-12-08,Harga Selisih
BBCA,2020-12-10,Harga Selisih
BBCA,2020-12-11,Harga Selisih
BBCA,2020-12-14,Harga Selisih
BBCA,2020-12-15,Harga Selisih
BBCA,2020-12-16,Harga Selisih
BBCA,2020-12-17,Harga Selisih
BBCA,2020-12-18,Harga Selisih
BBCA,2020-12-21,Harga Selisih
BBCA,2020-12-22,Harga Selisih
BBCA,2020-12-23,Harga Selisih
BBCA,2020-12-28,Harga Selisih
BBCA,2020-12-29,Harga Selisih
BBCA,2020-12-30,Harga Selisih
BBCA,2021-01-04,Harga Selisih
BBCA,2021-01-05,Harga Selisih
BBCA,2021-01-06,Harga Selisih
BBCA,2021-01-07,Harga Selisih
BBCA,2021-01-08,Harga Selisih
BBCA,2021-01-11,Harga Selisih
BBCA,2021-01-12,Harga Selisih
BBCA,2021-01-13,Harga Selisih
BBCA,2021-01-14,Harga Selisih
BBCA,2021-01-15,Harga Selisih
BBCA,2021-01-18,Harga Selisih
BBCA,2021-01-19,Harga Selisih
BBCA,2021-01-20,Harga Selisih
BBCA,2021-01-21,Harga Selisih
BBCA,2021-01-22,Harga Selisih
BBCA,2021-01-25,Harga Selisih
BBCA,2021-01-26,Harga Selisih
BBCA,2021-01-27,Harga Selisih
BBCA,2021-01-28,Harga Selisih
BBCA,2021-01-29,Harga Selisih
BBCA,2021-02-01,Harga Selisih
BBCA,2021-02-02,Harga Selisih
BBCA,2021-02-03,Harga Selisih
BBCA,2021-02-04,Harga Selisih
BBCA,2021-02-05,Harga Selisih
BBCA,2021-02-08,Harga Selisih
BBCA,2021-02-09,Harga Selisih
BBCA,2021-02-10,Harga Selisih
BBCA,2021-02-11,Harga Selisih
BBCA,2021-02-15,Harga Selisih
BBCA,2021-02-16,Harga Selisih
BBCA,2021-02-17,Harga Selisih
BBCA,2021-02-18,Harga Selisih
BBCA,2021-02-19,Harga Selisih
BBCA,2021-02-22,Harga Selisih
BBCA,2021-02-23,Harga Selisih
BBCA,2021-02-24,Harga Selisih
BBCA,2021-02-25,Harga Selisih
BBCA,2021-02-26,Harga Selisih
BBCA,2021-03-01,Harga Selisih
BBCA,2021-03-02,Harga Selisih
BBCA,2021-03-03,Harga Selisih
BBCA,2021-03-04,Harga Selisih
BBCA,2021-03-05,Harga Selisih
BBCA,2021-03-08,Harga Selisih
BBCA,2021-03-09,Harga Selisih
BBCA,2021-03-10,Harga Selisih
BBCA,2021-03-12,Harga Selisih
BBCA,2021-03-15,Harga Selisih
BBCA,2021-03-16,Harga Selisih
BBCA,2021-03-17,Harga Selisih
BBCA,2021-03-18,Harga Selisih
BBCA,2021-03-19,Harga Selisih
BBCA,2021-03-22,Harga Selisih
BBCA,2021-03-23,Harga Selisih
BBCA,2021-03-24,Harga Selisih
BBCA,2021-03-25,Harga Selisih
BBCA,2021-03-26,Harga Selisih
BBCA,2021-03-29,Harga Selisih
BBCA,2021-03-30,Harga Selisih
BBCA,2021-03-31,Harga Selisih
BBCA,2021-04-01,Harga Selisih
BBCA,2021-04-05,Harga Selisih
BBCA,2021-04-06,Harga Selisih
BBCA,2021-04-07,Harga Selisih
BBCA,2021-04-08,Harga Selisih
BBCA,2021-04-09,Harga Selisih
BBCA,2021-04-12,Harga Selisih
BBCA,2021-04-13,Harga Selisih
BBCA,2021-04-14,Harga Selisih
BBCA,2021-04-15,Harga Selisih
BBCA,2021-04-16,Harga Selisih
BBCA,2021-04-19,Harga Selisih
BBCA,2021-04-20,Harga Selisih
BBCA,2021-04-21,Harga Selisih
BBCA,2021-04-22,Harga Selisih
BBCA,2021-04-23,Harga Selisih
BBCA,2021-04-26,Harga Selisih
BBCA,2021-04-27,Harga Selisih
BBCA,2021-04-28,Harga Selisih
BBCA,2021-04-29,Harga Selisih
BBCA,2021-04-30,Harga Selisih
BBCA,2021-05-03,Harga Selisih
BBCA,2021-05-04,Harga Selisih
BBCA,2021-05-05,Harga Selisih
BBCA,2021-05-06,Harga Selisih
BBCA,2021-05-07,Harga Selisih
BBCA,2021-05-10,Harga Selisih
BBCA,2021-05-11,Harga Selisih
BBCA,2021-05-17,Harga Selisih
BBCA,2021-05-18,Harga Selisih
BBCA,2021-05-19,Harga Selisih
BBCA,2021-05-20,Harga Selisih
BBCA,2021-05-21,Harga Selisih
BBCA,2021-05-24,Harga Selisih
BBCA,2021-05-25,Harga Selisih
BBCA,2021-05-27,Harga Selisih
BBCA,2021-05-28,Harga Selisih
BBCA,2021-05-31,Harga Selisih
BBCA,2021-06-02,Harga Selisih
BBCA,2021-06-03,Harga Selisih
BBCA,2021-06-04,Harga Selisih
BBCA,2021-06-07,Harga Selisih
BBCA,2021-06-08,Harga Selisih
BBCA,2021-06-09,Harga Selisih
BBCA,2021-06-10,Harga Selisih
BBCA,2021-06-11,Harga Selisih
BBCA,2021-06-14,Harga Selisih
BBCA,2021-06-15,Harga Selisih
BBCA,2021-06-16,Harga Selisih
BBCA,2021-06-17,Harga Selisih
BBCA,2021-06-18,Harga Selisih
BBCA,2021-06-21,Harga Selisih
BBCA,2021-06-22,Harga Selisih
BBCA,2021-06-23,Harga Selisih
BBCA,2021-06-24,Harga Selisih
BBCA,2021-06-25,Harga Selisih
BBCA,2021-06-28,Harga Selisih
BBCA,2021-06-29,Harga Selisih
BBCA,2021-06-30,Harga Selisih
BBCA,2021-07-01,Harga Selisih
BBCA,2021-07-02,Harga Selisih
BBCA,2021-07-05,Harga Selisih
BBCA,2021-07-06,Harga Selisih
BBCA,2021-07-07,Harga Selisih
BBCA,2021-07-08,Harga Selisih
BBCA,2021-07-09,Harga Selisih
BBCA,2021-07-12,Harga Selisih
BBCA,2021-07-13,Harga Selisih
BBCA,2021-07-14,Harga Selisih
BBCA,2021-07-15,Harga Selisih
BBCA,2021-07-16,Harga Selisih
BBCA,2021-07-19,Harga Selisih
BBCA,2021-07-21,Harga Selisih
BBCA,2021-07-22,Harga Selisih
BBCA,2021-07-23,Harga Selisih
BBCA,2021-07-26,Harga Selisih
BBCA,2021-07-27,Harga Selisih
BBCA,2021-07-28,Harga Selisih
BBCA,2021-07-29,Harga Selisih
BBCA,2021-07-30,Harga Selisih
BBCA,2021-08-02,Harga Selisih
BBCA,2021-08-03,Harga Selisih
BBCA,2021-08-04,Harga Selisih
BBCA,2021-08-05,Harga Selisih
BBCA,2021-08-06,Harga Selisih
BBCA,2021-08-09,Harga Selisih
BBCA,2021-08-10,Harga Selisih
BBCA,2021-08-12,Harga Selisih
BBCA,2021-08-13,Harga Selisih
BBCA,2021-08-16,Harga Selisih
BBCA,2021-08-18,Harga Selisih
BBCA,2021-08-19,Harga Selisih
BBCA,2021-08-20,Harga Selisih
BBCA,2021-08-23,Harga Selisih
BBCA,2021-08-24,Harga Selisih
BBCA,2021-08-25,Harga Selisih
BBCA,2021-08-26,Harga Selisih
BBCA,2021-08-27,Harga Selisih
BBCA,2021-08-30,Harga Selisih
BBCA,2021-08-31,Harga Selisih
BBCA,2021-09-01,Harga Selisih
BBCA,2021-09-02,Harga Selisih
BBCA,2021-09-03,Harga Selisih
BBCA,2021-09-06,Harga Selisih
BBCA,2021-09-07,Harga Selisih
BBCA,2021-09-08,Harga Selisih
BBCA,2021-09-09,Harga Selisih
BBCA,2021-09-10,Harga Selisih
BBCA,2021-09-13,Harga Selisih
BBCA,2021-09-14,Harga Selisih
BBCA,2021-09-15,Harga Selisih
BBCA,2021-09-16,Harga Selisih
BBCA,2021-09-17,Harga Selisih
BBCA,2021-09-20,Harga Selisih
BBCA,2021-09-21,Harga Selisih
BBCA,2021-09-22,Harga Selisih
BBCA,2021-09-23,Harga Selisih
BBCA,2021-09-24,Harga Selisih
BBCA,2021-09-27,Harga Selisih
BBCA,2021-09-28,Harga Selisih
BBCA,2021-09-29,Harga Selisih
BBCA,2021-09-30,Harga Selisih
BBCA,2021-10-01,Harga Selisih
BBCA,2021-10-04,Harga Selisih
BBCA,2021-10-05,Harga Selisih
BBCA,2021-10-06,Harga Selisih
BBCA,2021-10-07,Harga Selisih
BBCA,2021-10-08,Harga Selisih
BBCA,2021-10-11,Harga Selisih
BBCA,2021-10-12,Harga Selisih
BBCA,2021-10-13,Harga Selisih
BBCA,2021-10-14,Harga Selisih
BBCA,2021-10-15,Harga Selisih
BBCA,2021-10-18,Harga Selisih
BBCA,2021-10-19,Harga Selisih
BBCA,2021-10-21,Harga Selisih
BBCA,2021-10-22,Harga Selisih
BBCA,2021-10-25,Harga Selisih
BBCA,2021-10-26,Harga Selisih
BBCA,2021-10-27,Harga Selisih
BBCA,2021-10-28,Harga Selisih
BBCA,2021-10-29,Harga Selisih
BBCA,2021-11-01,Harga Selisih
BBCA,2021-11-02,Harga Selisih
BBCA,2021-11-03,Harga Selisih
BBCA,2021-11-04,Harga Selisih
BBCA,2021-11-05,Harga Selisih
BBCA,2021-11-08,Harga Selisih
BBCA,2021-11-09,Harga Selisih
BBCA,2021-11-10,Harga Selisih
BBCA,2021-11-11,Harga Selisih
BBCA,2021-11-12,Harga Selisih
BBCA,2021-11-15,Harga Selisih
BBCA,2021-11-16,Harga Selisih
BBCA,2021-11-17,Harga Selisih
BBCA,2021-11-18,Harga Selisih
BBCA,2021-11-19,Harga Selisih
BBCA,2021-11-22,Harga Selisih
BBCA,2021-11-23,Harga Selisih
BBCA,2021-11-24,Harga Selisih
BBCA,2021-11-25,Harga Selisih
BBCA,2021-11-26,Harga Selisih
BBCA,2021-11-29,Harga Selisih
BBCA,2021-11-30,Harga Selisih
BBCA,2021-12-01,Harga Selisih
BBCA,2021-12-02,Harga Selisih
BBCA,2021-12-03,Harga Selisih
BBCA,2021-12-06,Harga Selisih
BBCA,2021-12-07,Harga Selisih
BBCA,2021-12-08,Harga Selisih
BBCA,2021-12-09,Harga Selisih
BBCA,2021-12-10,Harga Selisih
BBCA,2021-12-13,Harga Selisih
BBCA,2021-12-14,Harga Selisih
BBCA,2021-12-15,Harga Selisih
BBCA,2021-12-16,Harga Selisih
BBCA,2021-12-17,Harga Selisih
BBCA,2021-12-20,Harga Selisih
BBCA,2021-12-21,Harga Selisih
BBCA,2021-12-22,Harga Selisih
BBCA,2021-12-23,Harga Selisih
BBCA,2021-12-24,Harga Selisih
BBCA,2021-12-27,Harga Selisih
BBCA,2021-12-28,Harga Selisih
BBCA,2021-12-29,Harga Selisih
BBCA,2021-12-30,Harga Selisih
BBCA,2022-01-03,Harga Selisih
BBCA,2022-01-04,Harga Selisih
BBCA,2022-01-05,Harga Selisih
BBCA,2022-01-06,Harga Selisih
BBCA,2022-01-07,Harga Selisih
BBCA,2022-01-10,Harga Selisih
BBCA,2022-01-11,Harga Selisih
BBCA,2022-01-12,Harga Selisih
BBCA,2022-01-13,Harga Selisih
BBCA,2022-01-14,Harga Selisih
BBCA,2022-01-17,Harga Selisih
BBCA,2022-01-18,Harga Selisih
BBCA,2022-01-19,Harga Selisih
BBCA,2022-01-20,Harga Selisih
BBCA,2022-01-21,Harga Selisih
BBCA,2022-01-24,Harga Selisih
BBCA,2022-01-25,Harga Selisih
BBCA,2022-01-26,Harga Selisih
BBCA,2022-01-27,Harga Selisih
BBCA,2022-01-28,Harga Selisih
BBCA,2022-01-31,Harga Selisih
BBCA,2022-02-02,Harga Selisih
BBCA,2022-02-03,Harga Selisih
BBCA,2022-02-04,Harga Selisih
BBCA,2022-02-07,Harga Selisih
BBCA,2022-02-08,Harga Selisih
BBCA,2022-02-09,Harga Selisih
BBCA,2022-02-10,Harga Selisih
BBCA,2022-02-11,Harga Selisih
BBCA,2022-02-14,Harga Selisih
BBCA,2022-02-15,Harga Selisih
BBCA,2022-02-16,Harga Selisih
BBCA,2022-02-17,Harga Selisih
BBCA,2022-02-18,Harga Selisih
BBCA,2022-02-21,Harga Selisih
BBCA,2022-02-22,Harga Selisih
BBCA,2022-02-23,Harga Selisih
BBCA,2022-02-24,Harga Selisih
BBCA,2022-02-25,Harga Selisih
BBCA,2022-03-01,Harga Selisih
BBCA,2022-03-02,Harga Selisih
BBCA,2022-03-04,Harga Selisih
BBCA,2022-03-07,Harga Selisih
BBCA,2022-03-08,Harga Selisih
BBCA,2022-03-09,Harga Selisih
BBCA,2022-03-10,Harga Selisih
BBCA,2022-03-11,Harga Selisih
BBCA,2022-03-14,Harga Selisih
BBCA,2022-03-15,Harga Selisih
BBCA,2022-03-16,Harga Selisih
BBCA,2022-03-17,Harga Selisih
BBCA,2022-03-18,Harga Selisih
BBCA,2022-03-21,Harga Selisih
BBCA,2022-03-22,Harga Selisih
BBCA,2022-03-23,Harga Selisih
BBCA,2022-03-24,Harga Selisih
BBCA,2022-03-25,Harga Selisih
BBCA,2022-03-28,Harga Selisih
BBCA,2022-03-29,Harga Selisih
BBCA,2022-03-30,Harga Selisih
BBCA,2022-03-31,Harga Selisih
BBCA,2022-04-01,Harga Selisih
BBCA,2022-04-04,Harga Selisih
BBCA,2022-04-05,Harga Selisih
BBCA,2022-04-06,Harga Selisih
BBCA,2022-04-07,Harga Selisih
BBCA,2022-04-08,Harga Selisih
BBCA,2022-04-11,Harga Selisih
BBCA,2022-04-12,Harga Selisih
BBCA,2022-04-13,Harga Selisih
BBCA,2022-04-14,Harga Selisih
BBCA,2022-04-18,Harga Selisih
BBCA,2022-04-19,Harga Selisih
BBCA,2022-04-20,Harga Selisih
BBCA,2022-04-21,Harga Selisih
BBCA,2022-04-22,Harga Selisih
BBCA,2022-04-25,Harga Selisih
BBCA,2022-04-26,Harga Selisih
BBCA,2022-04-27,Harga Selisih
BBCA,2022-04-28,Harga Selisih
BBCA,2022-05-09,Harga Selisih
BBCA,2022-05-10,Harga Selisih
BBCA,2022-05-11,Harga Selisih
BBCA,2022-05-12,Harga Selisih
BBCA,2022-05-13,Harga Selisih
BBCA,2022-05-17,Harga Selisih
BBCA,2022-05-18,Harga Selisih
BBCA,2022-05-19,Harga Selisih
BBCA,2022-05-20,Harga Selisih
BBCA,2022-05-23,Harga Selisih
BBCA,2022-05-24,Harga Selisih
BBCA,2022-05-25,Harga Selisih
BBCA,2022-05-27,Harga Selisih
BBCA,2022-05-30,Harga Selisih
BBCA,2022-05-31,Harga Selisih
BBCA,2022-06-02,Harga Selisih
BBCA,2022-06-03,Harga Selisih
BBCA,2022-06-06,Harga Selisih
BBCA,2022-06-07,Harga Selisih
BBCA,2022-06-08,Harga Selisih
BBCA,2022-06-09,Harga Selisih
BBCA,2022-06-10,Harga Selisih
BBCA,2022-06-13,Harga Selisih
BBCA,2022-06-14,Harga Selisih
BBCA,2022-06-15,Harga Selisih
BBCA,2022-06-16,Harga Selisih
BBCA,2022-06-17,Harga Selisih
BBCA,2022-06-20,Harga Selisih
BBCA,2022-06-21,Harga Selisih
BBCA,2022-06-22,Harga Selisih
BBCA,2022-06-23,Harga Selisih
BBCA,2022-06-24,Harga Selisih
BBCA,2022-06-27,Harga Selisih
BBCA,2022-06-28,Harga Selisih
BBCA,2022-06-29,Harga Selisih
BBCA,2022-06-30,Harga Selisih
BBCA,2022-07-01,Harga Selisih
BBCA,2022-07-04,Harga Selisih
BBCA,2022-07-05,Harga Selisih
BBCA,2022-07-06,Harga Selisih
BBCA,2022-07-07,Harga Selisih
BBCA,2022-07-08,Harga Selisih
BBCA,2022-07-11,Harga Selisih
BBCA,2022-07-12,Harga Selisih
BBCA,2022-07-13,Harga Selisih
BBCA,2022-07-14,Harga Selisih
BBCA,2022-07-15,Harga Selisih
BBCA,2022-07-18,Harga Selisih
BBCA,2022-07-19,Harga Selisih
BBCA,2022-07-20,Harga Selisih
BBCA,2022-07-21,Harga Selisih
BBCA,2022-07-22,Harga Selisih
BBCA,2022-07-25,Harga Selisih
BBCA,2022-07-26,Harga Selisih
BBCA,2022-07-27,Harga Selisih
BBCA,2022-07-28,Harga Selisih
BBCA,2022-07-29,Harga Selisih
BBCA,2022-08-01,Harga Selisih
BBCA,2022-08-02,Harga Selisih
BBCA,2022-08-03,Harga Selisih
BBCA,2022-08-04,Harga Selisih
BBCA,2022-08-05,Harga Selisih
BBCA,2022-08-08,Harga Selisih
BBCA,2022-08-09,Harga Selisih
BBCA,2022-08-10,Harga Selisih
BBCA,2022-08-11,Harga Selisih
BBCA,2022-08-12,Harga Selisih
BBCA,2022-08-15,Harga Selisih
BBCA,2022-08-16,Harga Selisih
BBCA,2022-08-18,Harga Selisih
BBCA,2022-08-19,Harga Selisih
BBCA,2022-08-22,Harga Selisih
BBCA,2022-08-23,Harga Selisih
BBCA,2022-08-24,Harga Selisih
BBCA,2022-08-25,Harga Selisih
BBCA,2022-08-26,Harga Selisih
BBCA,2022-08-29,Harga Selisih
BBCA,2022-08-30,Harga Selisih
BBCA,2022-08-31,Harga Selisih
BBCA,2022-09-01,Harga Selisih
BBCA,2022-09-02,Harga Selisih
BBCA,2022-09-05,Harga Selisih
BBCA,2022-09-06,Harga Selisih
BBCA,2022-09-07,Harga Selisih
BBCA,2022-09-08,Harga Selisih
BBCA,2022-09-09,Harga Selisih
BBCA,2022-09-12,Harga Selisih
BBCA,2022-09-13,Harga Selisih
BBCA,2022-09-14,Harga Selisih
BBCA,2022-09-15,Harga Selisih
BBCA,2022-09-16,Harga Selisih
BBCA,2022-09-19,Harga Selisih
BBCA,2022-09-20,Harga Selisih
BBCA,2022-09-21,Harga Selisih
BBCA,2022-09-22,Harga Selisih
BBCA,2022-09-23,Harga Selisih
BBCA,2022-09-26,Harga Selisih
BBCA,2022-09-27,Harga Selisih
BBCA,2022-09-28,Harga Selisih
BBCA,2022-09-29,Harga Selisih
BBCA,2022-09-30,Harga Selisih
BBCA,2022-10-03,Harga Selisih
BBCA,2022-10-04,Harga Selisih
BBCA,2022-10-05,Harga Selisih
BBCA,2022-10-06,Harga Selisih
BBCA,2022-10-07,Harga Selisih
BBCA,2022-10-10,Harga Selisih
BBCA,2022-10-11,Harga Selisih
BBCA,2022-10-12,Harga Selisih
BBCA,2022-10-13,Harga Selisih
BBCA,2022-10-14,Harga Selisih
BBCA,2022-10-17,Harga Selisih
BBCA,2022-10-18,Harga Selisih
BBCA,2022-10-19,Harga Selisih
BBCA,2022-10-20,Harga Selisih
BBCA,2022-10-21,Harga Selisih
BBCA,2022-10-24,Harga Selisih
BBCA,2022-10-25,Harga Selisih
BBCA,2022-10-26,Harga Selisih
BBCA,2022-10-27,Harga Selisih
BBCA,2022-10-28,Harga Selisih
BBCA,2022-10-31,Harga Selisih
BBCA,2022-11-01,Harga Selisih
BBCA,2022-11-02,Harga Selisih
BBCA,2022-11-03,Harga Selisih
BBCA,2022-11-04,Harga Selisih
BBCA,2022-11-07,Harga Selisih
BBCA,2022-11-08,Harga Selisih
BBCA,2022-11-09,Harga Selisih
BBCA,2022-11-10,Harga Selisih
BBCA,2022-11-11,Harga Selisih
BBCA,2022-11-14,Harga Selisih
BBCA,2022-11-15,Harga Selisih
BBCA,2022-11-16,Harga Selisih
BBCA,2022-11-17,Harga Selisih
BBCA,2022-11-18,Harga Selisih
BBCA,2022-11-21,Harga Selisih
BBCA,2022-11-22,Harga Selisih
BBCA,2022-11-23,Harga Selisih
BBCA,2022-11-24,Harga Selisih
BBCA,2022-11-25,Harga Selisih
BBCA,2022-11-28,Harga Selisih
BBCA,2022-11-29,Harga Selisih
BBCA,2022-11-30,Harga Selisih
BBCA,2022-12-01,Harga Selisih
BBCA,2022-12-02,Harga Selisih
BBCA,2022-12-05,Harga Selisih
BBCA,2022-12-06,Harga Selisih
BBCA,2022-12-07,Harga Selisih
BBCA,2022-12-08,Harga Selisih
BBCA,2022-12-09,Harga Selisih
BBCA,2022-12-12,Harga Selisih
BBCA,2022-12-13,Harga Selisih
BBCA,2022-12-14,Harga Selisih
BBCA,2022-12-15,Harga Selisih
BBCA,2022-12-16,Harga Selisih
BBCA,2022-12-19,Harga Selisih
BBCA,2022-12-20,Harga Selisih
BBCA,2022-12-21,Harga Selisih
BBCA,2022-12-22,Harga Selisih
BBCA,2022-12-23,Harga Selisih
BBCA,2022-12-26,Harga Selisih
BBCA,2022-12-27,Harga Selisih
BBCA,2022-12-28,Harga Selisih
BBCA,2022-12-29,Harga Selisih
BBCA,2022-12-30,Harga Selisih
BBCA,2023-01-02,Harga Selisih
BBCA,2023-01-03,Harga Selisih
BBCA,2023-01-04,Harga Selisih
BBCA,2023-01-05,Harga Selisih
BBCA,2023-01-06,Harga Selisih
BBCA,2023-01-09,Harga Selisih
BBCA,2023-01-10,Harga Selisih
BBCA,2023-01-11,Harga Selisih
BBCA,2023-01-12,Harga Selisih
BBCA,2023-01-13,Harga Selisih
BBCA,2023-01-16,Harga Selisih
BBCA,2023-01-17,Harga Selisih
BBCA,2023-01-18,Harga Selisih
BBCA,2023-01-19,Harga Selisih
BBCA,2023-01-20,Harga Selisih
BBCA,2023-01-24,Harga Selisih
BBCA,2023-01-25,Harga Selisih
BBCA,2023-01-26,Harga Selisih
BBCA,2023-01-27,Harga Selisih
BBCA,2023-01-30,Harga Selisih
BBCA,2023-01-31,Harga Selisih
BBCA,2023-02-01,Harga Selisih
BBCA,2023-02-02,Harga Selisih
BBCA,2023-02-03,Harga Selisih
BBCA,2023-02-06,Harga Selisih
BBCA,2023-02-07,Harga Selisih
BBCA,2023-02-08,Harga Selisih
BBCA,2023-02-09,Harga Selisih
BBCA,2023-02-10,Harga Selisih
BBCA,2023-02-13,Harga Selisih
BBCA,2023-02-14,Harga Selisih
BBCA,2023-02-15,Harga Selisih
BBCA,2023-02-16,Harga Selisih
BBCA,2023-02-17,Harga Selisih
BBCA,2023-02-20,Harga Selisih
BBCA,2023-02-21,Harga Selisih
BBCA,2023-02-22,Harga Selisih
BBCA,2023-02-23,Harga Selisih
BBCA,2023-02-24,Harga Selisih
BBCA,2023-02-27,Harga Selisih
BBCA,2023-02-28,Harga Selisih
BBCA,2023-03-01,Harga Selisih
BBCA,2023-03-02,Harga Selisih
BBCA,2023-03-03,Harga Selisih
BBCA,2023-03-06,Harga Selisih
BBCA,2023-03-07,Harga Selisih
BBCA,2023-03-08,Harga Selisih
BBCA,2023-03-09,Harga Selisih
BBCA,2023-03-10,Harga Selisih
BBCA,2023-03-13,Harga Selisih
BBCA,2023-03-14,Harga Selisih
BBCA,2023-03-15,Harga Selisih
BBCA,2023-03-16,Harga Selisih
BBCA,2023-03-17,Harga Selisih
BBCA,2023-03-20,Harga Selisih
BBCA,2023-03-21,Harga Selisih
BBCA,2023-03-24,Harga Selisih
BBCA,2023-03-27,Harga Selisih
BBCA,2023-03-28,Harga Selisih
BBCA,2023-03-29,Harga Selisih
BBCA,2023-03-30,Harga Selisih
BBCA,2023-03-31,Harga Selisih
BBCA,2023-04-03,Harga Selisih
BBCA,2023-04-04,Harga Selisih
BBCA,2023-04-05,Harga Selisih
BBCA,2023-04-06,Harga Selisih
BBCA,2023-04-10,Harga Selisih
BBCA,2023-04-11,Harga Selisih
BBCA,2023-04-12,Harga Selisih
BBCA,2023-04-13,Harga Selisih
BBCA,2023-04-14,Harga Selisih
BBCA,2023-04-17,Harga Selisih
BBCA,2023-04-18,Harga Selisih
BBCA,2023-04-26,Harga Selisih
BBCA,2023-04-27,Harga Selisih
BBCA,2023-04-28,Harga Selisih
BBCA,2023-05-02,Harga Selisih
BBCA,2023-05-03,Harga Selisih
BBCA,2023-05-04,Harga Selisih
BBCA,2023-05-05,Harga Selisih
BBCA,2023-05-08,Harga Selisih
BBCA,2023-05-09,Harga Selisih
BBCA,2023-05-10,Harga Selisih
BBCA,2023-05-11,Harga Selisih
BBCA,2023-05-12,Harga Selisih
BBCA,2023-05-15,Harga Selisih
BBCA,2023-05-16,Harga Selisih
BBCA,2023-05-17,Harga Selisih
BBCA,2023-05-19,Harga Selisih
BBCA,2023-05-22,Harga Selisih
BBCA,2023-05-23,Harga Selisih
BBCA,2023-05-24,Harga Selisih
BBCA,2023-05-25,Harga Selisih
BBCA,2023-05-26,Harga Selisih
BBCA,2023-05-29,Harga Selisih
BBCA,2023-05-30,Harga Selisih
BBCA,2023-05-31,Harga Selisih
BBCA,2023-06-05,Harga Selisih
BBCA,2023-06-06,Harga Selisih
BBCA,2023-06-07,Harga Selisih
BBCA,2023-06-08,Harga Selisih
BBCA,2023-06-09,Harga Selisih
BBCA,2023-06-12,Harga Selisih
BBCA,2023-06-13,Harga Selisih
BBCA,2023-06-14,Harga Selisih
BBCA,2023-06-15,Harga Selisih
BBCA,2023-06-16,Harga Selisih
BBCA,2023-06-19,Harga Selisih
BBCA,2023-06-20,Harga Selisih
BBCA,2023-06-21,Harga Selisih
BBCA,2023-06-22,Harga Selisih
BBCA,2023-06-23,Harga Selisih
BBCA,2023-06-26,Harga Selisih
BBCA,2023-06-27,Harga Selisih
BBCA,2023-07-03,Harga Selisih
BBCA,2023-07-04,Harga Selisih
BBCA,2023-07-05,Harga Selisih
BBCA,2023-07-06,Harga Selisih
BBCA,2023-07-07,Harga Selisih
BBCA,2023-07-10,Harga Selisih
BBCA,2023-07-11,Harga Selisih
BBCA,2023-07-12,Harga Selisih
BBCA,2023-07-13,Harga Selisih
BBCA,2023-07-14,Harga Selisih
BBCA,2023-07-17,Harga Selisih
BBCA,2023-07-18,Harga Selisih
BBCA,2023-07-20,Harga Selisih
BBCA,2023-07-21,Harga Selisih
BBCA,2023-07-24,Harga Selisih
BBCA,2023-07-25,Harga Selisih
BBCA,2023-07-26,Harga Selisih
BBCA,2023-07-27,Harga Selisih
BBCA,2023-07-28,Harga Selisih
BBCA,2023-07-31,Harga Selisih
BBCA,2023-08-01,Harga Selisih
BBCA,2023-08-02,Harga Selisih
BBCA,2023-08-03,Harga Selisih
BBCA,2023-08-04,Harga Selisih
BBCA,2023-08-07,Harga Selisih
BBCA,2023-08-08,Harga Selisih
BBCA,2023-08-09,Harga Selisih
BBCA,2023-08-10,Harga Selisih
BBCA,2023-08-11,Harga Selisih
BBCA,2023-08-14,Harga Selisih
BBCA,2023-08-15,Harga Selisih
BBCA,2023-08-16,Harga Selisih
BBCA,2023-08-18,Harga Selisih
BBCA,2023-08-21,Harga Selisih
BBCA,2023-08-22,Harga Selisih
BBCA,2023-08-23,Harga Selisih
BBCA,2023-08-24,Harga Selisih
BBCA,2023-08-25,Harga Selisih
BBCA,2023-08-28,Harga Selisih
BBCA,2023-08-29,Harga Selisih
BBCA,2023-08-30,Harga Selisih
BBCA,2023-08-31,Harga Selisih
BBCA,2023-09-01,Harga Selisih
BBCA,2023-09-04,Harga Selisih
BBCA,2023-09-05,Harga Selisih
BBCA,2023-09-06,Harga Selisih
BBCA,2023-09-07,Harga Selisih
BBCA,2023-09-08,Harga Selisih
BBCA,2023-09-11,Harga Selisih
BBCA,2023-09-12,Harga Selisih
BBCA,2023-09-13,Harga Selisih
BBCA,2023-09-14,Harga Selisih
BBCA,2023-09-15,Harga Selisih
BBCA,2023-09-18,Harga Selisih
BBCA,2023-09-19,Harga Selisih
BBCA,2023-09-20,Harga Selisih
BBCA,2023-09-21,Harga Selisih
BBCA,2023-09-22,Harga Selisih
BBCA,2023-09-25,Harga Selisih
BBCA,2023-09-26,Harga Selisih
BBCA,2023-09-27,Harga Selisih
BBCA,2023-09-29,Harga Selisih
BBCA,2023-10-02,Harga Selisih
BBCA,2023-10-03,Harga Selisih
BBCA,2023-10-04,Harga Selisih
BBCA,2023-10-05,Harga Selisih
BBCA,2023-10-06,Harga Selisih
BBCA,2023-10-09,Harga Selisih
BBCA,2023-10-10,Harga Selisih
BBCA,2023-10-11,Harga Selisih
BBCA,2023-10-12,Harga Selisih
BBCA,2023-10-13,Harga Selisih
BBCA,2023-10-16,Harga Selisih
BBCA,2023-10-17,Harga Selisih
BBCA,2023-10-18,Harga Selisih
BBCA,2023-10-19,Harga Selisih
BBCA,2023-10-20,Harga Selisih
BBCA,2023-10-23,Harga Selisih
BBCA,2023-10-24,Harga Selisih
BBCA,2023-10-25,Harga Selisih
BBCA,2023-10-26,Harga Selisih
BBCA,2023-10-27,Harga Selisih
BBCA,2023-10-30,Harga Selisih
BBCA,2023-10-31,Harga Selisih
BBCA,2023-11-01,Harga Selisih
BBCA,2023-11-02,Harga Selisih
BBCA,2023-11-03,Harga Selisih
BBCA,2023-11-06,Harga Selisih
BBCA,2023-11-07,Harga Selisih
BBCA,2023-11-08,Harga Selisih
BBCA,2023-11-09,Harga Selisih
BBCA,2023-11-10,Harga Selisih
BBCA,2023-11-13,Harga Selisih
BBCA,2023-11-14,Harga Selisih
BBCA,2023-11-15,Harga Selisih
BBCA,2023-11-16,Harga Selisih
BBCA,2023-11-17,Harga Selisih
BBCA,2023-11-20,Harga Selisih
BBCA,2023-11-21,Harga Selisih
BBCA,2023-11-22,Harga Selisih
BBCA,2023-11-23,Harga Selisih
BBCA,2023-11-24,Harga Selisih
BBCA,2023-11-27,Harga Selisih
BBCA,2023-11-28,Harga Selisih
BBCA,2023-11-29,Harga Selisih
BBCA,2023-11-30,Harga Selisih
BBCA,2023-12-01,Harga Selisih
BBCA,2023-12-04,Harga Selisih
BBCA,2023-12-05,Harga Selisih
BBCA,2023-12-06,Harga Selisih
BBCA,2023-12-07,Harga Selisih
BBCA,2023-12-08,Harga Selisih
BBCA,2023-12-11,Harga Selisih
BBCA,2023-12-12,Harga Selisih
BBCA,2023-12-13,Harga Selisih
BBCA,2023-12-14,Harga Selisih
BBCA,2023-12-15,Harga Selisih
BBCA,2023-12-18,Harga Selisih
BBCA,2023-12-19,Harga Selisih
BBCA,2023-12-20,Harga Selisih
BBCA,2023-12-21,Harga Selisih
BBCA,2023-12-22,Harga Selisih
BBHI,2019-12-26,Harga Selisih
BBHI,2019-12-27,Harga Selisih
BBHI,2019-12-30,Harga Selisih
BBHI,2020-01-02,Harga Selisih
BBHI,2020-01-03,Harga Selisih
BBHI,2020-01-06,Harga Selisih
BBHI,2020-01-07,Harga Selisih
BBHI,2020-01-08,Harga Selisih
BBHI,2020-01-09,Harga Selisih
BBHI,2020-01-10,Harga Selisih
BBHI,2020-01-13,Harga Selisih
BBHI,2020-01-14,Harga Selisih
BBHI,2020-01-15,Harga Selisih
BBHI,2020-01-16,Harga Selisih
BBHI,2020-01-17,Harga Selisih
BBHI,2020-01-20,Harga Selisih
BBHI,2020-01-21,Harga Selisih
BBHI,2020-01-22,Harga Selisih
BBHI,2020-01-23,Harga Selisih
BBHI,2020-01-24,Harga Selisih
BBHI,2020-01-27,Harga Selisih
BBHI,2020-01-28,Harga Selisih
BBHI,2020-01-29,Harga Selisih
BBHI,2020-01-30,Harga Selisih
BBHI,2020-01-31,Harga Selisih
BBHI,2020-02-03,Harga Selisih
BBHI,2020-02-04,Harga Selisih
BBHI,2020-02-05,Harga Selisih
BBHI,2020-02-06,Harga Selisih
BBHI,2020-02-07,Harga Selisih
BBHI,2020-02-10,Harga Selisih
BBHI,2020-02-11,Harga Selisih
BBHI,2020-02-12,Harga Selisih
BBHI,2020-02-13,Harga Selisih
BBHI,2020-02-14,Harga Selisih
BBHI,2020-02-17,Harga Selisih
BBHI,2020-02-18,Harga Selisih
BBHI,2020-02-19,Harga Selisih
BBHI,2020-02-20,Harga Selisih
BBHI,2020-02-21,Harga Selisih
BBHI,2020-02-24,Harga Selisih
BBHI,2020-02-25,Harga Selisih
BBHI,2020-02-26,Harga Selisih
BBHI,2020-02-27,Harga Selisih
BBHI,2020-02-28,Harga Selisih
BBHI,2020-03-02,Harga Selisih
BBHI,2020-03-03,Harga Selisih
BBHI,2020-03-04,Harga Selisih
BBHI,2020-03-05,Harga Selisih
BBHI,2020-03-06,Harga Selisih
BBHI,2020-03-09,Harga Selisih
BBHI,2020-03-10,Harga Selisih
BBHI,2020-03-11,Harga Selisih
BBHI,2020-03-12,Harga Selisih
BBHI,2020-03-13,Harga Selisih
BBHI,2020-03-16,Harga Selisih
BBHI,2020-03-17,Harga Selisih
BBHI,2020-03-18,Harga Selisih
BBHI,2020-03-19,Harga Selisih
BBHI,2020-03-20,Harga Selisih
BBHI,2020-03-23,Harga Selisih
BBHI,2020-03-24,Harga Selisih
BBHI,2020-03-26,Harga Selisih
BBHI,2020-03-27,Harga Selisih
BBHI,2020-03-30,Harga Selisih
BBHI,2020-03-31,Harga Selisih
BBHI,2020-04-01,Harga Selisih
BBHI,2020-04-02,Harga Selisih
BBHI,2020-04-03,Harga Selisih
BBHI,2020-04-06,Harga Selisih
BBHI,2020-04-07,Harga Selisih
BBHI,2020-04-08,Harga Selisih
BBHI,2020-04-09,Harga Selisih
BBHI,2020-04-13,Harga Selisih
BBHI,2020-04-14,Harga Selisih
BBHI,2020-04-15,Harga Selisih
BBHI,2020-04-16,Harga Selisih
BBHI,2020-04-17,Harga Selisih
BBHI,2020-04-20,Harga Selisih
BBHI,2020-04-21,Harga Selisih
BBHI,2020-04-22,Harga Selisih
BBHI,2020-04-23,Harga Selisih
BBHI,2020-04-24,Harga Selisih
BBHI,2020-04-27,Harga Selisih
BBHI,2020-04-28,Harga Selisih
BBHI,2020-04-29,Harga Selisih
BBHI,2020-04-30,Harga Selisih
BBHI,2020-05-04,Harga Selisih
BBHI,2020-05-05,Harga Selisih
BBHI,2020-05-06,Harga Selisih
BBHI,2020-05-08,Harga Selisih
BBHI,2020-05-11,Harga Selisih
BBHI,2020-05-12,Harga Selisih
BBHI,2020-05-13,Harga Selisih
BBHI,2020-05-14,Harga Selisih
BBHI,2020-05-15,Harga Selisih
BBHI,2020-05-18,Harga Selisih
BBHI,2020-05-19,Harga Selisih
BBHI,2020-05-20,Harga Selisih
BBHI,2020-05-26,Harga Selisih
BBHI,2020-05-27,Harga Selisih
BBHI,2020-05-28,Harga Selisih
BBHI,2020-05-29,Harga Selisih
BBHI,2020-06-02,Harga Selisih
BBHI,2020-06-03,Harga Selisih
BBHI,2020-06-04,Harga Selisih
BBHI,2020-06-05,Harga Selisih
BBHI,2020-06-08,Harga Selisih
BBHI,2020-06-09,Harga Selisih
BBHI,2020-06-10,Harga Selisih
BBHI,2020-06-11,Harga Selisih
BBHI,2020-06-12,Harga Selisih
BBHI,2020-06-15,Harga Selisih
BBHI,2020-06-16,Harga Selisih
BBHI,2020-06-17,Harga Selisih
BBHI,2020-06-18,Harga Selisih
BBHI,2020-06-19,Harga Selisih
BBHI,2020-06-22,Harga Selisih
BBHI,2020-06-23,Harga Selisih
BBHI,2020-06-24,Harga Selisih
BBHI,2020-06-25,Harga Selisih
BBHI,2020-06-26,Harga Selisih
BBHI,2020-06-29,Harga Selisih
BBHI,2020-06-30,Harga Selisih
BBHI,2020-07-01,Harga Selisih
BBHI,2020-07-02,Harga Selisih
BBHI,2020-07-03,Harga Selisih
BBHI,2020-07-06,Harga Selisih
BBHI,2020-07-07,Harga Selisih
BBHI,2020-07-08,Harga Selisih
BBHI,2020-07-09,Harga Selisih
BBHI,2020-07-10,Harga Selisih
BBHI,2020-07-13,Harga Selisih
BBHI,2020-07-14,Harga Selisih
BBHI,2020-07-15,Harga Selisih
BBHI,2020-07-16,Harga Selisih
BBHI,2020-07-17,Harga Selisih
BBHI,2020-07-20,Harga Selisih
BBHI,2020-07-21,Harga Selisih
BBHI,2020-07-22,Harga Selisih
BBHI,2020-07-23,Harga Selisih
BBHI,2020-07-24,Harga Selisih
BBHI,2020-07-27,Harga Selisih
BBHI,2020-07-28,Harga Selisih
BBHI,2020-07-29,Harga Selisih
BBHI,2020-07-30,Harga Selisih
BBHI,2020-08-03,Harga Selisih
BBHI,2020-08-04,Harga Selisih
BBHI,2020-08-05,Harga Selisih
BBHI,2020-08-06,Harga Selisih
BBHI,2020-08-07,Harga Selisih
BBHI,2020-08-10,Harga Selisih
BBHI,2020-08-11,Harga Selisih
BBHI,2020-08-12,Harga Selisih
BBHI,2020-08-13,Harga Selisih
BBHI,2020-08-14,Harga Selisih
BBHI,2020-08-18,Harga Selisih
BBHI,2020-08-19,Harga Selisih
BBHI,2020-08-24,Harga Selisih
BBHI,2020-08-25,Harga Selisih
BBHI,2020-08-26,Harga Selisih
BBHI,2020-08-27,Harga Selisih
BBHI,2020-08-28,Harga Selisih
BBHI,2020-08-31,Harga Selisih
BBHI,2020-09-01,Harga Selisih
BBHI,2020-09-02,Harga Selisih
BBHI,2020-09-03,Harga Selisih
BBHI,2020-09-04,Harga Selisih
BBHI,2020-09-07,Harga Selisih
BBHI,2020-09-08,Harga Selisih
BBHI,2020-09-09,Harga Selisih
BBHI,2020-09-10,Harga Selisih
BBHI,2020-09-11,Harga Selisih
BBHI,2020-09-14,Harga Selisih
BBHI,2020-09-15,Harga Selisih
BBHI,2020-09-16,Harga Selisih
BBHI,2020-09-17,Harga Selisih
BBHI,2020-09-18,Harga Selisih
BBHI,2020-09-21,Harga Selisih
BBHI,2020-09-22,Harga Selisih
BBHI,2020-09-23,Harga Selisih
BBHI,2020-09-24,Harga Selisih
BBHI,2020-09-25,Harga Selisih
BBHI,2020-09-28,Harga Selisih
BBHI,2020-09-29,Harga Selisih
BBHI,2020-09-30,Harga Selisih
BBHI,2020-10-01,Harga Selisih
BBHI,2020-10-02,Harga Selisih
BBHI,2020-10-05,Harga Selisih
BBHI,2020-10-06,Harga Selisih
BBHI,2020-10-07,Harga Selisih
BBHI,2020-10-08,Harga Selisih
BBHI,2020-10-09,Harga Selisih
BBHI,2020-10-12,Harga Selisih
BBHI,2020-10-13,Harga Selisih
BBHI,2020-10-14,Harga Selisih
BBHI,2020-10-15,Harga Selisih
BBHI,2020-10-16,Harga Selisih
BBHI,2020-10-19,Harga Selisih
BBHI,2020-10-20,Harga Selisih
BBHI,2020-10-21,Harga Selisih
BBHI,2020-10-22,Harga Selisih
BBHI,2020-10-23,Harga Selisih
BBHI,2020-10-26,Harga Selisih
BBHI,2020-10-27,Harga Selisih
BBHI,2020-11-02,Harga Selisih
BBHI,2020-11-03,Harga Selisih
BBHI,2020-11-04,Harga Selisih
BBHI,2020-11-05,Harga Selisih
BBHI,2020-11-06,Harga Selisih
BBHI,2020-11-09,Harga Selisih
BBHI,2020-11-10,Harga Selisih
BBHI,2020-11-11,Harga Selisih
BBHI,2020-11-12,Harga Selisih
BBHI,2020-11-13,Harga Selisih
BBHI,2020-11-16,Harga Selisih
BBHI,2020-11-17,Harga Selisih
BBHI,2020-11-18,Harga Selisih
BBHI,2020-11-19,Harga Selisih
BBHI,2020-11-20,Harga Selisih
BBHI,2020-11-23,Harga Selisih
BBHI,2020-11-24,Harga Selisih
BBHI,2020-11-25,Harga Selisih
BBHI,2020-11-26,Harga Selisih
BBHI,2020-11-27,Harga Selisih
BBHI,2020-11-30,Harga Selisih
BBHI,2020-12-01,Harga Selisih
BBHI,2020-12-02,Harga Selisih
BBHI,2020-12-03,Harga Selisih
BBHI,2020-12-04,Harga Selisih
BBHI,2020-12-07,Harga Selisih
BBHI,2020-12-08,Harga Selisih
BBHI,2020-12-10,Harga Selisih
BBHI,2020-12-11,Harga Selisih
BBHI,2020-12-14,Harga Selisih
BBHI,2020-12-15,Harga Selisih
BBHI,2020-12-16,Harga Selisih
BBHI,2020-12-17,Harga Selisih
BBHI,2020-12-18,Harga Selisih
BBHI,2020-12-21,Harga Selisih
BBHI,2020-12-22,Harga Selisih
BBHI,2020-12-23,Harga Selisih
BBHI,2020-12-28,Harga Selisih
BBHI,2020-12-29,Harga Selisih
BBHI,2020-12-30,Harga Selisih
BBHI,2021-01-04,Harga Selisih
BBHI,2021-01-05,Harga Selisih
BBHI,2021-01-06,Harga Selisih
BBHI,2021-01-07,Harga Selisih
BBHI,2021-01-08,Harga Selisih
BBHI,2021-01-11,Harga Selisih
BBHI,2021-01-12,Harga Selisih
BBHI,2021-01-13,Harga Selisih
BBHI,2021-01-14,Harga Selisih
BBHI,2021-01-15,Harga Selisih
BBHI,2021-01-18,Harga Selisih
BBHI,2021-01-19,Harga Selisih
BBHI,2021-01-20,Harga Selisih
BBHI,2021-01-21,Harga Selisih
BBHI,2021-01-22,Harga Selisih
BBHI,2021-01-25,Harga Selisih
BBHI,2021-01-26,Harga Selisih
BBHI,2021-01-27,Harga Selisih
BBHI,2021-01-28,Harga Selisih
BBHI,2021-01-29,Harga Selisih
BBHI,2021-02-01,Harga Selisih
BBHI,2021-02-02,Harga Selisih
BBHI,2021-02-03,Harga Selisih
BBHI,2021-02-04,Harga Selisih
BBHI,2021-02-05,Harga Selisih
BBHI,2021-02-08,Harga Selisih
BBHI,2021-02-09,Harga Selisih
BBHI,2021-02-10,Harga Selisih
BBHI,2021-02-11,Harga Selisih
BBHI,2021-02-15,Harga Selisih
BBHI,2021-02-16,Harga Selisih
BBHI,2021-02-17,Harga Selisih
BBHI,2021-02-18,Harga Selisih
BBHI,2021-02-19,Harga Selisih
BBHI,2021-02-22,Harga Selisih
BBHI,2021-02-23,Harga Selisih
BBHI,2021-02-24,Harga Selisih
BBHI,2021-02-25,Harga Selisih
BBHI,2021-02-26,Harga Selisih
BBHI,2021-03-01,Harga Selisih
BBHI,2021-03-02,Harga Selisih
BBHI,2021-03-03,Harga Selisih
BBHI,2021-03-04,Harga Selisih
BBHI,2021-03-05,Harga Selisih
BBHI,2021-03-08,Harga Selisih
BBHI,2021-03-09,Harga Selisih
BBHI,2021-03-10,Harga Selisih
BBHI,2021-03-12,Harga Selisih
BBHI,2021-03-15,Harga Selisih
BBHI,2021-03-16,Harga Selisih
BBHI,2021-03-17,Harga Selisih
BBHI,2021-03-18,Harga Selisih
BBHI,2021-03-19,Harga Selisih
BBHI,2021-03-22,Harga Selisih
BBHI,2021-03-23,Harga Selisih
BBHI,2021-03-24,Harga Selisih
BBHI,2021-03-25,Harga Selisih
BBHI,2021-03-26,Harga Selisih
BBHI,2021-03-29,Harga Selisih
BBHI,2021-03-30,Harga Selisih
BBHI,2021-03-31,Harga Selisih
BBHI,2021-04-01,Harga Selisih
BBHI,2021-04-05,Harga Selisih
BBHI,2021-04-06,Harga Selisih
BBHI,2021-04-07,Harga Selisih
BBHI,2021-04-08,Harga Selisih
BBHI,2021-04-09,Harga Selisih
BBHI,2021-04-12,Harga Selisih
BBHI,2021-04-13,Harga Selisih
BBHI,2021-04-14,Harga Selisih
BBHI,2021-04-15,Harga Selisih
BBHI,2021-04-16,Harga Selisih
BBHI,2021-04-19,Harga Selisih
BBHI,2021-04-20,Harga Selisih
BBHI,2021-04-21,Harga Selisih
BBHI,2021-04-22,Harga Selisih
BBHI,2021-04-23,Harga Selisih
BBHI,2021-04-26,Harga Selisih
BBHI,2021-04-27,Harga Selisih
BBHI,2021-04-28,Harga Selisih
BBHI,2021-04-29,Harga Selisih
BBHI,2021-04-30,Harga Selisih
BBHI,2021-05-03,Harga Selisih
BBHI,2021-05-04,Harga Selisih
BBHI,2021-05-05,Harga Selisih
BBHI,2021-05-06,Harga Selisih
BBHI,2021-05-07,Harga Selisih
BBHI,2021-05-10,Harga Selisih
BBHI,2021-05-11,Harga Selisih
BBHI,2021-05-17,Harga Selisih
BBHI,2021-05-18,Harga Selisih
BBHI,2021-05-19,Harga Selisih
BBHI,2021-05-20,Harga Selisih
BBHI,2021-05-21,Harga Selisih
BBHI,2021-05-24,Harga Selisih
BBHI,2021-05-25,Harga Selisih
BBHI,2021-05-27,Harga Selisih
BBHI,2021-05-28,Harga Selisih
BBHI,2021-05-31,Harga Selisih
BBHI,2021-06-02,Harga Selisih
BBHI,2021-06-03,Harga Selisih
BBHI,2021-06-04,Harga Selisih
BBHI,2021-06-07,Harga Selisih
BBHI,2021-06-08,Harga Selisih
BBHI,2021-06-09,Harga Selisih
BBHI,2021-06-10,Harga Selisih
BBHI,2021-06-11,Harga Selisih
BBHI,2021-06-14,Harga Selisih
BBHI,2021-06-15,Harga Selisih
BBHI,2021-06-16,Harga Selisih
BBHI,2021-06-17,Harga Selisih
BBHI,2021-06-18,Harga Selisih
BBHI,2021-06-21,Harga Selisih
BBHI,2021-06-22,Harga Selisih
BBHI,2021-06-23,Harga Selisih
BBHI,2021-06-24,Harga Selisih
BBHI,2021-06-25,Harga Selisih
BBHI,2021-06-28,Harga Selisih
BBHI,2021-06-29,Harga Selisih
BBHI,2021-06-30,Harga Selisih
BBHI,2021-07-01,Harga Selisih
BBHI,2021-07-02,Harga Selisih
BBHI,2021-07-05,Harga Selisih
BBHI,2021-07-06,Harga Selisih
BBHI,2021-07-07,Harga Selisih
BBHI,2021-07-08,Harga Selisih
BBHI,2021-07-09,Harga Selisih
BBHI,2021-07-12,Harga Selisih
BBHI,2021-07-13,Harga Selisih
BBHI,2021-07-14,Harga Selisih
BBHI,2021-07-15,Harga Selisih
BBHI,2021-07-16,Harga Selisih
BBHI,2021-07-19,Harga Selisih
BBHI,2021-07-21,Harga Selisih
BBHI,2021-07-22,Harga Selisih
BBHI,2021-07-23,Harga Selisih
BBHI,2021-07-26,Harga Selisih
BBHI,2021-07-27,Harga Selisih
BBHI,2021-07-28,Harga Selisih
BBHI,2021-07-29,Harga Selisih
BBHI,2021-07-30,Harga Selisih
BBHI,2021-08-02,Harga Selisih
BBHI,2021-08-03,Harga Selisih
BBHI,2021-08-04,Harga Selisih
BBHI,2021-08-05,Harga Selisih
BBHI,2021-08-06,Harga Selisih
BBHI,2021-08-09,Harga Selisih
BBHI,2021-08-10,Harga Selisih
BBHI,2021-08-12,Harga Selisih
BBHI,2021-08-13,Harga Selisih
BBHI,2021-08-16,Harga Selisih
BBHI,2021-08-18,Harga Selisih
BBHI,2021-08-19,Harga Selisih
BBHI,2021-08-20,Harga Selisih
BBHI,2021-08-23,Harga Selisih
BBHI,2021-08-24,Harga Selisih
BBHI,2021-08-25,Harga Selisih
BBHI,2021-08-26,Harga Selisih
BBHI,2021-08-27,Harga Selisih
BBHI,2021-08-30,Harga Selisih
BBHI,2021-08-31,Harga Selisih
BBHI,2021-09-01,Harga Selisih
BBHI,2021-09-02,Harga Selisih
BBHI,2021-09-03,Harga Selisih
BBHI,2021-09-06,Harga Selisih
BBHI,2021-09-07,Harga Selisih
BBHI,2021-09-08,Harga Selisih
BBHI,2021-09-09,Harga Selisih
BBHI,2021-09-10,Harga Selisih
BBHI,2021-09-13,Harga Selisih
BBHI,2021-09-14,Harga Selisih
BBHI,2021-09-15,Harga Selisih
BBHI,2021-09-16,Harga Selisih
BBHI,2021-09-17,Harga Selisih
BBHI,2021-09-20,Harga Selisih
BBHI,2021-09-21,Harga Selisih
BBHI,2021-09-22,Harga Selisih
BBHI,2021-09-23,Harga Selisih
BBHI,2021-09-24,Harga Selisih
BBHI,2021-09-27,Harga Selisih
BBHI,2021-09-28,Harga Selisih
BBHI,2021-09-29,Harga Selisih
BBHI,2021-09-30,Harga Selisih
BBHI,2021-10-01,Harga Selisih
BBHI,2021-10-04,Harga Selisih
BBHI,2021-10-05,Harga Selisih
BBHI,2021-10-06,Harga Selisih
BBHI,2021-10-07,Harga Selisih
BBHI,2021-10-08,Harga Selisih
BBHI,2021-10-11,Harga Selisih
BBHI,2021-10-12,Harga Selisih
BBHI,2021-10-13,Harga Selisih
BBHI,2021-10-14,Harga Selisih
BBHI,2021-10-15,Harga Selisih
BBHI,2021-10-18,Harga Selisih
BBHI,2021-10-19,Harga Selisih
BBHI,2021-10-21,Harga Selisih
BBHI,2021-10-22,Harga Selisih
BBHI,2021-10-25,Harga Selisih
BBHI,2021-10-26,Harga Selisih
BBHI,2021-10-27,Harga Selisih
BBHI,2021-10-28,Harga Selisih
BBHI,2021-10-29,Harga Selisih
BBHI,2021-11-01,Harga Selisih
BBHI,2021-11-02,Harga Selisih
BBHI,2021-11-03,Harga Selisih
BBHI,2021-11-04,Harga Selisih
BBHI,2021-11-05,Harga Selisih
BBHI,2021-11-08,Harga Selisih
BBHI,2021-11-09,Harga Selisih
BBHI,2021-11-10,Harga Selisih
BBHI,2021-11-11,Harga Selisih
BBHI,2021-11-12,Harga Selisih
BBHI,2021-11-15,Harga Selisih
BBHI,2021-11-16,Harga Selisih
BBHI,2021-11-17,Harga Selisih
BBHI,2021-11-18,Harga Selisih
BBHI,2021-11-19,Harga Selisih
BBHI,2021-11-22,Harga Selisih
BBHI,2021-11-23,Harga Selisih
BBHI,2021-11-24,Harga Selisih
BBHI,2021-11-25,Harga Selisih
BBHI,2021-11-26,Harga Selisih
BBHI,2021-11-29,Harga Selisih
BBHI,2021-11-30,Harga Selisih
BBHI,2021-12-01,Harga Selisih
BBHI,2021-12-02,Harga Selisih
BBHI,2021-12-03,Harga Selisih
BBHI,2021-12-06,Harga Selisih
BBHI,2021-12-07,Harga Selisih
BBHI,2021-12-08,Harga Selisih
BBHI,2021-12-09,Harga Selisih
BBHI,2021-12-10,Harga Selisih
BBHI,2021-12-13,Harga Selisih
BBHI,2021-12-14,Harga Selisih
BBHI,2021-12-15,Harga Selisih
BBHI,2021-12-16,Harga Selisih
BBHI,2021-12-17,Harga Selisih
BBHI,2021-12-20,Harga Selisih
BBHI,2021-12-21,Harga Selisih
BBHI,2021-12-22,Harga Selisih
BBHI,2021-12-23,Harga Selisih
BBHI,2021-12-24,Harga Selisih
BBHI,2021-12-27,Harga Selisih
BBHI,2021-12-28,Harga Selisih
BBHI,2021-12-29,Harga Selisih
BBHI,2021-12-30,Harga Selisih
BBHI,2022-01-03,Harga Selisih
BBHI,2022-01-04,Harga Selisih
BBHI,2022-01-05,Harga Selisih
BBHI,2022-01-06,Harga Selisih
BBHI,2022-01-07,Harga Selisih
BBHI,2022-01-10,Harga Selisih
BBHI,2022-01-11,Harga Selisih
BBHI,2022-01-12,Harga Selisih
BBHI,2022-01-13,Harga Selisih
BBHI,2022-01-14,Harga Selisih
BBHI,2022-01-17,Harga Selisih
BBHI,2022-01-18,Harga Selisih
BBHI,2022-01-19,Harga Selisih
BBHI,2022-01-20,Harga Selisih
BBHI,2022-01-21,Harga Selisih
BBHI,2022-01-24,Harga Selisih
BBHI,2022-01-25,Harga Selisih
BBHI,2022-01-26,Harga Selisih
BBHI,2022-01-27,Harga Selisih
BBHI,2022-01-28,Harga Selisih
BBHI,2022-01-31,Harga Selisih
BBHI,2022-02-02,Harga Selisih
BBHI,2022-02-03,Harga Selisih
BBHI,2022-02-04,Harga Selisih
BBHI,2022-02-07,Harga Selisih
BBHI,2022-02-08,Harga Selisih
BBHI,2022-02-09,Harga Selisih
BBHI,2022-02-10,Harga Selisih
BBHI,2022-02-11,Harga Selisih
BBHI,2022-02-14,Harga Selisih
BBHI,2022-02-15,Harga Selisih
BBHI,2022-02-16,Harga Selisih
BBHI,2022-02-17,Harga Selisih
BBHI,2022-02-18,Harga Selisih
BBHI,2022-02-21,Harga Selisih
BBHI,2022-02-22,Harga Selisih
BBHI,2022-02-23,Harga Selisih
BBHI,2022-02-24,Harga Selisih
BBHI,2022-02-25,Harga Selisih
BBHI,2022-03-01,Harga Selisih
BBHI,2022-03-02,Harga Selisih
BBHI,2022-03-04,Harga Selisih
BBHI,2022-03-07,Harga Selisih
BBHI,2022-03-08,Harga Selisih
BBHI,2022-03-09,Harga Selisih
BBHI,2022-03-10,Harga Selisih
BBHI,2022-03-11,Harga Selisih
BBHI,2022-03-14,Harga Selisih
BBHI,2022-03-15,Harga Selisih
BBHI,2022-03-16,Harga Selisih
BBHI,2022-03-17,Harga Selisih
BBHI,2022-03-18,Harga Selisih
BBHI,2022-03-21,Harga Selisih
BBHI,2022-03-22,Harga Selisih
BBHI,2022-03-23,Harga Selisih
BBHI,2022-03-24,Harga Selisih
BBHI,2022-03-25,Harga Selisih
BBHI,2022-03-28,Harga Selisih
BBHI,2022-03-29,Harga Selisih
BBHI,2022-03-30,Harga Selisih
BBHI,2022-03-31,Harga Selisih
BBHI,2022-04-01,Harga Selisih
BBHI,2022-04-04,Harga Selisih
BBHI,2022-04-05,Harga Selisih
BBHI,2022-04-06,Harga Selisih
BBHI,2022-04-07,Harga Selisih
BBHI,2022-04-08,Harga Selisih
BBHI,2022-04-11,Harga Selisih
BBHI,2022-04-12,Harga Selisih
BBHI,2022-04-13,Harga Selisih
BBHI,2022-04-14,Harga Selisih
BBHI,2022-04-18,Harga Selisih
BBHI,2022-04-19,Harga Selisih
BBHI,2022-04-20,Harga Selisih
BBHI,2022-04-21,Harga Selisih
BBHI,2022-04-22,Harga Selisih
BBHI,2022-04-25,Harga Selisih
BBHI,2022-04-26,Harga Selisih
BBHI,2022-04-27,Harga Selisih
BBHI,2022-04-28,Harga Selisih
BBHI,2022-05-09,Harga Selisih
BBHI,2022-05-10,Harga Selisih
BBHI,2022-05-11,Harga Selisih
BBHI,2022-05-12,Harga Selisih
BBHI,2022-05-13,Harga Selisih
BBHI,2022-05-17,Harga Selisih
BBHI,2022-05-18,Harga Selisih
BBHI,2022-05-19,Harga Selisih
BBHI,2022-05-20,Harga Selisih
BBHI,2022-05-23,Harga Selisih
BBHI,2022-05-24,Harga Selisih
BBHI,2022-05-25,Harga Selisih
BBHI,2022-05-27,Harga Selisih
BBHI,2022-05-30,Harga Selisih
BBHI,2022-05-31,Harga Selisih
BBHI,2022-06-02,Harga Selisih
BBHI,2022-06-03,Harga Selisih
BBHI,2022-06-06,Harga Selisih
BBHI,2022-06-07,Harga Selisih
BBHI,2022-06-08,Harga Selisih
BBHI,2022-06-09,Harga Selisih
BBHI,2022-06-10,Harga Selisih
BBHI,2022-06-13,Harga Selisih
BBHI,2022-06-14,Harga Selisih
BBHI,2022-06-15,Harga Selisih
BBHI,2022-06-16,Harga Selisih
BBHI,2022-06-17,Harga Selisih
BBHI,2022-06-20,Harga Selisih
BBHI,2022-06-21,Harga Selisih
BBHI,2022-06-22,Harga Selisih
BBHI,2022-06-23,Harga Selisih
BBHI,2022-06-24,Harga Selisih
BBHI,2022-06-27,Harga Selisih
BBHI,2022-06-28,Harga Selisih
BBHI,2022-06-29,Harga Selisih
BBHI,2022-06-30,Harga Selisih
BBHI,2022-07-01,Harga Selisih
BBHI,2022-07-04,Harga Selisih
BBHI,2022-07-05,Harga Selisih
BBHI,2022-07-06,Harga Selisih
BBHI,2022-07-07,Harga Selisih
BBHI,2022-07-08,Harga Selisih
BBHI,2022-07-11,Harga Selisih
BBHI,2022-07-12,Harga Selisih
BBHI,2022-07-13,Harga Selisih
BBHI,2022-07-14,Harga Selisih
BBHI,2022-07-15,Harga Selisih
BBHI,2022-07-18,Harga Selisih
BBHI,2022-07-19,Harga Selisih
BBHI,2022-07-20,Harga Selisih
BBHI,2022-07-21,Harga Selisih
BBHI,2022-07-22,Harga Selisih
BBHI,2022-07-25,Harga Selisih
BBHI,2022-07-26,Harga Selisih
BBHI,2022-07-27,Harga Selisih
BBHI,2022-07-28,Harga Selisih
BBHI,2022-07-29,Harga Selisih
BBHI,2022-08-01,Harga Selisih
BBHI,2022-08-02,Harga Selisih
BBHI,2022-08-03,Harga Selisih
BBHI,2022-08-04,Harga Selisih
BBHI,2022-08-05,Harga Selisih
BBHI,2022-08-08,Harga Selisih
BBHI,2022-08-09,Harga Selisih
BBHI,2022-08-10,Harga Selisih
BBHI,2022-08-11,Harga Selisih
BBHI,2022-08-12,Harga Selisih
BBHI,2022-08-15,Harga Selisih
BBHI,2022-08-16,Harga Selisih
BBHI,2022-08-18,Harga Selisih
BBHI,2022-08-19,Harga Selisih
BBHI,2022-08-22,Harga Selisih
BBHI,2022-08-23,Harga Selisih
BBHI,2022-08-24,Harga Selisih
BBHI,2022-08-25,Harga Selisih
BBHI,2022-08-26,Harga Selisih
BBHI,2022-08-29,Harga Selisih
BBHI,2022-08-30,Harga Selisih
BBHI,2022-08-31,Harga Selisih
BBHI,2022-09-01,Harga Selisih
BBHI,2022-09-02,Harga Selisih
BBHI,2022-09-05,Harga Selisih
BBHI,2022-09-06,Harga Selisih
BBHI,2022-09-07,Harga Selisih
BBHI,2022-09-08,Harga Selisih
BBHI,2022-09-09,Harga Selisih
BBHI,2022-09-12,Harga Selisih
BBHI,2022-09-13,Harga Selisih
BBHI,2022-09-14,Harga Selisih
BBHI,2022-09-15,Harga Selisih
BBHI,2022-09-16,Harga Selisih
BBHI,2022-09-19,Harga Selisih
BBHI,2022-09-20,Harga Selisih
BBHI,2022-09-21,Harga Selisih
BBHI,2022-09-22,Harga Selisih
BBHI,2022-09-23,Harga Selisih
BBHI,2022-09-26,Harga Selisih
BBHI,2022-09-27,Harga Selisih
BBHI,2022-09-28,Harga Selisih
BBHI,2022-09-29,Harga Selisih
BBHI,2022-09-30,Harga Selisih
BBHI,2022-10-03,Harga Selisih
BBHI,2022-10-04,Harga Selisih
BBHI,2022-10-05,Harga Selisih
BBHI,2022-10-06,Harga Selisih
BBHI,2022-10-07,Harga Selisih
BBHI,2022-10-10,Harga Selisih
BBHI,2022-10-11,Harga Selisih
BBHI,2022-10-12,Harga Selisih
BBHI,2022-10-13,Harga Selisih
BBHI,2022-10-14,Harga Selisih
BBHI,2022-10-17,Harga Selisih
BBHI,2022-10-18,Harga Selisih
BBHI,2022-10-19,Harga Selisih
BBHI,2022-10-20,Harga Selisih
BBHI,2022-10-21,Harga Selisih
BBHI,2022-10-24,Harga Selisih
BBHI,2022-10-25,Harga Selisih
BBHI,2022-10-26,Harga Selisih
BBHI,2022-10-27,Harga Selisih
BBHI,2022-10-28,Harga Selisih
BBHI,2022-10-31,Harga Selisih
BBHI,2022-11-01,Harga Selisih
BBHI,2022-11-02,Harga Selisih
BBHI,2022-11-03,Harga Selisih
BBHI,2022-11-04,Harga Selisih
BBHI,2022-11-07,Harga Selisih
BBHI,2022-11-08,Harga Selisih
BBHI,2022-11-09,Harga Selisih
BBHI,2022-11-10,Harga Selisih
BBHI,2022-11-11,Harga Selisih
BBHI,2022-11-14,Harga Selisih
BBHI,2022-11-15,Harga Selisih
BBHI,2022-11-16,Harga Selisih
BBHI,2022-11-17,Harga Selisih
BBHI,2022-11-18,Harga Selisih
BBHI,2022-11-21,Harga Selisih
BBHI,2022-11-22,Harga Selisih
BBHI,2022-11-23,Harga Selisih
BBHI,2022-11-24,Harga Selisih
BBHI,2022-11-25,Harga Selisih
BBHI,2022-11-28,Harga Selisih
BBHI,2022-11-29,Harga Selisih
BBHI,2022-11-30,Harga Selisih
BBHI,2022-12-01,Harga Selisih
BBHI,2022-12-02,Harga Selisih
BBHI,2022-12-05,Harga Selisih
BBHI,2022-12-06,Harga Selisih
BBHI,2022-12-07,Harga Selisih
BBHI,2022-12-08,Harga Selisih
BBHI,2022-12-09,Harga Selisih
BBHI,2022-12-12,Harga Selisih
BBHI,2022-12-13,Harga Selisih
BBHI,2022-12-14,Harga Selisih
BBHI,2022-12-15,Harga Selisih
BBHI,2022-12-16,Harga Selisih
BBHI,2022-12-19,Harga Selisih
BBHI,2022-12-20,Harga Selisih
BBHI,2022-12-21,Harga Selisih
BBHI,2022-12-22,Harga Selisih
BBHI,2022-12-23,Harga Selisih
BBHI,2022-12-26,Harga Selisih
BBHI,2022-12-27,Harga Selisih
BBHI,2022-12-28,Harga Selisih
BBHI,2022-12-29,Harga Selisih
BBHI,2022-12-30,Harga Selisih
BBHI,2023-01-02,Harga Selisih
BBHI,2023-01-03,Harga Selisih
BBHI,2023-01-04,Harga Selisih
BBHI,2023-01-05,Harga Selisih
BBHI,2023-01-06,Harga Selisih
BBHI,2023-01-09,Harga Selisih
BBHI,2023-01-10,Harga Selisih
BBHI,2023-01-11,Harga Selisih
BBHI,2023-01-12,Harga Selisih
BBHI,2023-01-13,Harga Selisih
BBHI,2023-01-16,Harga Selisih
BBHI,2023-01-17,Harga Selisih
BBHI,2023-01-18,Harga Selisih
BBHI,2023-01-19,Harga Selisih
BBHI,2023-01-20,Harga Selisih
BBHI,2023-01-24,Harga Selisih
BBHI,2023-01-25,Harga Selisih
BBHI,2023-01-26,Harga Selisih
BBHI,2023-01-27,Harga Selisih
BBHI,2023-01-30,Harga Selisih
BBHI,2023-01-31,Harga Selisih
BBHI,2023-02-01,Harga Selisih
BBHI,2023-02-02,Harga Selisih
BBHI,2023-02-03,Harga Selisih
BBHI,2023-02-06,Harga Selisih
BBHI,2023-02-07,Harga Selisih
BBHI,2023-02-08,Harga Selisih
BBHI,2023-02-09,Harga Selisih
BBHI,2023-02-10,Harga Selisih
BBHI,2023-02-13,Harga Selisih
BBHI,2023-02-14,Harga Selisih
BBHI,2023-02-15,Harga Selisih
BBHI,2023-02-16,Harga Selisih
BBHI,2023-02-17,Harga Selisih
BBHI,2023-02-20,Harga Selisih
BBHI,2023-02-21,Harga Selisih
BBHI,2023-02-22,Harga Selisih
BBHI,2023-02-23,Harga Selisih
BBHI,2023-02-24,Harga Selisih
BBHI,2023-02-27,Harga Selisih
BBHI,2023-02-28,Harga Selisih
BBHI,2023-03-01,Harga Selisih
BBHI,2023-03-02,Harga Selisih
BBHI,2023-03-03,Harga Selisih
BBHI,2023-03-06,Harga Selisih
BBHI,2023-03-07,Harga Selisih
BBHI,2023-03-08,Harga Selisih
BBHI,2023-03-09,Harga Selisih
BBHI,2023-03-10,Harga Selisih
BBHI,2023-03-13,Harga Selisih
BBHI,2023-03-14,Harga Selisih
BBHI,2023-03-15,Harga Selisih
BBHI,2023-03-16,Harga Selisih
BBHI,2023-03-17,Harga Selisih
BBHI,2023-03-20,Harga Selisih
BBHI,2023-03-21,Harga Selisih
BBHI,2023-03-24,Harga Selisih
BBHI,2023-03-27,Harga Selisih
BBHI,2023-03-28,Harga Selisih
BBHI,2023-03-29,Harga Selisih
BBHI,2023-03-30,Harga Selisih
BBHI,2023-03-31,Harga Selisih
BBHI,2023-04-03,Harga Selisih
BBHI,2023-04-04,Harga Selisih
BBHI,2023-04-05,Harga Selisih
BBHI,2023-04-06,Harga Selisih
BBHI,2023-04-10,Harga Selisih
BBHI,2023-04-11,Harga Selisih
BBHI,2023-04-12,Harga Selisih
BBHI,2023-04-13,Harga Selisih
BBHI,2023-04-14,Harga Selisih
BBHI,2023-04-17,Harga Selisih
BBHI,2023-04-18,Harga Selisih
BBHI,2023-04-26,Harga Selisih
BBHI,2023-04-27,Harga Selisih
BBHI,2023-04-28,Harga Selisih
BBHI,2023-05-02,Harga Selisih
BBHI,2023-05-03,Harga Selisih
BBHI,2023-05-04,Harga Selisih
BBHI,2023-05-05,Harga Selisih
BBHI,2023-05-08,Harga Selisih
BBHI,2023-05-09,Harga Selisih
BBHI,2023-05-10,Harga Selisih
BBHI,2023-05-11,Harga Selisih
BBHI,2023-05-12,Harga Selisih
BBHI,2023-05-15,Harga Selisih
BBHI,2023-05-16,Harga Selisih
BBHI,2023-05-17,Harga Selisih
BBHI,2023-05-19,Harga Selisih
BBHI,2023-05-22,Harga Selisih
BBHI,2023-05-23,Harga Selisih
BBHI,2023-05-24,Harga Selisih
BBHI,2023-05-25,Harga Selisih
BBHI,2023-05-26,Harga Selisih
BBHI,2023-05-29,Harga Selisih
BBHI,2023-05-30,Harga Selisih
BBHI,2023-05-31,Harga Selisih
BBHI,2023-06-05,Harga Selisih
BBHI,2023-06-06,Harga Selisih
BBHI,2023-06-07,Harga Selisih
BBHI,2023-06-08,Harga Selisih
BBHI,2023-06-09,Harga Selisih
BBHI,2023-06-12,Harga Selisih
BBHI,2023-06-13,Harga Selisih
BBHI,2023-06-14,Harga Selisih
BBHI,2023-06-15,Harga Selisih
BBHI,2023-06-16,Harga Selisih
BBHI,2023-06-19,Harga Selisih
BBHI,2023-06-20,Harga Selisih
BBHI,2023-06-21,Harga Selisih
BBHI,2023-06-22,Harga Selisih
BBHI,2023-06-23,Harga Selisih
BBHI,2023-06-26,Harga Selisih
BBHI,2023-06-27,Harga Selisih
BBHI,2023-07-03,Harga Selisih
BBHI,2023-07-04,Harga Selisih
BBHI,2023-07-05,Harga Selisih
BBHI,2023-07-06,Harga Selisih
BBHI,2023-07-07,Harga Selisih
BBHI,2023-07-10,Harga Selisih
BBHI,2023-07-11,Harga Selisih
BBHI,2023-07-12,Harga Selisih
BBHI,2023-07-13,Harga Selisih
BBHI,2023-07-14,Harga Selisih
BBHI,2023-07-17,Harga Selisih
BBHI,2023-07-18,Harga Selisih
BBHI,2023-07-20,Harga Selisih
BBHI,2023-07-21,Harga Selisih
BBHI,2023-07-24,Harga Selisih
BBHI,2023-07-25,Harga Selisih
BBHI,2023-07-26,Harga Selisih
BBHI,2023-07-27,Harga Selisih
BBHI,2023-07-28,Harga Selisih
BBHI,2023-07-31,Harga Selisih
BBHI,2023-08-01,Harga Selisih
BBHI,2023-08-02,Harga Selisih
BBHI,2023-08-03,Harga Selisih
BBHI,2023-08-04,Harga Selisih
BBHI,2023-08-07,Harga Selisih
BBHI,2023-08-08,Harga Selisih
BBHI,2023-08-09,Harga Selisih
BBHI,2023-08-10,Harga Selisih
BBHI,2023-08-11,Harga Selisih
BBHI,2023-08-14,Harga Selisih
BBHI,2023-08-15,Harga Selisih
BBHI,2023-08-16,Harga Selisih
BBHI,2023-08-18,Harga Selisih
BBHI,2023-08-21,Harga Selisih
BBHI,2023-08-22,Harga Selisih
BBHI,2023-08-23,Harga Selisih
BBHI,2023-08-24,Harga Selisih
BBHI,2023-08-25,Harga Selisih
BBHI,2023-08-28,Harga Selisih
BBHI,2023-08-29,Harga Selisih
BBHI,2023-08-30,Harga Selisih
BBHI,2023-08-31,Harga Selisih
BBHI,2023-09-01,Harga Selisih
BBHI,2023-09-04,Harga Selisih
BBHI,2023-09-05,Harga Selisih
BBHI,2023-09-06,Harga Selisih
BBHI,2023-09-07,Harga Selisih
BBHI,2023-09-08,Harga Selisih
BBHI,2023-09-11,Harga Selisih
BBHI,2023-09-12,Harga Selisih
BBHI,2023-09-13,Harga Selisih
BBHI,2023-09-14,Harga Selisih
BBHI,2023-09-15,Harga Selisih
BBHI,2023-09-18,Harga Selisih
BBHI,2023-09-19,Harga Selisih
BBHI,2023-09-20,Harga Selisih
BBHI,2023-09-21,Harga Selisih
BBHI,2023-09-22,Harga Selisih
BBHI,2023-09-25,Harga Selisih
BBHI,2023-09-26,Harga Selisih
BBHI,2023-09-27,Harga Selisih
BBHI,2023-09-29,Harga Selisih
BBHI,2023-10-02,Harga Selisih
BBHI,2023-10-03,Harga Selisih
BBHI,2023-10-04,Harga Selisih
BBHI,2023-10-05,Harga Selisih
BBHI,2023-10-06,Harga Selisih
BBHI,2023-10-09,Harga Selisih
BBHI,2023-10-10,Harga Selisih
BBHI,2023-10-11,Harga Selisih
BBHI,2023-10-12,Harga Selisih
BBHI,2023-10-13,Harga Selisih
BBHI,2023-10-16,Harga Selisih
BBHI,2023-10-17,Harga Selisih
BBHI,2023-10-18,Harga Selisih
BBHI,2023-10-19,Harga Selisih
BBHI,2023-10-20,Harga Selisih
BBHI,2023-10-23,Harga Selisih
BBHI,2023-10-24,Harga Selisih
BBHI,2023-10-25,Harga Selisih
BBHI,2023-10-26,Harga Selisih
BBHI,2023-10-27,Harga Selisih
BBHI,2023-10-30,Harga Selisih
BBHI,2023-10-31,Harga Selisih
BBHI,2023-11-01,Harga Selisih
BBHI,2023-11-02,Harga Selisih
BBHI,2023-11-03,Harga Selisih
BBHI,2023-11-06,Harga Selisih
BBHI,2023-11-07,Harga Selisih
BBHI,2023-11-08,Harga Selisih
BBHI,2023-11-09,Harga Selisih
BBHI,2023-11-10,Harga Selisih
BBHI,2023-11-13,Harga Selisih
BBHI,2023-11-14,Harga Selisih
BBHI,2023-11-15,Harga Selisih
BBHI,2023-11-16,Harga Selisih
BBHI,2023-11-17,Harga Selisih
BBHI,2023-11-20,Harga Selisih
BBHI,2023-11-21,Harga Selisih
BBHI,2023-11-22,Harga Selisih
BBHI,2023-11-23,Harga Selisih
BBHI,2023-11-24,Harga Selisih
BBHI,2023-11-27,Harga Selisih
BBHI,2023-11-28,Harga Selisih
BBHI,2023-11-29,Harga Selisih
BBHI,2023-11-30,Harga Selisih
BBHI,2023-12-01,Harga Selisih
BBHI,2023-12-04,Harga Selisih
BBHI,2023-12-05,Harga Selisih
BBHI,2023-12-06,Harga Selisih
BBHI,2023-12-07,Harga Selisih
BBHI,2023-12-08,Harga Selisih
BBHI,2023-12-11,Harga Selisih
BBHI,2023-12-12,Harga Selisih
BBHI,2023-12-13,Harga Selisih
BBHI,2023-12-14,Harga Selisih
BBHI,2023-12-15,Harga Selisih
BBHI,2023-12-18,Harga Selisih
BBHI,2023-12-19,Harga Selisih
BBHI,2023-12-20,Harga Selisih
BBHI,2023-12-21,Harga Selisih
BBHI,2023-12-22,Harga Selisih
BBMD,2019-12-26,Harga Selisih
BBMD,2019-12-27,Harga Selisih
BBMD,2019-12-30,Harga Selisih
BBMD,2020-01-02,Harga Selisih
BBMD,2020-01-03,Harga Selisih
BBMD,2020-01-06,Harga Selisih
BBMD,2020-01-07,Harga Selisih
BBMD,2020-01-08,Harga Selisih
BBMD,2020-01-09,Harga Selisih
BBMD,2020-01-10,Harga Selisih
BBMD,2020-01-13,Harga Selisih
BBMD,2020-01-14,Harga Selisih
BBMD,2020-01-15,Harga Selisih
BBMD,2020-01-16,Harga Selisih
BBMD,2020-01-17,Harga Selisih
BBMD,2020-01-20,Harga Selisih
BBMD,2020-01-21,Harga Selisih
BBMD,2020-01-22,Harga Selisih
BBMD,2020-01-23,Harga Selisih
BBMD,2020-01-24,Harga Selisih
BBMD,2020-01-27,Harga Selisih
BBMD,2020-01-28,Harga Selisih
BBMD,2020-01-29,Harga Selisih
BBMD,2020-01-30,Harga Selisih
BBMD,2020-01-31,Harga Selisih
BBMD,2020-02-03,Harga Selisih
BBMD,2020-02-04,Harga Selisih
BBMD,2020-02-05,Harga Selisih
BBMD,2020-02-06,Harga Selisih
BBMD,2020-02-07,Harga Selisih
BBMD,2020-02-10,Harga Selisih
BBMD,2020-02-11,Harga Selisih
BBMD,2020-02-12,Harga Selisih
BBMD,2020-02-13,Harga Selisih
BBMD,2020-02-14,Harga Selisih
BBMD,2020-02-17,Harga Selisih
BBMD,2020-02-18,Harga Selisih
BBMD,2020-02-19,Harga Selisih
BBMD,2020-02-20,Harga Selisih
BBMD,2020-02-21,Harga Selisih
BBMD,2020-02-24,Harga Selisih
BBMD,2020-02-25,Harga Selisih
BBMD,2020-02-26,Harga Selisih
BBMD,2020-02-27,Harga Selisih
BBMD,2020-02-28,Harga Selisih
BBMD,2020-03-02,Harga Selisih
BBMD,2020-03-03,Harga Selisih
BBMD,2020-03-04,Harga Selisih
BBMD,2020-03-05,Harga Selisih
BBMD,2020-03-06,Harga Selisih
BBMD,2020-03-09,Harga Selisih
BBMD,2020-03-10,Harga Selisih
BBMD,2020-03-11,Harga Selisih
BBMD,2020-03-12,Harga Selisih
BBMD,2020-03-13,Harga Selisih
BBMD,2020-03-16,Harga Selisih
BBMD,2020-03-17,Harga Selisih
BBMD,2020-03-18,Harga Selisih
BBMD,2020-03-19,Harga Selisih
BBMD,2020-03-20,Harga Selisih
BBMD,2020-03-23,Harga Selisih
BBMD,2020-03-24,Harga Selisih
BBMD,2020-03-26,Harga Selisih
BBMD,2020-03-27,Harga Selisih
BBMD,2020-03-30,Harga Selisih
BBMD,2020-03-31,Harga Selisih
BBMD,2020-04-01,Harga Selisih
BBMD,2020-04-02,Harga Selisih
BBMD,2020-04-03,Harga Selisih
BBMD,2020-04-06,Harga Selisih
BBMD,2020-04-07,Harga Selisih
BBMD,2020-04-08,Harga Selisih
BBMD,2020-04-09,Harga Selisih
BBMD,2020-04-13,Harga Selisih
BBMD,2020-04-14,Harga Selisih
BBMD,2020-04-15,Harga Selisih
BBMD,2020-04-16,Harga Selisih
BBMD,2020-04-17,Harga Selisih
BBMD,2020-04-20,Harga Selisih
BBMD,2020-04-21,Harga Selisih
BBMD,2020-04-22,Harga Selisih
BBMD,2020-04-23,Harga Selisih
BBMD,2020-04-24,Harga Selisih
BBMD,2020-04-27,Harga Selisih
BBMD,2020-04-28,Harga Selisih
BBMD,2020-04-29,Harga Selisih
BBMD,2020-04-30,Harga Selisih
BBMD,2020-05-04,Harga Selisih
BBMD,2020-05-05,Harga Selisih
BBMD,2020-05-06,Harga Selisih
BBMD,2020-05-08,Harga Selisih
BBMD,2020-05-11,Harga Selisih
BBMD,2020-05-12,Harga Selisih
BBMD,2020-05-13,Harga Selisih
BBMD,2020-05-14,Harga Selisih
BBMD,2020-05-15,Harga Selisih
BBMD,2020-05-18,Harga Selisih
BBMD,2020-05-19,Harga Selisih
BBMD,2020-05-20,Harga Selisih
BBMD,2020-05-26,Harga Selisih
BBMD,2020-05-27,Harga Selisih
BBMD,2020-05-28,Harga Selisih
BBMD,2020-05-29,Harga Selisih
BBMD,2020-06-02,Harga Selisih
BBMD,2020-06-03,Harga Selisih
BBMD,2020-06-04,Harga Selisih
BBMD,2020-06-05,Harga Selisih
BBMD,2020-06-08,Harga Selisih
BBMD,2020-06-09,Harga Selisih
BBMD,2020-06-10,Harga Selisih
BBMD,2020-06-11,Harga Selisih
BBMD,2020-06-12,Harga Selisih
BBMD,2020-06-15,Harga Selisih
BBMD,2020-06-16,Harga Selisih
BBMD,2020-06-17,Harga Selisih
BBMD,2020-06-18,Harga Selisih
BBMD,2020-06-19,Harga Selisih
BBMD,2020-06-22,Harga Selisih
BBMD,2020-06-23,Harga Selisih
BBMD,2020-06-24,Harga Selisih
BBMD,2020-06-25,Harga Selisih
BBMD,2020-06-26,Harga Selisih
BBMD,2020-06-29,Harga Selisih
BBMD,2020-06-30,Harga Selisih
BBMD,2020-07-01,Harga Selisih
BBMD,2020-07-02,Harga Selisih
BBMD,2020-07-03,Harga Selisih
BBMD,2020-07-06,Harga Selisih
BBMD,2020-07-07,Harga Selisih
BBMD,2020-07-08,Harga Selisih
BBMD,2020-07-09,Harga Selisih
BBMD,2020-07-10,Harga Selisih
BBMD,2020-07-13,Harga Selisih
BBMD,2020-07-14,Harga Selisih
BBMD,2020-07-15,Harga Selisih
BBMD,2020-07-16,Harga Selisih
BBMD,2020-07-17,Harga Selisih
BBMD,2020-07-20,Harga Selisih
BBMD,2020-07-21,Harga Selisih
BBMD,2020-07-22,Harga Selisih
BBMD,2020-07-23,Harga Selisih
BBMD,2020-07-24,Harga Selisih
BBMD,2020-07-27,Harga Selisih
BBMD,2020-07-28,Harga Selisih
BBMD,2020-07-29,Harga Selisih
BBMD,2020-07-30,Harga Selisih
BBMD,2020-08-03,Harga Selisih
BBMD,2020-08-04,Harga Selisih
BBMD,2020-08-05,Harga Selisih
BBMD,2020-08-06,Harga Selisih
BBMD,2020-08-07,Harga Selisih
BBMD,2020-08-10,Harga Selisih
BBMD,2020-08-11,Harga Selisih
BBMD,2020-08-12,Harga Selisih
BBMD,2020-08-13,Harga Selisih
BBMD,2020-08-14,Harga Selisih
BBMD,2020-08-18,Harga Selisih
BBMD,2020-08-19,Harga Selisih
BBMD,2020-08-24,Harga Selisih
BBMD,2020-08-25,Harga Selisih
BBMD,2020-08-26,Harga Selisih
BBMD,2020-08-27,Harga Selisih
BBMD,2020-08-28,Harga Selisih
BBMD,2020-08-31,Harga Selisih
BBMD,2020-09-01,Harga Selisih
BBMD,2020-09-02,Harga Selisih
BBMD,2020-09-03,Harga Selisih
BBMD,2020-09-04,Harga Selisih
BBMD,2020-09-07,Harga Selisih
BBMD,2020-09-08,Harga Selisih
BBMD,2020-09-09,Harga Selisih
BBMD,2020-09-10,Harga Selisih
BBMD,2020-09-11,Harga Selisih
BBMD,2020-09-14,Harga Selisih
BBMD,2020-09-15,Harga Selisih
BBMD,2020-09-16,Harga Selisih
BBMD,2020-09-17,Harga Selisih
BBMD,2020-09-18,Harga Selisih
BBMD,2020-09-21,Harga Selisih
BBMD,2020-09-22,Harga Selisih
BBMD,2020-09-23,Harga Selisih
BBMD,2020-09-24,Harga Selisih
BBMD,2020-09-25,Harga Selisih
BBMD,2020-09-28,Harga Selisih
BBMD,2020-09-29,Harga Selisih
BBMD,2020-09-30,Harga Selisih
BBMD,2020-10-01,Harga Selisih
BBMD,2020-10-02,Harga Selisih
BBMD,2020-10-05,Harga Selisih
BBMD,2020-10-06,Harga Selisih
BBMD,2020-10-07,Harga Selisih
BBMD,2020-10-08,Harga Selisih
BBMD,2020-10-09,Harga Selisih
BBMD,2020-10-12,Harga Selisih
BBMD,2020-10-13,Harga Selisih
BBMD,2020-10-14,Harga Selisih
BBMD,2020-10-15,Harga Selisih
BBMD,2020-10-16,Harga Selisih
BBMD,2020-10-19,Harga Selisih
BBMD,2020-10-20,Harga Selisih
BBMD,2020-10-21,Harga Selisih
BBMD,2020-10-22,Harga Selisih
BBMD,2020-10-23,Harga Selisih
BBMD,2020-10-26,Harga Selisih
BBMD,2020-10-27,Harga Selisih
BBMD,2020-11-02,Harga Selisih
BBMD,2020-11-03,Harga Selisih
BBMD,2020-11-04,Harga Selisih
BBMD,2020-11-05,Harga Selisih
BBMD,2020-11-06,Harga Selisih
BBMD,2020-11-09,Harga Selisih
BBMD,2020-11-10,Harga Selisih
BBMD,2020-11-11,Harga Selisih
BBMD,2020-11-12,Harga Selisih
BBMD,2020-11-13,Harga Selisih
BBMD,2020-11-16,Harga Selisih
BBMD,2020-11-17,Harga Selisih
BBMD,2020-11-18,Harga Selisih
BBMD,2020-11-19,Harga Selisih
BBMD,2020-11-20,Harga Selisih
BBMD,2020-11-23,Harga Selisih
BBMD,2020-11-24,Harga Selisih
BBMD,2020-11-25,Harga Selisih
BBMD,2020-11-26,Harga Selisih
BBMD,2020-11-27,Harga Selisih
BBMD,2020-11-30,Harga Selisih
BBMD,2020-12-01,Harga Selisih
BBMD,2020-12-02,Harga Selisih
BBMD,2020-12-03,Harga Selisih
BBMD,2020-12-04,Harga Selisih
BBMD,2020-12-07,Harga Selisih
BBMD,2020-12-08,Harga Selisih
BBMD,2020-12-10,Harga Selisih
BBMD,2020-12-11,Harga Selisih
BBMD,2020-12-14,Harga Selisih
BBMD,2020-12-15,Harga Selisih
BBMD,2020-12-16,Harga Selisih
BBMD,2020-12-17,Harga Selisih
BBMD,2020-12-18,Harga Selisih
BBMD,2020-12-21,Harga Selisih
BBMD,2020-12-22,Harga Selisih
BBMD,2020-12-23,Harga Selisih
BBMD,2020-12-28,Harga Selisih
BBMD,2020-12-29,Harga Selisih
BBMD,2020-12-30,Harga Selisih
BBMD,2021-01-04,Harga Selisih
BBMD,2021-01-05,Harga Selisih
BBMD,2021-01-06,Harga Selisih
BBMD,2021-01-07,Harga Selisih
BBMD,2021-01-08,Harga Selisih
BBMD,2021-01-11,Harga Selisih
BBMD,2021-01-12,Harga Selisih
BBMD,2021-01-13,Harga Selisih
BBMD,2021-01-14,Harga Selisih
BBMD,2021-01-15,Harga Selisih
BBMD,2021-01-18,Harga Selisih
BBMD,2021-01-19,Harga Selisih
BBMD,2021-01-20,Harga Selisih
BBMD,2021-01-21,Harga Selisih
BBMD,2021-01-22,Harga Selisih
BBMD,2021-01-25,Harga Selisih
BBMD,2021-01-26,Harga Selisih
BBMD,2021-01-27,Harga Selisih
BBMD,2021-01-28,Harga Selisih
BBMD,2021-01-29,Harga Selisih
BBMD,2021-02-01,Harga Selisih
BBMD,2021-02-02,Harga Selisih
BBMD,2021-02-03,Harga Selisih
BBMD,2021-02-04,Harga Selisih
BBMD,2021-02-05,Harga Selisih
BBMD,2021-02-08,Harga Selisih
BBMD,2021-02-09,Harga Selisih
BBMD,2021-02-10,Harga Selisih
BBMD,2021-02-11,Harga Selisih
BBMD,2021-02-15,Harga Selisih
BBMD,2021-02-16,Harga Selisih
BBMD,2021-02-17,Harga Selisih
BBMD,2021-02-18,Harga Selisih
BBMD,2021-02-19,Harga Selisih
BBMD,2021-02-22,Harga Selisih
BBMD,2021-02-23,Harga Selisih
BBMD,2021-02-24,Harga Selisih
BBMD,2021-02-25,Harga Selisih
BBMD,2021-02-26,Harga Selisih
BBMD,2021-03-01,Harga Selisih
BBMD,2021-03-02,Harga Selisih
BBMD,2021-03-03,Harga Selisih
BBMD,2021-03-04,Harga Selisih
BBMD,2021-03-05,Harga Selisih
BBMD,2021-03-08,Harga Selisih
BBMD,2021-03-09,Harga Selisih
BBMD,2021-03-10,Harga Selisih
BBMD,2021-03-12,Harga Selisih
BBMD,2021-03-15,Harga Selisih
BBMD,2021-03-16,Harga Selisih
BBMD,2021-03-17,Harga Selisih
BBMD,2021-03-18,Harga Selisih
BBMD,2021-03-19,Harga Selisih
BBMD,2021-03-22,Harga Selisih
BBMD,2021-03-23,Harga Selisih
BBMD,2021-03-24,Harga Selisih
BBMD,2021-03-25,Harga Selisih
BBMD,2021-03-26,Harga Selisih
BBMD,2021-03-29,Harga Selisih
BBMD,2021-03-30,Harga Selisih
BBMD,2021-03-31,Harga Selisih
BBMD,2021-04-01,Harga Selisih
BBMD,2021-04-05,Harga Selisih
BBMD,2021-04-06,Harga Selisih
BBMD,2021-04-07,Harga Selisih
BBMD,2021-04-08,Harga Selisih
BBMD,2021-04-09,Harga Selisih
BBMD,2021-04-12,Harga Selisih
BBMD,2021-04-13,Harga Selisih
BBMD,2021-04-14,Harga Selisih
BBMD,2021-04-15,Harga Selisih
BBMD,2021-04-16,Harga Selisih
BBMD,2021-04-19,Harga Selisih
BBMD,2021-04-20,Harga Selisih
BBMD,2021-04-21,Harga Selisih
BBMD,2021-04-22,Harga Selisih
BBMD,2021-04-23,Harga Selisih
BBMD,2021-04-26,Harga Selisih
BBMD,2021-04-27,Harga Selisih
BBMD,2021-04-28,Harga Selisih
BBMD,2021-04-29,Harga Selisih
BBMD,2021-04-30,Harga Selisih
BBMD,2021-05-03,Harga Selisih
BBMD,2021-05-04,Harga Selisih
BBMD,2021-05-05,Harga Selisih
BBMD,2021-05-06,Harga Selisih
BBMD,2021-05-07,Harga Selisih
BBMD,2021-05-10,Harga Selisih
BBMD,2021-05-11,Harga Selisih
BBMD,2021-05-17,Harga Selisih
BBMD,2021-05-18,Harga Selisih
BBMD,2021-05-19,Harga Selisih
BBMD,2021-05-20,Harga Selisih
BBMD,2021-05-21,Harga Selisih
BBMD,2021-05-24,Harga Selisih
BBMD,2021-05-25,Harga Selisih
BBMD,2021-05-27,Harga Selisih
BBMD,2021-05-28,Harga Selisih
BBMD,2021-05-31,Harga Selisih
BBMD,2021-06-02,Harga Selisih
BBMD,2021-06-03,Harga Selisih
BBMD,2021-06-04,Harga Selisih
BBMD,2021-06-07,Harga Selisih
BBMD,2021-06-08,Harga Selisih
BBMD,2021-06-09,Harga Selisih
BBMD,2021-06-10,Harga Selisih
BBMD,2021-06-11,Harga Selisih
BBMD,2021-06-14,Harga Selisih
BBMD,2021-06-15,Harga Selisih
BBMD,2021-06-16,Harga Selisih
BBMD,2021-06-17,Harga Selisih
BBMD,2021-06-18,Harga Selisih
BBMD,2021-06-21,Harga Selisih
BBMD,2021-06-22,Harga Selisih
BBMD,2021-06-23,Harga Selisih
BBMD,2021-06-24,Harga Selisih
BBMD,2021-06-25,Harga Selisih
BBMD,2021-06-28,Harga Selisih
BBMD,2021-06-29,Harga Selisih
BBMD,2021-06-30,Harga Selisih
BBMD,2021-07-01,Harga Selisih
BBMD,2021-07-02,Harga Selisih
BBMD,2021-07-05,Harga Selisih
BBMD,2021-07-06,Harga Selisih
BBMD,2021-07-07,Harga Selisih
BBMD,2021-07-08,Harga Selisih
BBMD,2021-07-09,Harga Selisih
BBMD,2021-07-12,Harga Selisih
BBMD,2021-07-13,Harga Selisih
BBMD,2021-07-14,Harga Selisih
BBMD,2021-07-15,Harga Selisih
BBMD,2021-07-16,Harga Selisih
BBMD,2021-07-19,Harga Selisih
BBMD,2021-07-21,Harga Selisih
BBMD,2021-07-22,Harga Selisih
BBMD,2021-07-23,Harga Selisih
BBMD,2021-07-26,Harga Selisih
BBMD,2021-07-27,Harga Selisih
BBMD,2021-07-28,Harga Selisih
BBMD,2021-07-29,Harga Selisih
BBMD,2021-07-30,Harga Selisih
BBMD,2021-08-02,Harga Selisih
BBMD,2021-08-03,Harga Selisih
BBMD,2021-08-04,Harga Selisih
BBMD,2021-08-05,Harga Selisih
BBMD,2021-08-06,Harga Selisih
BBMD,2021-08-09,Harga Selisih
BBMD,2021-08-10,Harga Selisih
BBMD,2021-08-12,Harga Selisih
BBMD,2021-08-13,Harga Selisih
BBMD,2021-08-16,Harga Selisih
BBMD,2021-08-18,Harga Selisih
BBMD,2021-08-19,Harga Selisih
BBMD,2021-08-20,Harga Selisih
BBMD,2021-08-23,Harga Selisih
BBMD,2021-08-24,Harga Selisih
BBMD,2021-08-25,Harga Selisih
BBMD,2021-08-26,Harga Selisih
BBMD,2021-08-27,Harga Selisih
BBMD,2021-08-30,Harga Selisih
BBMD,2021-08-31,Harga Selisih
BBMD,2021-09-01,Harga Selisih
BBMD,2021-09-02,Harga Selisih
BBMD,2021-09-03,Harga Selisih
BBMD,2021-09-06,Harga Selisih
BBMD,2021-09-07,Harga Selisih
BBMD,2021-09-08,Harga Selisih
BBMD,2021-09-09,Harga Selisih
BBMD,2021-09-10,Harga Selisih
BBMD,2021-09-13,Harga Selisih
BBMD,2021-09-14,Harga Selisih
BBMD,2021-09-15,Harga Selisih
BBMD,2021-09-16,Harga Selisih
BBMD,2021-09-17,Harga Selisih
BBMD,2021-09-20,Harga Selisih
BBMD,2021-09-21,Harga Selisih
BBMD,2021-09-22,Harga Selisih
BBMD,2021-09-23,Harga Selisih
BBMD,2021-09-24,Harga Selisih
BBMD,2021-09-27,Harga Selisih
BBMD,2021-09-28,Harga Selisih
BBMD,2021-09-29,Harga Selisih
BBMD,2021-09-30,Harga Selisih
BBMD,2021-10-01,Harga Selisih
BBMD,2021-10-04,Harga Selisih
BBMD,2021-10-05,Harga Selisih
BBMD,2021-10-06,Harga Selisih
BBMD,2021-10-07,Harga Selisih
BBMD,2021-10-08,Harga Selisih
BBMD,2021-10-11,Harga Selisih
BBMD,2021-10-12,Harga Selisih
BBMD,2021-10-13,Harga Selisih
BBMD,2021-10-14,Harga Selisih
BBMD,2021-10-15,Harga Selisih
BBMD,2021-10-18,Harga Selisih
BBMD,2021-10-19,Harga Selisih
BBMD,2021-10-21,Harga Selisih
BBMD,2021-10-22,Harga Selisih
BBMD,2021-10-25,Harga Selisih
BBMD,2021-10-26,Harga Selisih
BBMD,2021-10-27,Harga Selisih
BBMD,2021-10-28,Harga Selisih
BBMD,2021-10-29,Harga Selisih
BBMD,2021-11-01,Harga Selisih
BBMD,2021-11-02,Harga Selisih
BBMD,2021-11-03,Harga Selisih
BBMD,2021-11-04,Harga Selisih
BBMD,2021-11-05,Harga Selisih
BBMD,2021-11-08,Harga Selisih
BBMD,2021-11-09,Harga Selisih
BBMD,2021-11-10,Harga Selisih
BBMD,2021-11-11,Harga Selisih
BBMD,2021-11-12,Harga Selisih
BBMD,2021-11-15,Harga Selisih
BBMD,2021-11-16,Harga Selisih
BBMD,2021-11-17,Harga Selisih
BBMD,2021-11-18,Harga Selisih
BBMD,2021-11-19,Harga Selisih
BBMD,2021-11-22,Harga Selisih
BBMD,2021-11-23,Harga Selisih
BBMD,2021-11-24,Harga Selisih
BBMD,2021-11-25,Harga Selisih
BBMD,2021-11-26,Harga Selisih
BBMD,2021-11-29,Harga Selisih
BBMD,2021-11-30,Harga Selisih
BBMD,2021-12-01,Harga Selisih
BBMD,2021-12-02,Harga Selisih
BBMD,2021-12-03,Harga Selisih
BBMD,2021-12-06,Harga Selisih
BBMD,2021-12-07,Harga Selisih
BBMD,2021-12-08,Harga Selisih
BBMD,2021-12-09,Harga Selisih
BBMD,2021-12-10,Harga Selisih
BBMD,2021-12-13,Harga Selisih
BBMD,2021-12-14,Harga Selisih
BBMD,2021-12-15,Harga Selisih
BBMD,2021-12-16,Harga Selisih
BBMD,2021-12-17,Harga Selisih
BBMD,2021-12-20,Harga Selisih
BBMD,2021-12-21,Harga Selisih
BBMD,2021-12-22,Harga Selisih
BBMD,2021-12-23,Harga Selisih
BBMD,2021-12-24,Harga Selisih
BBMD,2021-12-27,Harga Selisih
BBMD,2021-12-28,Harga Selisih
BBMD,2021-12-29,Harga Selisih
BBMD,2021-12-30,Harga Selisih
BBMD,2022-01-03,Harga Selisih
BBMD,2022-01-04,Harga Selisih
BBMD,2022-01-05,Harga Selisih
BBMD,2022-01-06,Harga Selisih
BBMD,2022-01-07,Harga Selisih
BBMD,2022-01-10,Harga Selisih
BBMD,2022-01-11,Harga Selisih
BBMD,2022-01-12,Harga Selisih
BBMD,2022-01-13,Harga Selisih
BBMD,2022-01-14,Harga Selisih
BBMD,2022-01-17,Harga Selisih
BBMD,2022-01-18,Harga Selisih
BBMD,2022-01-19,Harga Selisih
BBMD,2022-01-20,Harga Selisih
BBMD,2022-01-21,Harga Selisih
BBMD,2022-01-24,Harga Selisih
BBMD,2022-01-25,Harga Selisih
BBMD,2022-01-26,Harga Selisih
BBMD,2022-01-27,Harga Selisih
BBMD,2022-01-28,Harga Selisih
BBMD,2022-01-31,Harga Selisih
BBMD,2022-02-02,Harga Selisih
BBMD,2022-02-03,Harga Selisih
BBMD,2022-02-04,Harga Selisih
BBMD,2022-02-07,Harga Selisih
BBMD,2022-02-08,Harga Selisih
BBMD,2022-02-09,Harga Selisih
BBMD,2022-02-10,Harga Selisih
BBMD,2022-02-11,Harga Selisih
BBMD,2022-02-14,Harga Selisih
BBMD,2022-02-15,Harga Selisih
BBMD,2022-02-16,Harga Selisih
BBMD,2022-02-17,Harga Selisih
BBMD,2022-02-18,Harga Selisih
BBMD,2022-02-21,Harga Selisih
BBMD,2022-02-22,Harga Selisih
BBMD,2022-02-23,Harga Selisih
BBMD,2022-02-24,Harga Selisih
BBMD,2022-02-25,Harga Selisih
BBMD,2022-03-01,Harga Selisih
BBMD,2022-03-02,Harga Selisih
BBMD,2022-03-04,Harga Selisih
BBMD,2022-03-07,Harga Selisih
BBMD,2022-03-08,Harga Selisih
BBMD,2022-03-09,Harga Selisih
BBMD,2022-03-10,Harga Selisih
BBMD,2022-03-11,Harga Selisih
BBMD,2022-03-14,Harga Selisih
BBMD,2022-03-15,Harga Selisih
BBMD,2022-03-16,Harga Selisih
BBMD,2022-03-17,Harga Selisih
BBMD,2022-03-18,Harga Selisih
BBMD,2022-03-21,Harga Selisih
BBMD,2022-03-22,Harga Selisih
BBMD,2022-03-23,Harga Selisih
BBMD,2022-03-24,Harga Selisih
BBMD,2022-03-25,Harga Selisih
BBMD,2022-03-28,Harga Selisih
BBMD,2022-03-29,Harga Selisih
BBMD,2022-03-30,Harga Selisih
BBMD,2022-03-31,Harga Selisih
BBMD,2022-04-01,Harga Selisih
BBMD,2022-04-04,Harga Selisih
BBMD,2022-04-05,Harga Selisih
BBMD,2022-04-06,Harga Selisih
BBMD,2022-04-07,Harga Selisih
BBMD,2022-04-08,Harga Selisih
BBMD,2022-04-11,Harga Selisih
BBMD,2022-04-12,Harga Selisih
BBMD,2022-04-13,Harga Selisih
BBMD,2022-04-14,Harga Selisih
BBMD,2022-04-18,Harga Selisih
BBMD,2022-04-19,Harga Selisih
BBMD,2022-04-20,Harga Selisih
BBMD,2022-04-21,Harga Selisih
BBMD,2022-04-22,Harga Selisih
BBMD,2022-04-25,Harga Selisih
BBMD,2022-04-26,Harga Selisih
BBMD,2022-04-27,Harga Selisih
BBMD,2022-04-28,Harga Selisih
BBMD,2022-05-09,Harga Selisih
BBMD,2022-05-10,Harga Selisih
BBMD,2022-05-11,Harga Selisih
BBMD,2022-05-12,Harga Selisih
BBMD,2022-05-13,Harga Selisih
BBMD,2022-05-17,Harga Selisih
BBMD,2022-05-18,Harga Selisih
BBMD,2022-05-19,Harga Selisih
BBMD,2022-05-20,Harga Selisih
BBMD,2022-05-23,Harga Selisih
BBMD,2022-05-24,Harga Selisih
BBMD,2022-05-25,Harga Selisih
BBMD,2022-05-27,Harga Selisih
BBMD,2022-05-30,Harga Selisih
BBMD,2022-05-31,Harga Selisih
BBMD,2022-06-02,Harga Selisih
BBMD,2022-06-03,Harga Selisih
BBMD,2022-06-06,Harga Selisih
BBMD,2022-06-07,Harga Selisih
BBMD,2022-06-08,Harga Selisih
BBMD,2022-06-09,Harga Selisih
BBMD,2022-06-10,Harga Selisih
BBMD,2022-06-13,Harga Selisih
BBMD,2022-06-14,Harga Selisih
BBMD,2022-06-15,Harga Selisih
BBMD,2022-06-16,Harga Selisih
BBMD,2022-06-17,Harga Selisih
BBMD,2022-06-20,Harga Selisih
BBMD,2022-06-21,Harga Selisih
BBMD,2022-06-22,Harga Selisih
BBMD,2022-06-23,Harga Selisih
BBMD,2022-06-24,Harga Selisih
BBMD,2022-06-27,Harga Selisih
BBMD,2022-06-28,Harga Selisih
BBMD,2022-06-29,Harga Selisih
BBMD,2022-06-30,Harga Selisih
BBMD,2022-07-01,Harga Selisih
BBMD,2022-07-04,Harga Selisih
BBMD,2022-07-05,Harga Selisih
BBMD,2022-07-06,Harga Selisih
BBMD,2022-07-07,Harga Selisih
BBMD,2022-07-08,Harga Selisih
BBMD,2022-07-11,Harga Selisih
BBMD,2022-07-12,Harga Selisih
BBMD,2022-07-13,Harga Selisih
BBMD,2022-07-14,Harga Selisih
BBMD,2022-07-15,Harga Selisih
BBMD,2022-07-18,Harga Selisih
BBMD,2022-07-19,Harga Selisih
BBMD,2022-07-20,Harga Selisih
BBMD,2022-07-21,Harga Selisih
BBMD,2022-07-22,Harga Selisih
BBMD,2022-07-25,Harga Selisih
BBMD,2022-07-26,Harga Selisih
BBMD,2022-07-27,Harga Selisih
BBMD,2022-07-28,Harga Selisih
BBMD,2022-07-29,Harga Selisih
BBMD,2022-08-01,Harga Selisih
BBMD,2022-08-02,Harga Selisih
BBMD,2022-08-03,Harga Selisih
BBMD,2022-08-04,Harga Selisih
BBMD,2022-08-05,Harga Selisih
BBMD,2022-08-08,Harga Selisih
BBMD,2022-08-09,Harga Selisih
BBMD,2022-08-10,Harga Selisih
BBMD,2022-08-11,Harga Selisih
BBMD,2022-08-12,Harga Selisih
BBMD,2022-08-15,Harga Selisih
BBMD,2022-08-16,Harga Selisih
BBMD,2022-08-18,Harga Selisih
BBMD,2022-08-19,Harga Selisih
BBMD,2022-08-22,Harga Selisih
BBMD,2022-08-23,Harga Selisih
BBMD,2022-08-24,Harga Selisih
BBMD,2022-08-25,Harga Selisih
BBMD,2022-08-26,Harga Selisih
BBMD,2022-08-29,Harga Selisih
BBMD,2022-08-30,Harga Selisih
BBMD,2022-08-31,Harga Selisih
BBMD,2022-09-01,Harga Selisih
BBMD,2022-09-02,Harga Selisih
BBMD,2022-09-05,Harga Selisih
BBMD,2022-09-06,Harga Selisih
BBMD,2022-09-07,Harga Selisih
BBMD,2022-09-08,Harga Selisih
BBMD,2022-09-09,Harga Selisih
BBMD,2022-09-12,Harga Selisih
BBMD,2022-09-13,Harga Selisih
BBMD,2022-09-14,Harga Selisih
BBMD,2022-09-15,Harga Selisih
BBMD,2022-09-16,Harga Selisih
BBMD,2022-09-19,Harga Selisih
BBMD,2022-09-20,Harga Selisih
BBMD,2022-09-21,Harga Selisih
BBMD,2022-09-22,Harga Selisih
BBMD,2022-09-23,Harga Selisih
BBMD,2022-09-26,Harga Selisih
BBMD,2022-09-27,Harga Selisih
BBMD,2022-09-28,Harga Selisih
BBMD,2022-09-29,Harga Selisih
BBMD,2022-09-30,Harga Selisih
BBMD,2022-10-03,Harga Selisih
BBMD,2022-10-04,Harga Selisih
BBMD,2022-10-05,Harga Selisih
BBMD,2022-10-06,Harga Selisih
BBMD,2022-10-07,Harga Selisih
BBMD,2022-10-10,Harga Selisih
BBMD,2022-10-11,Harga Selisih
BBMD,2022-10-12,Harga Selisih
BBMD,2022-10-13,Harga Selisih
BBMD,2022-10-14,Harga Selisih
BBMD,2022-10-17,Harga Selisih
BBMD,2022-10-18,Harga Selisih
BBMD,2022-10-19,Harga Selisih
BBMD,2022-10-20,Harga Selisih
BBMD,2022-10-21,Harga Selisih
BBMD,2022-10-24,Harga Selisih
BBMD,2022-10-25,Harga Selisih
BBMD,2022-10-26,Harga Selisih
BBMD,2022-10-27,Harga Selisih
BBMD,2022-10-28,Harga Selisih
BBMD,2022-10-31,Harga Selisih
BBMD,2022-11-01,Harga Selisih
BBMD,2022-11-02,Harga Selisih
BBMD,2022-11-03,Harga Selisih
BBMD,2022-11-04,Harga Selisih
BBMD,2022-11-07,Harga Selisih
BBMD,2022-11-08,Harga Selisih
BBMD,2022-11-09,Harga Selisih
BBMD,2022-11-10,Harga Selisih
BBMD,2022-11-11,Harga Selisih
BBMD,2022-11-14,Harga Selisih
BBMD,2022-11-15,Harga Selisih
BBMD,2022-11-16,Harga Selisih
BBMD,2022-11-17,Harga Selisih
BBMD,2022-11-18,Harga Selisih
BBMD,2022-11-21,Harga Selisih
BBMD,2022-11-22,Harga Selisih
BBMD,2022-11-23,Harga Selisih
BBMD,2022-11-24,Harga Selisih
BBMD,2022-11-25,Harga Selisih
BBMD,2022-11-28,Harga Selisih
BBMD,2022-11-29,Harga Selisih
BBMD,2022-11-30,Harga Selisih
BBMD,2022-12-01,Harga Selisih
BBMD,2022-12-02,Harga Selisih
BBMD,2022-12-05,Harga Selisih
BBMD,2022-12-06,Harga Selisih
BBMD,2022-12-07,Harga Selisih
BBMD,2022-12-08,Harga Selisih
BBMD,2022-12-09,Harga Selisih
BBMD,2022-12-12,Harga Selisih
BBMD,2022-12-13,Harga Selisih
BBMD,2022-12-14,Harga Selisih
BBMD,2022-12-15,Harga Selisih
BBMD,2022-12-16,Harga Selisih
BBMD,2022-12-19,Harga Selisih
BBMD,2022-12-20,Harga Selisih
BBMD,2022-12-21,Harga Selisih
BBMD,2022-12-22,Harga Selisih
BBMD,2022-12-23,Harga Selisih
BBMD,2022-12-26,Harga Selisih
BBMD,2022-12-27,Harga Selisih
BBMD,2022-12-28,Harga Selisih
BBMD,2022-12-29,Harga Selisih
BBMD,2022-12-30,Harga Selisih
BBMD,2023-01-02,Harga Selisih
BBMD,2023-01-03,Harga Selisih
BBMD,2023-01-04,Harga Selisih
BBMD,2023-01-05,Harga Selisih
BBMD,2023-01-06,Harga Selisih
BBMD,2023-01-09,Harga Selisih
BBMD,2023-01-10,Harga Selisih
BBMD,2023-01-11,Harga Selisih
BBMD,2023-01-12,Harga Selisih
BBMD,2023-01-13,Harga Selisih
BBMD,2023-01-16,Harga Selisih
BBMD,2023-01-17,Harga Selisih
BBMD,2023-01-18,Harga Selisih
BBMD,2023-01-19,Harga Selisih
BBMD,2023-01-20,Harga Selisih
BBMD,2023-01-24,Harga Selisih
BBMD,2023-01-25,Harga Selisih
BBMD,2023-01-26,Harga Selisih
BBMD,2023-01-27,Harga Selisih
BBMD,2023-01-30,Harga Selisih
BBMD,2023-01-31,Harga Selisih
BBMD,2023-02-01,Harga Selisih
BBMD,2023-02-02,Harga Selisih
BBMD,2023-02-03,Harga Selisih
BBMD,2023-02-06,Harga Selisih
BBMD,2023-02-07,Harga Selisih
BBMD,2023-02-08,Harga Selisih
BBMD,2023-02-09,Harga Selisih
BBMD,2023-02-10,Harga Selisih
BBMD,2023-02-13,Harga Selisih
BBMD,2023-02-14,Harga Selisih
BBMD,2023-02-15,Harga Selisih
BBMD,2023-02-16,Harga Selisih
BBMD,2023-02-17,Harga Selisih
BBMD,2023-02-20,Harga Selisih
BBMD,2023-02-21,Harga Selisih
BBMD,2023-02-22,Harga Selisih
BBMD,2023-02-23,Harga Selisih
BBMD,2023-02-24,Harga Selisih
BBMD,2023-02-27,Harga Selisih
BBMD,2023-02-28,Harga Selisih
BBMD,2023-03-01,Harga Selisih
BBMD,2023-03-02,Harga Selisih
BBMD,2023-03-03,Harga Selisih
BBMD,2023-03-06,Harga Selisih
BBMD,2023-03-07,Harga Selisih
BBMD,2023-03-08,Harga Selisih
BBMD,2023-03-09,Harga Selisih
BBMD,2023-03-10,Harga Selisih
BBMD,2023-03-13,Harga Selisih
BBMD,2023-03-14,Harga Selisih
BBMD,2023-03-15,Harga Selisih
BBMD,2023-03-16,Harga Selisih
BBMD,2023-03-17,Harga Selisih
BBMD,2023-03-20,Harga Selisih
BBMD,2023-03-21,Harga Selisih
BBMD,2023-03-24,Harga Selisih
BBMD,2023-03-27,Harga Selisih
BBMD,2023-03-28,Harga Selisih
BBMD,2023-03-29,Harga Selisih
BBMD,2023-03-30,Harga Selisih
BBMD,2023-03-31,Harga Selisih
BBMD,2023-04-03,Harga Selisih
BBMD,2023-04-04,Harga Selisih
BBMD,2023-04-05,Harga Selisih
BBMD,2023-04-06,Harga Selisih
BBMD,2023-04-10,Harga Selisih
BBMD,2023-04-11,Harga Selisih
BBMD,2023-04-12,Harga Selisih
BBMD,2023-04-13,Harga Selisih
BBMD,2023-04-14,Harga Selisih
BBMD,2023-04-17,Harga Selisih
BBMD,2023-04-18,Harga Selisih
BBMD,2023-04-26,Harga Selisih
BBMD,2023-04-27,Harga Selisih
BBMD,2023-04-28,Harga Selisih
BBMD,2023-05-02,Harga Selisih
BBMD,2023-05-03,Harga Selisih
BBMD,2023-05-04,Harga Selisih
BBMD,2023-05-05,Harga Selisih
BBMD,2023-05-08,Harga Selisih
BBMD,2023-05-09,Harga Selisih
BBMD,2023-05-10,Harga Selisih
BBMD,2023-05-11,Harga Selisih
BBMD,2023-05-12,Harga Selisih
BBMD,2023-05-15,Harga Selisih
BBMD,2023-05-16,Harga Selisih
BBMD,2023-05-17,Harga Selisih
BBMD,2023-05-19,Harga Selisih
BBMD,2023-05-22,Harga Selisih
BBMD,2023-05-23,Harga Selisih
BBMD,2023-05-24,Harga Selisih
BBMD,2023-05-25,Harga Selisih
BBMD,2023-05-26,Harga Selisih
BBMD,2023-05-29,Harga Selisih
BBMD,2023-05-30,Harga Selisih
BBMD,2023-05-31,Harga Selisih
BBMD,2023-06-05,Harga Selisih
BBMD,2023-06-06,Harga Selisih
BBMD,2023-06-07,Harga Selisih
BBMD,2023-06-08,Harga Selisih
BBMD,2023-06-09,Harga Selisih
BBMD,2023-06-12,Harga Selisih
BBMD,2023-06-13,Harga Selisih
BBMD,2023-06-14,Harga Selisih
BBMD,2023-06-15,Harga Selisih
BBMD,2023-06-16,Harga Selisih
BBMD,2023-06-19,Harga Selisih
BBMD,2023-06-20,Harga Selisih
BBMD,2023-06-21,Harga Selisih
BBMD,2023-06-22,Harga Selisih
BBMD,2023-06-23,Harga Selisih
BBMD,2023-06-26,Harga Selisih
BBMD,2023-06-27,Harga Selisih
BBMD,2023-07-03,Harga Selisih
BBMD,2023-07-04,Harga Selisih
BBMD,2023-07-05,Harga Selisih
BBMD,2023-07-06,Harga Selisih
BBMD,2023-07-07,Harga Selisih
BBMD,2023-07-10,Harga Selisih
BBMD,2023-07-11,Harga Selisih
BBMD,2023-07-12,Harga Selisih
BBMD,2023-07-13,Harga Selisih
BBMD,2023-07-14,Harga Selisih
BBMD,2023-07-17,Harga Selisih
BBMD,2023-07-18,Harga Selisih
BBMD,2023-07-20,Harga Selisih
BBMD,2023-07-21,Harga Selisih
BBMD,2023-07-24,Harga Selisih
BBMD,2023-07-25,Harga Selisih
BBMD,2023-07-26,Harga Selisih
BBMD,2023-07-27,Harga Selisih
BBMD,2023-07-28,Harga Selisih
BBMD,2023-07-31,Harga Selisih
BBMD,2023-08-01,Harga Selisih
BBMD,2023-08-02,Harga Selisih
BBMD,2023-08-03,Harga Selisih
BBMD,2023-08-04,Harga Selisih
BBMD,2023-08-07,Harga Selisih
BBMD,2023-08-08,Harga Selisih
BBMD,2023-08-09,Harga Selisih
BBMD,2023-08-10,Harga Selisih
BBMD,2023-08-11,Harga Selisih
BBMD,2023-08-14,Harga Selisih
BBMD,2023-08-15,Harga Selisih
BBMD,2023-08-16,Harga Selisih
BBMD,2023-08-18,Harga Selisih
BBMD,2023-08-21,Harga Selisih
BBMD,2023-08-22,Harga Selisih
BBMD,2023-08-23,Harga Selisih
BBMD,2023-08-24,Harga Selisih
BBMD,2023-08-25,Harga Selisih
BBMD,2023-08-28,Harga Selisih
BBMD,2023-08-29,Harga Selisih
BBMD,2023-08-30,Harga Selisih
BBMD,2023-08-31,Harga Selisih
BBMD,2023-09-01,Harga Selisih
BBMD,2023-09-04,Harga Selisih
BBMD,2023-09-05,Harga Selisih
BBMD,2023-09-06,Harga Selisih
BBMD,2023-09-07,Harga Selisih
BBMD,2023-09-08,Harga Selisih
BBMD,2023-09-11,Harga Selisih
BBMD,2023-09-12,Harga Selisih
BBMD,2023-09-13,Harga Selisih
BBMD,2023-09-14,Harga Selisih
BBMD,2023-09-15,Harga Selisih
BBMD,2023-09-18,Harga Selisih
BBMD,2023-09-19,Harga Selisih
BBMD,2023-09-20,Harga Selisih
BBMD,2023-09-21,Harga Selisih
BBMD,2023-09-22,Harga Selisih
BBMD,2023-09-25,Harga Selisih
BBMD,2023-09-26,Harga Selisih
BBMD,2023-09-27,Harga Selisih
BBMD,2023-09-29,Harga Selisih
BBMD,2023-10-02,Harga Selisih
BBMD,2023-10-03,Harga Selisih
BBMD,2023-10-04,Harga Selisih
BBMD,2023-10-05,Harga Selisih
BBMD,2023-10-06,Harga Selisih
BBMD,2023-10-09,Harga Selisih
BBMD,2023-10-10,Harga Selisih
BBMD,2023-10-11,Harga Selisih
BBMD,2023-10-12,Harga Selisih
BBMD,2023-10-13,Harga Selisih
BBMD,2023-10-16,Harga Selisih
BBMD,2023-10-17,Harga Selisih
BBMD,2023-10-18,Harga Selisih
BBMD,2023-10-19,Harga Selisih
BBMD,2023-10-20,Harga Selisih
BBMD,2023-10-23,Harga Selisih
BBMD,2023-10-24,Harga Selisih
BBMD,2023-10-25,Harga Selisih
BBMD,2023-10-26,Harga Selisih
BBMD,2023-10-27,Harga Selisih
BBMD,2023-10-30,Harga Selisih
BBMD,2023-10-31,Harga Selisih
BBMD,2023-11-01,Harga Selisih
BBMD,2023-11-02,Harga Selisih
BBMD,2023-11-03,Harga Selisih
BBMD,2023-11-06,Harga Selisih
BBMD,2023-11-07,Harga Selisih
BBMD,2023-11-08,Harga Selisih
BBMD,2023-11-09,Harga Selisih
BBMD,2023-11-10,Harga Selisih
BBMD,2023-11-13,Harga Selisih
BBMD,2023-11-14,Harga Selisih
BBMD,2023-11-15,Harga Selisih
BBMD,2023-11-16,Harga Selisih
BBMD,2023-11-17,Harga Selisih
BBMD,2023-11-20,Harga Selisih
BBMD,2023-11-21,Harga Selisih
BBMD,2023-11-22,Harga Selisih
BBMD,2023-11-23,Harga Selisih
BBMD,2023-11-24,Harga Selisih
BBMD,2023-11-27,Harga Selisih
BBMD,2023-11-28,Harga Selisih
BBMD,2023-11-29,Harga Selisih
BBMD,2023-11-30,Harga Selisih
BBMD,2023-12-01,Harga Selisih
BBMD,2023-12-04,Harga Selisih
BBMD,2023-12-05,Harga Selisih
BBMD,2023-12-06,Harga Selisih
BBMD,2023-12-07,Harga Selisih
BBMD,2023-12-08,Harga Selisih
BBMD,2023-12-11,Harga Selisih
BBMD,2023-12-12,Harga Selisih
BBMD,2023-12-13,Harga Selisih
BBMD,2023-12-14,Harga Selisih
BBMD,2023-12-15,Harga Selisih
BBMD,2023-12-18,Harga Selisih
BBMD,2023-12-19,Harga Selisih
BBMD,2023-12-20,Harga Selisih
BBMD,2023-12-21,Harga Selisih
BBMD,2023-12-22,Harga Selisih
BBNI,2019-12-26,Harga Selisih
BBNI,2019-12-27,Harga Selisih
BBNI,2019-12-30,Harga Selisih
BBNI,2020-01-02,Harga Selisih
BBNI,2020-01-03,Harga Selisih
BBNI,2020-01-06,Harga Selisih
BBNI,2020-01-07,Harga Selisih
BBNI,2020-01-08,Harga Selisih
BBNI,2020-01-09,Harga Selisih
BBNI,2020-01-10,Harga Selisih
BBNI,2020-01-13,Harga Selisih
BBNI,2020-01-14,Harga Selisih
BBNI,2020-01-15,Harga Selisih
BBNI,2020-01-16,Harga Selisih
BBNI,2020-01-17,Harga Selisih
BBNI,2020-01-20,Harga Selisih
BBNI,2020-01-21,Harga Selisih
BBNI,2020-01-22,Harga Selisih
BBNI,2020-01-23,Harga Selisih
BBNI,2020-01-24,Harga Selisih
BBNI,2020-01-27,Harga Selisih
BBNI,2020-01-28,Harga Selisih
BBNI,2020-01-29,Harga Selisih
BBNI,2020-01-30,Harga Selisih
BBNI,2020-01-31,Harga Selisih
BBNI,2020-02-03,Harga Selisih
BBNI,2020-02-04,Harga Selisih
BBNI,2020-02-05,Harga Selisih
BBNI,2020-02-06,Harga Selisih
BBNI,2020-02-07,Harga Selisih
BBNI,2020-02-10,Harga Selisih
BBNI,2020-02-11,Harga Selisih
BBNI,2020-02-12,Harga Selisih
BBNI,2020-02-13,Harga Selisih
BBNI,2020-02-14,Harga Selisih
BBNI,2020-02-17,Harga Selisih
BBNI,2020-02-18,Harga Selisih
BBNI,2020-02-19,Harga Selisih
BBNI,2020-02-20,Harga Selisih
BBNI,2020-02-21,Harga Selisih
BBNI,2020-02-24,Harga Selisih
BBNI,2020-02-25,Harga Selisih
BBNI,2020-02-26,Harga Selisih
BBNI,2020-02-27,Harga Selisih
BBNI,2020-02-28,Harga Selisih
BBNI,2020-03-02,Harga Selisih
BBNI,2020-03-03,Harga Selisih
BBNI,2020-03-04,Harga Selisih
BBNI,2020-03-05,Harga Selisih
BBNI,2020-03-06,Harga Selisih
BBNI,2020-03-09,Harga Selisih
BBNI,2020-03-10,Harga Selisih
BBNI,2020-03-11,Harga Selisih
BBNI,2020-03-12,Harga Selisih
BBNI,2020-03-13,Harga Selisih
BBNI,2020-03-16,Harga Selisih
BBNI,2020-03-17,Harga Selisih
BBNI,2020-03-18,Harga Selisih
BBNI,2020-03-19,Harga Selisih
BBNI,2020-03-20,Harga Selisih
BBNI,2020-03-23,Harga Selisih
BBNI,2020-03-24,Harga Selisih
BBNI,2020-03-26,Harga Selisih
BBNI,2020-03-27,Harga Selisih
BBNI,2020-03-30,Harga Selisih
BBNI,2020-03-31,Harga Selisih
BBNI,2020-04-01,Harga Selisih
BBNI,2020-04-02,Harga Selisih
BBNI,2020-04-03,Harga Selisih
BBNI,2020-04-06,Harga Selisih
BBNI,2020-04-07,Harga Selisih
BBNI,2020-04-08,Harga Selisih
BBNI,2020-04-09,Harga Selisih
BBNI,2020-04-13,Harga Selisih
BBNI,2020-04-14,Harga Selisih
BBNI,2020-04-15,Harga Selisih
BBNI,2020-04-16,Harga Selisih
BBNI,2020-04-17,Harga Selisih
BBNI,2020-04-20,Harga Selisih
BBNI,2020-04-21,Harga Selisih
BBNI,2020-04-22,Harga Selisih
BBNI,2020-04-23,Harga Selisih
BBNI,2020-04-24,Harga Selisih
BBNI,2020-04-27,Harga Selisih
BBNI,2020-04-28,Harga Selisih
BBNI,2020-04-29,Harga Selisih
BBNI,2020-04-30,Harga Selisih
BBNI,2020-05-04,Harga Selisih
BBNI,2020-05-05,Harga Selisih
BBNI,2020-05-06,Harga Selisih
BBNI,2020-05-08,Harga Selisih
BBNI,2020-05-11,Harga Selisih
BBNI,2020-05-12,Harga Selisih
BBNI,2020-05-13,Harga Selisih
BBNI,2020-05-14,Harga Selisih
BBNI,2020-05-15,Harga Selisih
BBNI,2020-05-18,Harga Selisih
BBNI,2020-05-19,Harga Selisih
BBNI,2020-05-20,Harga Selisih
BBNI,2020-05-26,Harga Selisih
BBNI,2020-05-27,Harga Selisih
BBNI,2020-05-28,Harga Selisih
BBNI,2020-05-29,Harga Selisih
BBNI,2020-06-02,Harga Selisih
BBNI,2020-06-03,Harga Selisih
BBNI,2020-06-04,Harga Selisih
BBNI,2020-06-05,Harga Selisih
BBNI,2020-06-08,Harga Selisih
BBNI,2020-06-09,Harga Selisih
BBNI,2020-06-10,Harga Selisih
BBNI,2020-06-11,Harga Selisih
BBNI,2020-06-12,Harga Selisih
BBNI,2020-06-15,Harga Selisih
BBNI,2020-06-16,Harga Selisih
BBNI,2020-06-17,Harga Selisih
BBNI,2020-06-18,Harga Selisih
BBNI,2020-06-19,Harga Selisih
BBNI,2020-06-22,Harga Selisih
BBNI,2020-06-23,Harga Selisih
BBNI,2020-06-24,Harga Selisih
BBNI,2020-06-25,Harga Selisih
BBNI,2020-06-26,Harga Selisih
BBNI,2020-06-29,Harga Selisih
BBNI,2020-06-30,Harga Selisih
BBNI,2020-07-01,Harga Selisih
BBNI,2020-07-02,Harga Selisih
BBNI,2020-07-03,Harga Selisih
BBNI,2020-07-06,Harga Selisih
BBNI,2020-07-07,Harga Selisih
BBNI,2020-07-08,Harga Selisih
BBNI,2020-07-09,Harga Selisih
BBNI,2020-07-10,Harga Selisih
BBNI,2020-07-13,Harga Selisih
BBNI,2020-07-14,Harga Selisih
BBNI,2020-07-15,Harga Selisih
BBNI,2020-07-16,Harga Selisih
BBNI,2020-07-17,Harga Selisih
BBNI,2020-07-20,Harga Selisih
BBNI,2020-07-21,Harga Selisih
BBNI,2020-07-22,Harga Selisih
BBNI,2020-07-23,Harga Selisih
BBNI,2020-07-24,Harga Selisih
BBNI,2020-07-27,Harga Selisih
BBNI,2020-07-28,Harga Selisih
BBNI,2020-07-29,Harga Selisih
BBNI,2020-07-30,Harga Selisih
BBNI,2020-08-03,Harga Selisih
BBNI,2020-08-04,Harga Selisih
BBNI,2020-08-05,Harga Selisih
BBNI,2020-08-06,Harga Selisih
BBNI,2020-08-07,Harga Selisih
BBNI,2020-08-10,Harga Selisih
BBNI,2020-08-11,Harga Selisih
BBNI,2020-08-12,Harga Selisih
BBNI,2020-08-13,Harga Selisih
BBNI,2020-08-14,Harga Selisih
BBNI,2020-08-18,Harga Selisih
BBNI,2020-08-19,Harga Selisih
BBNI,2020-08-24,Harga Selisih
BBNI,2020-08-25,Harga Selisih
BBNI,2020-08-26,Harga Selisih
BBNI,2020-08-27,Harga Selisih
BBNI,2020-08-28,Harga Selisih
BBNI,2020-08-31,Harga Selisih
BBNI,2020-09-01,Harga Selisih
BBNI,2020-09-02,Harga Selisih
BBNI,2020-09-03,Harga Selisih
BBNI,2020-09-04,Harga Selisih
BBNI,2020-09-07,Harga Selisih
BBNI,2020-09-08,Harga Selisih
BBNI,2020-09-09,Harga Selisih
BBNI,2020-09-10,Harga Selisih
BBNI,2020-09-11,Harga Selisih
BBNI,2020-09-14,Harga Selisih
BBNI,2020-09-15,Harga Selisih
BBNI,2020-09-16,Harga Selisih
BBNI,2020-09-17,Harga Selisih
BBNI,2020-09-18,Harga Selisih
BBNI,2020-09-21,Harga Selisih
BBNI,2020-09-22,Harga Selisih
BBNI,2020-09-23,Harga Selisih
BBNI,2020-09-24,Harga Selisih
BBNI,2020-09-25,Harga Selisih
BBNI,2020-09-28,Harga Selisih
BBNI,2020-09-29,Harga Selisih
BBNI,2020-09-30,Harga Selisih
BBNI,2020-10-01,Harga Selisih
BBNI,2020-10-02,Harga Selisih
BBNI,2020-10-05,Harga Selisih
BBNI,2020-10-06,Harga Selisih
BBNI,2020-10-07,Harga Selisih
BBNI,2020-10-08,Harga Selisih
BBNI,2020-10-09,Harga Selisih
BBNI,2020-10-12,Harga Selisih
BBNI,2020-10-13,Harga Selisih
BBNI,2020-10-14,Harga Selisih
BBNI,2020-10-15,Harga Selisih
BBNI,2020-10-16,Harga Selisih
BBNI,2020-10-19,Harga Selisih
BBNI,2020-10-20,Harga Selisih
BBNI,2020-10-21,Harga Selisih
BBNI,2020-10-22,Harga Selisih
BBNI,2020-10-23,Harga Selisih
BBNI,2020-10-26,Harga Selisih
BBNI,2020-10-27,Harga Selisih
BBNI,2020-11-02,Harga Selisih
BBNI,2020-11-03,Harga Selisih
BBNI,2020-11-04,Harga Selisih
BBNI,2020-11-05,Harga Selisih
BBNI,2020-11-06,Harga Selisih
BBNI,2020-11-09,Harga Selisih
BBNI,2020-11-10,Harga Selisih
BBNI,2020-11-11,Harga Selisih
BBNI,2020-11-12,Harga Selisih
BBNI,2020-11-13,Harga Selisih
BBNI,2020-11-16,Harga Selisih
BBNI,2020-11-17,Harga Selisih
BBNI,2020-11-18,Harga Selisih
BBNI,2020-11-19,Harga Selisih
BBNI,2020-11-20,Harga Selisih
BBNI,2020-11-23,Harga Selisih
BBNI,2020-11-24,Harga Selisih
BBNI,2020-11-25,Harga Selisih
BBNI,2020-11-26,Harga Selisih
BBNI,2020-11-27,Harga Selisih
BBNI,2020-11-30,Harga Selisih
BBNI,2020-12-01,Harga Selisih
BBNI,2020-12-02,Harga Selisih
BBNI,2020-12-03,Harga Selisih
BBNI,2020-12-04,Harga Selisih
BBNI,2020-12-07,Harga Selisih
BBNI,2020-12-08,Harga Selisih
BBNI,2020-12-10,Harga Selisih
BBNI,2020-12-11,Harga Selisih
BBNI,2020-12-14,Harga Selisih
BBNI,2020-12-15,Harga Selisih
BBNI,2020-12-16,Harga Selisih
BBNI,2020-12-17,Harga Selisih
BBNI,2020-12-18,Harga Selisih
BBNI,2020-12-21,Harga Selisih
BBNI,2020-12-22,Harga Selisih
BBNI,2020-12-23,Harga Selisih
BBNI,2020-12-28,Harga Selisih
BBNI,2020-12-29,Harga Selisih
BBNI,2020-12-30,Harga Selisih
BBNI,2021-01-04,Harga Selisih
BBNI,2021-01-05,Harga Selisih
BBNI,2021-01-06,Harga Selisih
BBNI,2021-01-07,Harga Selisih
BBNI,2021-01-08,Harga Selisih
BBNI,2021-01-11,Harga Selisih
BBNI,2021-01-12,Harga Selisih
BBNI,2021-01-13,Harga Selisih
BBNI,2021-01-14,Harga Selisih
BBNI,2021-01-15,Harga Selisih
BBNI,2021-01-18,Harga Selisih
BBNI,2021-01-19,Harga Selisih
BBNI,2021-01-20,Harga Selisih
BBNI,2021-01-21,Harga Selisih
BBNI,2021-01-22,Harga Selisih
BBNI,2021-01-25,Harga Selisih
BBNI,2021-01-26,Harga Selisih
BBNI,2021-01-27,Harga Selisih
BBNI,2021-01-28,Harga Selisih
BBNI,2021-01-29,Harga Selisih
BBNI,2021-02-01,Harga Selisih
BBNI,2021-02-02,Harga Selisih
BBNI,2021-02-03,Harga Selisih
BBNI,2021-02-04,Harga Selisih
BBNI,2021-02-05,Harga Selisih
BBNI,2021-02-08,Harga Selisih
BBNI,2021-02-09,Harga Selisih
BBNI,2021-02-10,Harga Selisih
BBNI,2021-02-11,Harga Selisih
BBNI,2021-02-15,Harga Selisih
BBNI,2021-02-16,Harga Selisih
BBNI,2021-02-17,Harga Selisih
BBNI,2021-02-18,Harga Selisih
BBNI,2021-02-19,Harga Selisih
BBNI,2021-02-22,Harga Selisih
BBNI,2021-02-23,Harga Selisih
BBNI,2021-02-24,Harga Selisih
BBNI,2021-02-25,Harga Selisih
BBNI,2021-02-26,Harga Selisih
BBNI,2021-03-01,Harga Selisih
BBNI,2021-03-02,Harga Selisih
BBNI,2021-03-03,Harga Selisih
BBNI,2021-03-04,Harga Selisih
BBNI,2021-03-05,Harga Selisih
BBNI,2021-03-08,Harga Selisih
BBNI,2021-03-09,Harga Selisih
BBNI,2021-03-10,Harga Selisih
BBNI,2021-03-12,Harga Selisih
BBNI,2021-03-15,Harga Selisih
BBNI,2021-03-16,Harga Selisih
BBNI,2021-03-17,Harga Selisih
BBNI,2021-03-18,Harga Selisih
BBNI,2021-03-19,Harga Selisih
BBNI,2021-03-22,Harga Selisih
BBNI,2021-03-23,Harga Selisih
BBNI,2021-03-24,Harga Selisih
BBNI,2021-03-25,Harga Selisih
BBNI,2021-03-26,Harga Selisih
BBNI,2021-03-29,Harga Selisih
BBNI,2021-03-30,Harga Selisih
BBNI,2021-03-31,Harga Selisih
BBNI,2021-04-01,Harga Selisih
BBNI,2021-04-05,Harga Selisih
BBNI,2021-04-06,Harga Selisih
BBNI,2021-04-07,Harga Selisih
BBNI,2021-04-08,Harga Selisih
BBNI,2021-04-09,Harga Selisih
BBNI,2021-04-12,Harga Selisih
BBNI,2021-04-13,Harga Selisih
BBNI,2021-04-14,Harga Selisih
BBNI,2021-04-15,Harga Selisih
BBNI,2021-04-16,Harga Selisih
BBNI,2021-04-19,Harga Selisih
BBNI,2021-04-20,Harga Selisih
BBNI,2021-04-21,Harga Selisih
BBNI,2021-04-22,Harga Selisih
BBNI,2021-04-23,Harga Selisih
BBNI,2021-04-26,Harga Selisih
BBNI,2021-04-27,Harga Selisih
BBNI,2021-04-28,Harga Selisih
BBNI,2021-04-29,Harga Selisih
BBNI,2021-04-30,Harga Selisih
BBNI,2021-05-03,Harga Selisih
BBNI,2021-05-04,Harga Selisih
BBNI,2021-05-05,Harga Selisih
BBNI,2021-05-06,Harga Selisih
BBNI,2021-05-07,Harga Selisih
BBNI,2021-05-10,Harga Selisih
BBNI,2021-05-11,Harga Selisih
BBNI,2021-05-17,Harga Selisih
BBNI,2021-05-18,Harga Selisih
BBNI,2021-05-19,Harga Selisih
BBNI,2021-05-20,Harga Selisih
BBNI,2021-05-21,Harga Selisih
BBNI,2021-05-24,Harga Selisih
BBNI,2021-05-25,Harga Selisih
BBNI,2021-05-27,Harga Selisih
BBNI,2021-05-28,Harga Selisih
BBNI,2021-05-31,Harga Selisih
BBNI,2021-06-02,Harga Selisih
BBNI,2021-06-03,Harga Selisih
BBNI,2021-06-04,Harga Selisih
BBNI,2021-06-07,Harga Selisih
BBNI,2021-06-08,Harga Selisih
BBNI,2021-06-09,Harga Selisih
BBNI,2021-06-10,Harga Selisih
BBNI,2021-06-11,Harga Selisih
BBNI,2021-06-14,Harga Selisih
BBNI,2021-06-15,Harga Selisih
BBNI,2021-06-16,Harga Selisih
BBNI,2021-06-17,Harga Selisih
BBNI,2021-06-18,Harga Selisih
BBNI,2021-06-21,Harga Selisih
BBNI,2021-06-22,Harga Selisih
BBNI,2021-06-23,Harga Selisih
BBNI,2021-06-24,Harga Selisih
BBNI,2021-06-25,Harga Selisih
BBNI,2021-06-28,Harga Selisih
BBNI,2021-06-29,Harga Selisih
BBNI,2021-06-30,Harga Selisih
BBNI,2021-07-01,Harga Selisih
BBNI,2021-07-02,Harga Selisih
BBNI,2021-07-05,Harga Selisih
BBNI,2021-07-06,Harga Selisih
BBNI,2021-07-07,Harga Selisih
BBNI,2021-07-08,Harga Selisih
BBNI,2021-07-09,Harga Selisih
BBNI,2021-07-12,Harga Selisih
BBNI,2021-07-13,Harga Selisih
BBNI,2021-07-14,Harga Selisih
BBNI,2021-07-15,Harga Selisih
BBNI,2021-07-16,Harga Selisih
BBNI,2021-07-19,Harga Selisih
BBNI,2021-07-21,Harga Selisih
BBNI,2021-07-22,Harga Selisih
BBNI,2021-07-23,Harga Selisih
BBNI,2021-07-26,Harga Selisih
BBNI,2021-07-27,Harga Selisih
BBNI,2021-07-28,Harga Selisih
BBNI,2021-07-29,Harga Selisih
BBNI,2021-07-30,Harga Selisih
BBNI,2021-08-02,Harga Selisih
BBNI,2021-08-03,Harga Selisih
BBNI,2021-08-04,Harga Selisih
BBNI,2021-08-05,Harga Selisih
BBNI,2021-08-06,Harga Selisih
BBNI,2021-08-09,Harga Selisih
BBNI,2021-08-10,Harga Selisih
BBNI,2021-08-12,Harga Selisih
BBNI,2021-08-13,Harga Selisih
BBNI,2021-08-16,Harga Selisih
BBNI,2021-08-18,Harga Selisih
BBNI,2021-08-19,Harga Selisih
BBNI,2021-08-20,Harga Selisih
BBNI,2021-08-23,Harga Selisih
BBNI,2021-08-24,Harga Selisih
BBNI,2021-08-25,Harga Selisih
BBNI,2021-08-26,Harga Selisih
BBNI,2021-08-27,Harga Selisih
BBNI,2021-08-30,Harga Selisih
BBNI,2021-08-31,Harga Selisih
BBNI,2021-09-01,Harga Selisih
BBNI,2021-09-02,Harga Selisih
BBNI,2021-09-03,Harga Selisih
BBNI,2021-09-06,Harga Selisih
BBNI,2021-09-07,Harga Selisih
BBNI,2021-09-08,Harga Selisih
BBNI,2021-09-09,Harga Selisih
BBNI,2021-09-10,Harga Selisih
BBNI,2021-09-13,Harga Selisih
BBNI,2021-09-14,Harga Selisih
BBNI,2021-09-15,Harga Selisih
BBNI,2021-09-16,Harga Selisih
BBNI,2021-09-17,Harga Selisih
BBNI,2021-09-20,Harga Selisih
BBNI,2021-09-21,Harga Selisih
BBNI,2021-09-22,Harga Selisih
BBNI,2021-09-23,Harga Selisih
BBNI,2021-09-24,Harga Selisih
BBNI,2021-09-27,Harga Selisih
BBNI,2021-09-28,Harga Selisih
BBNI,2021-09-29,Harga Selisih
BBNI,2021-09-30,Harga Selisih
BBNI,2021-10-01,Harga Selisih
BBNI,2021-10-04,Harga Selisih
BBNI,2021-10-05,Harga Selisih
BBNI,2021-10-06,Harga Selisih
BBNI,2021-10-07,Harga Selisih
BBNI,2021-10-08,Harga Selisih
BBNI,2021-10-11,Harga Selisih
BBNI,2021-10-12,Harga Selisih
BBNI,2021-10-13,Harga Selisih
BBNI,2021-10-14,Harga Selisih
BBNI,2021-10-15,Harga Selisih
BBNI,2021-10-18,Harga Selisih
BBNI,2021-10-19,Harga Selisih
BBNI,2021-10-21,Harga Selisih
BBNI,2021-10-22,Harga Selisih
BBNI,2021-10-25,Harga Selisih
BBNI,2021-10-26,Harga Selisih
BBNI,2021-10-27,Harga Selisih
BBNI,2021-10-28,Harga Selisih
BBNI,2021-10-29,Harga Selisih
BBNI,2021-11-01,Harga Selisih
BBNI,2021-11-02,Harga Selisih
BBNI,2021-11-03,Harga Selisih
BBNI,2021-11-04,Harga Selisih
BBNI,2021-11-05,Harga Selisih
BBNI,2021-11-08,Harga Selisih
BBNI,2021-11-09,Harga Selisih
BBNI,2021-11-10,Harga Selisih
BBNI,2021-11-11,Harga Selisih
BBNI,2021-11-12,Harga Selisih
BBNI,2021-11-15,Harga Selisih
BBNI,2021-11-16,Harga Selisih
BBNI,2021-11-17,Harga Selisih
BBNI,2021-11-18,Harga Selisih
BBNI,2021-11-19,Harga Selisih
BBNI,2021-11-22,Harga Selisih
BBNI,2021-11-23,Harga Selisih
BBNI,2021-11-24,Harga Selisih
BBNI,2021-11-25,Harga Selisih
BBNI,2021-11-26,Harga Selisih
BBNI,2021-11-29,Harga Selisih
BBNI,2021-11-30,Harga Selisih
BBNI,2021-12-01,Harga Selisih
BBNI,2021-12-02,Harga Selisih
BBNI,2021-12-03,Harga Selisih
BBNI,2021-12-06,Harga Selisih
BBNI,2021-12-07,Harga Selisih
BBNI,2021-12-08,Harga Selisih
BBNI,2021-12-09,Harga Selisih
BBNI,2021-12-10,Harga Selisih
BBNI,2021-12-13,Harga Selisih
BBNI,2021-12-14,Harga Selisih
BBNI,2021-12-15,Harga Selisih
BBNI,2021-12-16,Harga Selisih
BBNI,2021-12-17,Harga Selisih
BBNI,2021-12-20,Harga Selisih
BBNI,2021-12-21,Harga Selisih
BBNI,2021-12-22,Harga Selisih
BBNI,2021-12-23,Harga Selisih
BBNI,2021-12-24,Harga Selisih
BBNI,2021-12-27,Harga Selisih
BBNI,2021-12-28,Harga Selisih
BBNI,2021-12-29,Harga Selisih
BBNI,2021-12-30,Harga Selisih
BBNI,2022-01-03,Harga Selisih
BBNI,2022-01-04,Harga Selisih
BBNI,2022-01-05,Harga Selisih
BBNI,2022-01-06,Harga Selisih
BBNI,2022-01-07,Harga Selisih
BBNI,2022-01-10,Harga Selisih
BBNI,2022-01-11,Harga Selisih
BBNI,2022-01-12,Harga Selisih
BBNI,2022-01-13,Harga Selisih
BBNI,2022-01-14,Harga Selisih
BBNI,2022-01-17,Harga Selisih
BBNI,2022-01-18,Harga Selisih
BBNI,2022-01-19,Harga Selisih
BBNI,2022-01-20,Harga Selisih
BBNI,2022-01-21,Harga Selisih
BBNI,2022-01-24,Harga Selisih
BBNI,2022-01-25,Harga Selisih
BBNI,2022-01-26,Harga Selisih
BBNI,2022-01-27,Harga Selisih
BBNI,2022-01-28,Harga Selisih
BBNI,2022-01-31,Harga Selisih
BBNI,2022-02-02,Harga Selisih
BBNI,2022-02-03,Harga Selisih
BBNI,2022-02-04,Harga Selisih
BBNI,2022-02-07,Harga Selisih
BBNI,2022-02-08,Harga Selisih
BBNI,2022-02-09,Harga Selisih
BBNI,2022-02-10,Harga Selisih
BBNI,2022-02-11,Harga Selisih
BBNI,2022-02-14,Harga Selisih
BBNI,2022-02-15,Harga Selisih
BBNI,2022-02-16,Harga Selisih
BBNI,2022-02-17,Harga Selisih
BBNI,2022-02-18,Harga Selisih
BBNI,2022-02-21,Harga Selisih
BBNI,2022-02-22,Harga Selisih
BBNI,2022-02-23,Harga Selisih
BBNI,2022-02-24,Harga Selisih
BBNI,2022-02-25,Harga Selisih
BBNI,2022-03-01,Harga Selisih
BBNI,2022-03-02,Harga Selisih
BBNI,2022-03-04,Harga Selisih
BBNI,2022-03-07,Harga Selisih
BBNI,2022-03-08,Harga Selisih
BBNI,2022-03-09,Harga Selisih
BBNI,2022-03-10,Harga Selisih
BBNI,2022-03-11,Harga Selisih
BBNI,2022-03-14,Harga Selisih
BBNI,2022-03-15,Harga Selisih
BBNI,2022-03-16,Harga Selisih
BBNI,2022-03-17,Harga Selisih
BBNI,2022-03-18,Harga Selisih
BBNI,2022-03-21,Harga Selisih
BBNI,2022-03-22,Harga Selisih
BBNI,2022-03-23,Harga Selisih
BBNI,2022-03-24,Harga Selisih
BBNI,2022-03-25,Harga Selisih
BBNI,2022-03-28,Harga Selisih
BBNI,2022-03-29,Harga Selisih
BBNI,2022-03-30,Harga Selisih
BBNI,2022-03-31,Harga Selisih
BBNI,2022-04-01,Harga Selisih
BBNI,2022-04-04,Harga Selisih
BBNI,2022-04-05,Harga Selisih
BBNI,2022-04-06,Harga Selisih
BBNI,2022-04-07,Harga Selisih
BBNI,2022-04-08,Harga Selisih
BBNI,2022-04-11,Harga Selisih
BBNI,2022-04-12,Harga Selisih
BBNI,2022-04-13,Harga Selisih
BBNI,2022-04-14,Harga Selisih
BBNI,2022-04-18,Harga Selisih
BBNI,2022-04-19,Harga Selisih
BBNI,2022-04-20,Harga Selisih
BBNI,2022-04-21,Harga Selisih
BBNI,2022-04-22,Harga Selisih
BBNI,2022-04-25,Harga Selisih
BBNI,2022-04-26,Harga Selisih
BBNI,2022-04-27,Harga Selisih
BBNI,2022-04-28,Harga Selisih
BBNI,2022-05-09,Harga Selisih
BBNI,2022-05-10,Harga Selisih
BBNI,2022-05-11,Harga Selisih
BBNI,2022-05-12,Harga Selisih
BBNI,2022-05-13,Harga Selisih
BBNI,2022-05-17,Harga Selisih
BBNI,2022-05-18,Harga Selisih
BBNI,2022-05-19,Harga Selisih
BBNI,2022-05-20,Harga Selisih
BBNI,2022-05-23,Harga Selisih
BBNI,2022-05-24,Harga Selisih
BBNI,2022-05-25,Harga Selisih
BBNI,2022-05-27,Harga Selisih
BBNI,2022-05-30,Harga Selisih
BBNI,2022-05-31,Harga Selisih
BBNI,2022-06-02,Harga Selisih
BBNI,2022-06-03,Harga Selisih
BBNI,2022-06-06,Harga Selisih
BBNI,2022-06-07,Harga Selisih
BBNI,2022-06-08,Harga Selisih
BBNI,2022-06-09,Harga Selisih
BBNI,2022-06-10,Harga Selisih
BBNI,2022-06-13,Harga Selisih
BBNI,2022-06-14,Harga Selisih
BBNI,2022-06-15,Harga Selisih
BBNI,2022-06-16,Harga Selisih
BBNI,2022-06-17,Harga Selisih
BBNI,2022-06-20,Harga Selisih
BBNI,2022-06-21,Harga Selisih
BBNI,2022-06-22,Harga Selisih
BBNI,2022-06-23,Harga Selisih
BBNI,2022-06-24,Harga Selisih
BBNI,2022-06-27,Harga Selisih
BBNI,2022-06-28,Harga Selisih
BBNI,2022-06-29,Harga Selisih
BBNI,2022-06-30,Harga Selisih
BBNI,2022-07-01,Harga Selisih
BBNI,2022-07-04,Harga Selisih
BBNI,2022-07-05,Harga Selisih
BBNI,2022-07-06,Harga Selisih
BBNI,2022-07-07,Harga Selisih
BBNI,2022-07-08,Harga Selisih
BBNI,2022-07-11,Harga Selisih
BBNI,2022-07-12,Harga Selisih
BBNI,2022-07-13,Harga Selisih
BBNI,2022-07-14,Harga Selisih
BBNI,2022-07-15,Harga Selisih
BBNI,2022-07-18,Harga Selisih
BBNI,2022-07-19,Harga Selisih
BBNI,2022-07-20,Harga Selisih
BBNI,2022-07-21,Harga Selisih
BBNI,2022-07-22,Harga Selisih
BBNI,2022-07-25,Harga Selisih
BBNI,2022-07-26,Harga Selisih
BBNI,2022-07-27,Harga Selisih
BBNI,2022-07-28,Harga Selisih
BBNI,2022-07-29,Harga Selisih
BBNI,2022-08-01,Harga Selisih
BBNI,2022-08-02,Harga Selisih
BBNI,2022-08-03,Harga Selisih
BBNI,2022-08-04,Harga Selisih
BBNI,2022-08-05,Harga Selisih
BBNI,2022-08-08,Harga Selisih
BBNI,2022-08-09,Harga Selisih
BBNI,2022-08-10,Harga Selisih
BBNI,2022-08-11,Harga Selisih
BBNI,2022-08-12,Harga Selisih
BBNI,2022-08-15,Harga Selisih
BBNI,2022-08-16,Harga Selisih
BBNI,2022-08-18,Harga Selisih
BBNI,2022-08-19,Harga Selisih
BBNI,2022-08-22,Harga Selisih
BBNI,2022-08-23,Harga Selisih
BBNI,2022-08-24,Harga Selisih
BBNI,2022-08-25,Harga Selisih
BBNI,2022-08-26,Harga Selisih
BBNI,2022-08-29,Harga Selisih
BBNI,2022-08-30,Harga Selisih
BBNI,2022-08-31,Harga Selisih
BBNI,2022-09-01,Harga Selisih
BBNI,2022-09-02,Harga Selisih
BBNI,2022-09-05,Harga Selisih
BBNI,2022-09-06,Harga Selisih
BBNI,2022-09-07,Harga Selisih
BBNI,2022-09-08,Harga Selisih
BBNI,2022-09-09,Harga Selisih
BBNI,2022-09-12,Harga Selisih
BBNI,2022-09-13,Harga Selisih
BBNI,2022-09-14,Harga Selisih
BBNI,2022-09-15,Harga Selisih
BBNI,2022-09-16,Harga Selisih
BBNI,2022-09-19,Harga Selisih
BBNI,2022-09-20,Harga Selisih
BBNI,2022-09-21,Harga Selisih
BBNI,2022-09-22,Harga Selisih
BBNI,2022-09-23,Harga Selisih
BBNI,2022-09-26,Harga Selisih
BBNI,2022-09-27,Harga Selisih
BBNI,2022-09-28,Harga Selisih
BBNI,2022-09-29,Harga Selisih
BBNI,2022-09-30,Harga Selisih
BBNI,2022-10-03,Harga Selisih
BBNI,2022-10-04,Harga Selisih
BBNI,2022-10-05,Harga Selisih
BBNI,2022-10-06,Harga Selisih
BBNI,2022-10-07,Harga Selisih
BBNI,2022-10-10,Harga Selisih
BBNI,2022-10-11,Harga Selisih
BBNI,2022-10-12,Harga Selisih
BBNI,2022-10-13,Harga Selisih
BBNI,2022-10-14,Harga Selisih
BBNI,2022-10-17,Harga Selisih
BBNI,2022-10-18,Harga Selisih
BBNI,2022-10-19,Harga Selisih
BBNI,2022-10-20,Harga Selisih
BBNI,2022-10-21,Harga Selisih
BBNI,2022-10-24,Harga Selisih
BBNI,2022-10-25,Harga Selisih
BBNI,2022-10-26,Harga Selisih
BBNI,2022-10-27,Harga Selisih
BBNI,2022-10-28,Harga Selisih
BBNI,2022-10-31,Harga Selisih
BBNI,2022-11-01,Harga Selisih
BBNI,2022-11-02,Harga Selisih
BBNI,2022-11-03,Harga Selisih
BBNI,2022-11-04,Harga Selisih
BBNI,2022-11-07,Harga Selisih
BBNI,2022-11-08,Harga Selisih
BBNI,2022-11-09,Harga Selisih
BBNI,2022-11-10,Harga Selisih
BBNI,2022-11-11,Harga Selisih
BBNI,2022-11-14,Harga Selisih
BBNI,2022-11-15,Harga Selisih
BBNI,2022-11-16,Harga Selisih
BBNI,2022-11-17,Harga Selisih
BBNI,2022-11-18,Harga Selisih
BBNI,2022-11-21,Harga Selisih
BBNI,2022-11-22,Harga Selisih
BBNI,2022-11-23,Harga Selisih
BBNI,2022-11-24,Harga Selisih
BBNI,2022-11-25,Harga Selisih
BBNI,2022-11-28,Harga Selisih
BBNI,2022-11-29,Harga Selisih
BBNI,2022-11-30,Harga Selisih
BBNI,2022-12-01,Harga Selisih
BBNI,2022-12-02,Harga Selisih
BBNI,2022-12-05,Harga Selisih
BBNI,2022-12-06,Harga Selisih
BBNI,2022-12-07,Harga Selisih
BBNI,2022-12-08,Harga Selisih
BBNI,2022-12-09,Harga Selisih
BBNI,2022-12-12,Harga Selisih
BBNI,2022-12-13,Harga Selisih
BBNI,2022-12-14,Harga Selisih
BBNI,2022-12-15,Harga Selisih
BBNI,2022-12-16,Harga Selisih
BBNI,2022-12-19,Harga Selisih
BBNI,2022-12-20,Harga Selisih
BBNI,2022-12-21,Harga Selisih
BBNI,2022-12-22,Harga Selisih
BBNI,2022-12-23,Harga Selisih
BBNI,2022-12-26,Harga Selisih
BBNI,2022-12-27,Harga Selisih
BBNI,2022-12-28,Harga Selisih
BBNI,2022-12-29,Harga Selisih
BBNI,2022-12-30,Harga Selisih
BBNI,2023-01-02,Harga Selisih
BBNI,2023-01-03,Harga Selisih
BBNI,2023-01-04,Harga Selisih
BBNI,2023-01-05,Harga Selisih
BBNI,2023-01-06,Harga Selisih
BBNI,2023-01-09,Harga Selisih
BBNI,2023-01-10,Harga Selisih
BBNI,2023-01-11,Harga Selisih
BBNI,2023-01-12,Harga Selisih
BBNI,2023-01-13,Harga Selisih
BBNI,2023-01-16,Harga Selisih
BBNI,2023-01-17,Harga Selisih
BBNI,2023-01-18,Harga Selisih
BBNI,2023-01-19,Harga Selisih
BBNI,2023-01-20,Harga Selisih
BBNI,2023-01-24,Harga Selisih
BBNI,2023-01-25,Harga Selisih
BBNI,2023-01-26,Harga Selisih
BBNI,2023-01-27,Harga Selisih
BBNI,2023-01-30,Harga Selisih
BBNI,2023-01-31,Harga Selisih
BBNI,2023-02-01,Harga Selisih
BBNI,2023-02-02,Harga Selisih
BBNI,2023-02-03,Harga Selisih
BBNI,2023-02-06,Harga Selisih
BBNI,2023-02-07,Harga Selisih
BBNI,2023-02-08,Harga Selisih
BBNI,2023-02-09,Harga Selisih
BBNI,2023-02-10,Harga Selisih
BBNI,2023-02-13,Harga Selisih
BBNI,2023-02-14,Harga Selisih
BBNI,2023-02-15,Harga Selisih
BBNI,2023-02-16,Harga Selisih
BBNI,2023-02-17,Harga Selisih
BBNI,2023-02-20,Harga Selisih
BBNI,2023-02-21,Harga Selisih
BBNI,2023-02-22,Harga Selisih
BBNI,2023-02-23,Harga Selisih
BBNI,2023-02-24,Harga Selisih
BBNI,2023-02-27,Harga Selisih
BBNI,2023-02-28,Harga Selisih
BBNI,2023-03-01,Harga Selisih
BBNI,2023-03-02,Harga Selisih
BBNI,2023-03-03,Harga Selisih
BBNI,2023-03-06,Harga Selisih
BBNI,2023-03-07,Harga Selisih
BBNI,2023-03-08,Harga Selisih
BBNI,2023-03-09,Harga Selisih
BBNI,2023-03-10,Harga Selisih
BBNI,2023-03-13,Harga Selisih
BBNI,2023-03-14,Harga Selisih
BBNI,2023-03-15,Harga Selisih
BBNI,2023-03-16,Harga Selisih
BBNI,2023-03-17,Harga Selisih
BBNI,2023-03-20,Harga Selisih
BBNI,2023-03-21,Harga Selisih
BBNI,2023-03-24,Harga Selisih
BBNI,2023-03-27,Harga Selisih
BBNI,2023-03-28,Harga Selisih
BBNI,2023-03-29,Harga Selisih
BBNI,2023-03-30,Harga Selisih
BBNI,2023-03-31,Harga Selisih
BBNI,2023-04-03,Harga Selisih
BBNI,2023-04-04,Harga Selisih
BBNI,2023-04-05,Harga Selisih
BBNI,2023-04-06,Harga Selisih
BBNI,2023-04-10,Harga Selisih
BBNI,2023-04-11,Harga Selisih
BBNI,2023-04-12,Harga Selisih
BBNI,2023-04-13,Harga Selisih
BBNI,2023-04-14,Harga Selisih
BBNI,2023-04-17,Harga Selisih
BBNI,2023-04-18,Harga Selisih
BBNI,2023-04-26,Harga Selisih
BBNI,2023-04-27,Harga Selisih
BBNI,2023-04-28,Harga Selisih
BBNI,2023-05-02,Harga Selisih
BBNI,2023-05-03,Harga Selisih
BBNI,2023-05-04,Harga Selisih
BBNI,2023-05-05,Harga Selisih
BBNI,2023-05-08,Harga Selisih
BBNI,2023-05-09,Harga Selisih
BBNI,2023-05-10,Harga Selisih
BBNI,2023-05-11,Harga Selisih
BBNI,2023-05-12,Harga Selisih
BBNI,2023-05-15,Harga Selisih
BBNI,2023-05-16,Harga Selisih
BBNI,2023-05-17,Harga Selisih
BBNI,2023-05-19,Harga Selisih
BBNI,2023-05-22,Harga Selisih
BBNI,2023-05-23,Harga Selisih
BBNI,2023-05-24,Harga Selisih
BBNI,2023-05-25,Harga Selisih
BBNI,2023-05-26,Harga Selisih
BBNI,2023-05-29,Harga Selisih
BBNI,2023-05-30,Harga Selisih
BBNI,2023-05-31,Harga Selisih
BBNI,2023-06-05,Harga Selisih
BBNI,2023-06-06,Harga Selisih
BBNI,2023-06-07,Harga Selisih
BBNI,2023-06-08,Harga Selisih
BBNI,2023-06-09,Harga Selisih
BBNI,2023-06-12,Harga Selisih
BBNI,2023-06-13,Harga Selisih
BBNI,2023-06-14,Harga Selisih
BBNI,2023-06-15,Harga Selisih
BBNI,2023-06-16,Harga Selisih
BBNI,2023-06-19,Harga Selisih
BBNI,2023-06-20,Harga Selisih
BBNI,2023-06-21,Harga Selisih
BBNI,2023-06-22,Harga Selisih
BBNI,2023-06-23,Harga Selisih
BBNI,2023-06-26,Harga Selisih
BBNI,2023-06-27,Harga Selisih
BBNI,2023-07-03,Harga Selisih
BBNI,2023-07-04,Harga Selisih
BBNI,2023-07-05,Harga Selisih
BBNI,2023-07-06,Harga Selisih
BBNI,2023-07-07,Harga Selisih
BBNI,2023-07-10,Harga Selisih
BBNI,2023-07-11,Harga Selisih
BBNI,2023-07-12,Harga Selisih
BBNI,2023-07-13,Harga Selisih
BBNI,2023-07-14,Harga Selisih
BBNI,2023-07-17,Harga Selisih
BBNI,2023-07-18,Harga Selisih
BBNI,2023-07-20,Harga Selisih
BBNI,2023-07-21,Harga Selisih
BBNI,2023-07-24,Harga Selisih
BBNI,2023-07-25,Harga Selisih
BBNI,2023-07-26,Harga Selisih
BBNI,2023-07-27,Harga Selisih
BBNI,2023-07-28,Harga Selisih
BBNI,2023-07-31,Harga Selisih
BBNI,2023-08-01,Harga Selisih
BBNI,2023-08-02,Harga Selisih
BBNI,2023-08-03,Harga Selisih
BBNI,2023-08-04,Harga Selisih
BBNI,2023-08-07,Harga Selisih
BBNI,2023-08-08,Harga Selisih
BBNI,2023-08-09,Harga Selisih
BBNI,2023-08-10,Harga Selisih
BBNI,2023-08-11,Harga Selisih
BBNI,2023-08-14,Harga Selisih
BBNI,2023-08-15,Harga Selisih
BBNI,2023-08-16,Harga Selisih
BBNI,2023-08-18,Harga Selisih
BBNI,2023-08-21,Harga Selisih
BBNI,2023-08-22,Harga Selisih
BBNI,2023-08-23,Harga Selisih
BBNI,2023-08-24,Harga Selisih
BBNI,2023-08-25,Harga Selisih
BBNI,2023-08-28,Harga Selisih
BBNI,2023-08-29,Harga Selisih
BBNI,2023-08-30,Harga Selisih
BBNI,2023-08-31,Harga Selisih
BBNI,2023-09-01,Harga Selisih
BBNI,2023-09-04,Harga Selisih
BBNI,2023-09-05,Harga Selisih
BBNI,2023-09-06,Harga Selisih
BBNI,2023-09-07,Harga Selisih
BBNI,2023-09-08,Harga Selisih
BBNI,2023-09-11,Harga Selisih
BBNI,2023-09-12,Harga Selisih
BBNI,2023-09-13,Harga Selisih
BBNI,2023-09-14,Harga Selisih
BBNI,2023-09-15,Harga Selisih
BBNI,2023-09-18,Harga Selisih
BBNI,2023-09-19,Harga Selisih
BBNI,2023-09-20,Harga Selisih
BBNI,2023-09-21,Harga Selisih
BBNI,2023-09-22,Harga Selisih
BBNI,2023-09-25,Harga Selisih
BBNI,2023-09-26,Harga Selisih
BBNI,2023-09-27,Harga Selisih
BBNI,2023-09-29,Harga Selisih
BBNI,2023-10-02,Harga Selisih
BBNI,2023-10-03,Harga Selisih
BBNI,2023-10-04,Harga Selisih
BBNI,2023-10-05,Harga Selisih
BBNI,2023-10-06,Harga Selisih
BBNI,2023-10-09,Harga Selisih
BBNI,2023-10-10,Harga Selisih
BBNI,2023-10-11,Harga Selisih
BBNI,2023-10-12,Harga Selisih
BBNI,2023-10-13,Harga Selisih
BBNI,2023-10-16,Harga Selisih
BBNI,2023-10-17,Harga Selisih
BBNI,2023-10-18,Harga Selisih
BBNI,2023-10-19,Harga Selisih
BBNI,2023-10-20,Harga Selisih
BBNI,2023-10-23,Harga Selisih
BBNI,2023-10-24,Harga Selisih
BBNI,2023-10-25,Harga Selisih
BBNI,2023-10-26,Harga Selisih
BBNI,2023-10-27,Harga Selisih
BBNI,2023-10-30,Harga Selisih
BBNI,2023-10-31,Harga Selisih
BBNI,2023-11-01,Harga Selisih
BBNI,2023-11-02,Harga Selisih
BBNI,2023-11-03,Harga Selisih
BBNI,2023-11-06,Harga Selisih
BBNI,2023-11-07,Harga Selisih
BBNI,2023-11-08,Harga Selisih
BBNI,2023-11-09,Harga Selisih
BBNI,2023-11-10,Harga Selisih
BBNI,2023-11-13,Harga Selisih
BBNI,2023-11-14,Harga Selisih
BBNI,2023-11-15,Harga Selisih
BBNI,2023-11-16,Harga Selisih
BBNI,2023-11-17,Harga Selisih
BBNI,2023-11-20,Harga Selisih
BBNI,2023-11-21,Harga Selisih
BBNI,2023-11-22,Harga Selisih
BBNI,2023-11-23,Harga Selisih
BBNI,2023-11-24,Harga Selisih
BBNI,2023-11-27,Harga Selisih
BBNI,2023-11-28,Harga Selisih
BBNI,2023-11-29,Harga Selisih
BBNI,2023-11-30,Harga Selisih
BBNI,2023-12-01,Harga Selisih
BBNI,2023-12-04,Harga Selisih
BBNI,2023-12-05,Harga Selisih
BBNI,2023-12-06,Harga Selisih
BBNI,2023-12-07,Harga Selisih
BBNI,2023-12-08,Harga Selisih
BBNI,2023-12-11,Harga Selisih
BBNI,2023-12-12,Harga Selisih
BBNI,2023-12-13,Harga Selisih
BBNI,2023-12-14,Harga Selisih
BBNI,2023-12-15,Harga Selisih
BBNI,2023-12-18,Harga Selisih
BBNI,2023-12-19,Harga Selisih
BBNI,2023-12-20,Harga Selisih
BBNI,2023-12-21,Harga Selisih
BBNI,2023-12-22,Harga Selisih
BBRI,2019-12-26,Harga Selisih
BBRI,2019-12-27,Harga Selisih
BBRI,2019-12-30,Harga Selisih
BBRI,2020-01-02,Harga Selisih
BBRI,2020-01-03,Harga Selisih
BBRI,2020-01-06,Harga Selisih
BBRI,2020-01-07,Harga Selisih
BBRI,2020-01-08,Harga Selisih
BBRI,2020-01-09,Harga Selisih
BBRI,2020-01-10,Harga Selisih
BBRI,2020-01-13,Harga Selisih
BBRI,2020-01-14,Harga Selisih
BBRI,2020-01-15,Harga Selisih
BBRI,2020-01-16,Harga Selisih
BBRI,2020-01-17,Harga Selisih
BBRI,2020-01-20,Harga Selisih
BBRI,2020-01-21,Harga Selisih
BBRI,2020-01-22,Harga Selisih
BBRI,2020-01-23,Harga Selisih
BBRI,2020-01-24,Harga Selisih
BBRI,2020-01-27,Harga Selisih
BBRI,2020-01-28,Harga Selisih
BBRI,2020-01-29,Harga Selisih
BBRI,2020-01-30,Harga Selisih
BBRI,2020-01-31,Harga Selisih
BBRI,2020-02-03,Harga Selisih
BBRI,2020-02-04,Harga Selisih
BBRI,2020-02-05,Harga Selisih
BBRI,2020-02-06,Harga Selisih
BBRI,2020-02-07,Harga Selisih
BBRI,2020-02-10,Harga Selisih
BBRI,2020-02-11,Harga Selisih
BBRI,2020-02-12,Harga Selisih
BBRI,2020-02-13,Harga Selisih
BBRI,2020-02-14,Harga Selisih
BBRI,2020-02-17,Harga Selisih
BBRI,2020-02-18,Harga Selisih
BBRI,2020-02-19,Harga Selisih
BBRI,2020-02-20,Harga Selisih
BBRI,2020-02-21,Harga Selisih
BBRI,2020-02-24,Harga Selisih
BBRI,2020-02-25,Harga Selisih
BBRI,2020-02-26,Harga Selisih
BBRI,2020-02-27,Harga Selisih
BBRI,2020-02-28,Harga Selisih
BBRI,2020-03-02,Harga Selisih
BBRI,2020-03-03,Harga Selisih
BBRI,2020-03-04,Harga Selisih
BBRI,2020-03-05,Harga Selisih
BBRI,2020-03-06,Harga Selisih
BBRI,2020-03-09,Harga Selisih
BBRI,2020-03-10,Harga Selisih
BBRI,2020-03-11,Harga Selisih
BBRI,2020-03-12,Harga Selisih
BBRI,2020-03-13,Harga Selisih
BBRI,2020-03-16,Harga Selisih
BBRI,2020-03-17,Harga Selisih
BBRI,2020-03-18,Harga Selisih
BBRI,2020-03-19,Harga Selisih
BBRI,2020-03-20,Harga Selisih
BBRI,2020-03-23,Harga Selisih
BBRI,2020-03-24,Harga Selisih
BBRI,2020-03-26,Harga Selisih
BBRI,2020-03-27,Harga Selisih
BBRI,2020-03-30,Harga Selisih
BBRI,2020-03-31,Harga Selisih
BBRI,2020-04-01,Harga Selisih
BBRI,2020-04-02,Harga Selisih
BBRI,2020-04-03,Harga Selisih
BBRI,2020-04-06,Harga Selisih
BBRI,2020-04-07,Harga Selisih
BBRI,2020-04-08,Harga Selisih
BBRI,2020-04-09,Harga Selisih
BBRI,2020-04-13,Harga Selisih
BBRI,2020-04-14,Harga Selisih
BBRI,2020-04-15,Harga Selisih
BBRI,2020-04-16,Harga Selisih
BBRI,2020-04-17,Harga Selisih
BBRI,2020-04-20,Harga Selisih
BBRI,2020-04-21,Harga Selisih
BBRI,2020-04-22,Harga Selisih
BBRI,2020-04-23,Harga Selisih
BBRI,2020-04-24,Harga Selisih
BBRI,2020-04-27,Harga Selisih
BBRI,2020-04-28,Harga Selisih
BBRI,2020-04-29,Harga Selisih
BBRI,2020-04-30,Harga Selisih
BBRI,2020-05-04,Harga Selisih
BBRI,2020-05-05,Harga Selisih
BBRI,2020-05-06,Harga Selisih
BBRI,2020-05-08,Harga Selisih
BBRI,2020-05-11,Harga Selisih
BBRI,2020-05-12,Harga Selisih
BBRI,2020-05-13,Harga Selisih
BBRI,2020-05-14,Harga Selisih
BBRI,2020-05-15,Harga Selisih
BBRI,2020-05-18,Harga Selisih
BBRI,2020-05-19,Harga Selisih
BBRI,2020-05-20,Harga Selisih
BBRI,2020-05-26,Harga Selisih
BBRI,2020-05-27,Harga Selisih
BBRI,2020-05-28,Harga Selisih
BBRI,2020-05-29,Harga Selisih
BBRI,2020-06-02,Harga Selisih
BBRI,2020-06-03,Harga Selisih
BBRI,2020-06-04,Harga Selisih
BBRI,2020-06-05,Harga Selisih
BBRI,2020-06-08,Harga Selisih
BBRI,2020-06-09,Harga Selisih
BBRI,2020-06-10,Harga Selisih
BBRI,2020-06-11,Harga Selisih
BBRI,2020-06-12,Harga Selisih
BBRI,2020-06-15,Harga Selisih
BBRI,2020-06-16,Harga Selisih
BBRI,2020-06-17,Harga Selisih
BBRI,2020-06-18,Harga Selisih
BBRI,2020-06-19,Harga Selisih
BBRI,2020-06-22,Harga Selisih
BBRI,2020-06-23,Harga Selisih
BBRI,2020-06-24,Harga Selisih
BBRI,2020-06-25,Harga Selisih
BBRI,2020-06-26,Harga Selisih
BBRI,2020-06-29,Harga Selisih
BBRI,2020-06-30,Harga Selisih
BBRI,2020-07-01,Harga Selisih
BBRI,2020-07-02,Harga Selisih
BBRI,2020-07-03,Harga Selisih
BBRI,2020-07-06,Harga Selisih
BBRI,2020-07-07,Harga Selisih
BBRI,2020-07-08,Harga Selisih
BBRI,2020-07-09,Harga Selisih
BBRI,2020-07-10,Harga Selisih
BBRI,2020-07-13,Harga Selisih
BBRI,2020-07-14,Harga Selisih
BBRI,2020-07-15,Harga Selisih
BBRI,2020-07-16,Harga Selisih
BBRI,2020-07-17,Harga Selisih
BBRI,2020-07-20,Harga Selisih
BBRI,2020-07-21,Harga Selisih
BBRI,2020-07-22,Harga Selisih
BBRI,2020-07-23,Harga Selisih
BBRI,2020-07-24,Harga Selisih
BBRI,2020-07-27,Harga Selisih
BBRI,2020-07-28,Harga Selisih
BBRI,2020-07-29,Harga Selisih
BBRI,2020-07-30,Harga Selisih
BBRI,2020-08-03,Harga Selisih
BBRI,2020-08-04,Harga Selisih
BBRI,2020-08-05,Harga Selisih
BBRI,2020-08-06,Harga Selisih
BBRI,2020-08-07,Harga Selisih
BBRI,2020-08-10,Harga Selisih
BBRI,2020-08-11,Harga Selisih
BBRI,2020-08-12,Harga Selisih
BBRI,2020-08-13,Harga Selisih
BBRI,2020-08-14,Harga Selisih
BBRI,2020-08-18,Harga Selisih
BBRI,2020-08-19,Harga Selisih
BBRI,2020-08-24,Harga Selisih
BBRI,2020-08-25,Harga Selisih
BBRI,2020-08-26,Harga Selisih
BBRI,2020-08-27,Harga Selisih
BBRI,2020-08-28,Harga Selisih
BBRI,2020-08-31,Harga Selisih
BBRI,2020-09-01,Harga Selisih
BBRI,2020-09-02,Harga Selisih
BBRI,2020-09-03,Harga Selisih
BBRI,2020-09-04,Harga Selisih
BBRI,2020-09-07,Harga Selisih
BBRI,2020-09-08,Harga Selisih
BBRI,2020-09-09,Harga Selisih
BBRI,2020-09-10,Harga Selisih
BBRI,2020-09-11,Harga Selisih
BBRI,2020-09-14,Harga Selisih
BBRI,2020-09-15,Harga Selisih
BBRI,2020-09-16,Harga Selisih
BBRI,2020-09-17,Harga Selisih
BBRI,2020-09-18,Harga Selisih
BBRI,2020-09-21,Harga Selisih
BBRI,2020-09-22,Harga Selisih
BBRI,2020-09-23,Harga Selisih
BBRI,2020-09-24,Harga Selisih
BBRI,2020-09-25,Harga Selisih
BBRI,2020-09-28,Harga Selisih
BBRI,2020-09-29,Harga Selisih
BBRI,2020-09-30,Harga Selisih
BBRI,2020-10-01,Harga Selisih
BBRI,2020-10-02,Harga Selisih
BBRI,2020-10-05,Harga Selisih
BBRI,2020-10-06,Harga Selisih
BBRI,2020-10-07,Harga Selisih
BBRI,2020-10-08,Harga Selisih
BBRI,2020-10-09,Harga Selisih
BBRI,2020-10-12,Harga Selisih
BBRI,2020-10-13,Harga Selisih
BBRI,2020-10-14,Harga Selisih
BBRI,2020-10-15,Harga Selisih
BBRI,2020-10-16,Harga Selisih
BBRI,2020-10-19,Harga Selisih
BBRI,2020-10-20,Harga Selisih
BBRI,2020-10-21,Harga Selisih
BBRI,2020-10-22,Harga Selisih
BBRI,2020-10-23,Harga Selisih
BBRI,2020-10-26,Harga Selisih
BBRI,2020-10-27,Harga Selisih
BBRI,2020-11-02,Harga Selisih
BBRI,2020-11-03,Harga Selisih
BBRI,2020-11-04,Harga Selisih
BBRI,2020-11-05,Harga Selisih
BBRI,2020-11-06,Harga Selisih
BBRI,2020-11-09,Harga Selisih
BBRI,2020-11-10,Harga Selisih
BBRI,2020-11-11,Harga Selisih
BBRI,2020-11-12,Harga Selisih
BBRI,2020-11-13,Harga Selisih
BBRI,2020-11-16,Harga Selisih
BBRI,2020-11-17,Harga Selisih
BBRI,2020-11-18,Harga Selisih
BBRI,2020-11-19,Harga Selisih
BBRI,2020-11-20,Harga Selisih
BBRI,2020-11-23,Harga Selisih
BBRI,2020-11-24,Harga Selisih
BBRI,2020-11-25,Harga Selisih
BBRI,2020-11-26,Harga Selisih
BBRI,2020-11-27,Harga Selisih
BBRI,2020-11-30,Harga Selisih
BBRI,2020-12-01,Harga Selisih
BBRI,2020-12-02,Harga Selisih
BBRI,2020-12-03,Harga Selisih
BBRI,2020-12-04,Harga Selisih
BBRI,2020-12-07,Harga Selisih
BBRI,2020-12-08,Harga Selisih
BBRI,2020-12-10,Harga Selisih
BBRI,2020-12-11,Harga Selisih
BBRI,2020-12-14,Harga Selisih
BBRI,2020-12-15,Harga Selisih
BBRI,2020-12-16,Harga Selisih
BBRI,2020-12-17,Harga Selisih
BBRI,2020-12-18,Harga Selisih
BBRI,2020-12-21,Harga Selisih
BBRI,2020-12-22,Harga Selisih
BBRI,2020-12-23,Harga Selisih
BBRI,2020-12-28,Harga Selisih
BBRI,2020-12-29,Harga Selisih
BBRI,2020-12-30,Harga Selisih
BBRI,2021-01-04,Harga Selisih
BBRI,2021-01-05,Harga Selisih
BBRI,2021-01-06,Harga Selisih
BBRI,2021-01-07,Harga Selisih
BBRI,2021-01-08,Harga Selisih
BBRI,2021-01-11,Harga Selisih
BBRI,2021-01-12,Harga Selisih
BBRI,2021-01-13,Harga Selisih
BBRI,2021-01-14,Harga Selisih
BBRI,2021-01-15,Harga Selisih
BBRI,2021-01-18,Harga Selisih
BBRI,2021-01-19,Harga Selisih
BBRI,2021-01-20,Harga Selisih
BBRI,2021-01-21,Harga Selisih
BBRI,2021-01-22,Harga Selisih
BBRI,2021-01-25,Harga Selisih
BBRI,2021-01-26,Harga Selisih
BBRI,2021-01-27,Harga Selisih
BBRI,2021-01-28,Harga Selisih
BBRI,2021-01-29,Harga Selisih
BBRI,2021-02-01,Harga Selisih
BBRI,2021-02-02,Harga Selisih
BBRI,2021-02-03,Harga Selisih
BBRI,2021-02-04,Harga Selisih
BBRI,2021-02-05,Harga Selisih
BBRI,2021-02-08,Harga Selisih
BBRI,2021-02-09,Harga Selisih
BBRI,2021-02-10,Harga Selisih
BBRI,2021-02-11,Harga Selisih
BBRI,2021-02-15,Harga Selisih
BBRI,2021-02-16,Harga Selisih
BBRI,2021-02-17,Harga Selisih
BBRI,2021-02-18,Harga Selisih
BBRI,2021-02-19,Harga Selisih
BBRI,2021-02-22,Harga Selisih
BBRI,2021-02-23,Harga Selisih
BBRI,2021-02-24,Harga Selisih
BBRI,2021-02-25,Harga Selisih
BBRI,2021-02-26,Harga Selisih
BBRI,2021-03-01,Harga Selisih
BBRI,2021-03-02,Harga Selisih
BBRI,2021-03-03,Harga Selisih
BBRI,2021-03-04,Harga Selisih
BBRI,2021-03-05,Harga Selisih
BBRI,2021-03-08,Harga Selisih
BBRI,2021-03-09,Harga Selisih
BBRI,2021-03-10,Harga Selisih
BBRI,2021-03-12,Harga Selisih
BBRI,2021-03-15,Harga Selisih
BBRI,2021-03-16,Harga Selisih
BBRI,2021-03-17,Harga Selisih
BBRI,2021-03-18,Harga Selisih
BBRI,2021-03-19,Harga Selisih
BBRI,2021-03-22,Harga Selisih
BBRI,2021-03-23,Harga Selisih
BBRI,2021-03-24,Harga Selisih
BBRI,2021-03-25,Harga Selisih
BBRI,2021-03-26,Harga Selisih
BBRI,2021-03-29,Harga Selisih
BBRI,2021-03-30,Harga Selisih
BBRI,2021-03-31,Harga Selisih
BBRI,2021-04-01,Harga Selisih
BBRI,2021-04-05,Harga Selisih
BBRI,2021-04-06,Harga Selisih
BBRI,2021-04-07,Harga Selisih
BBRI,2021-04-08,Harga Selisih
BBRI,2021-04-09,Harga Selisih
BBRI,2021-04-12,Harga Selisih
BBRI,2021-04-13,Harga Selisih
BBRI,2021-04-14,Harga Selisih
BBRI,2021-04-15,Harga Selisih
BBRI,2021-04-16,Harga Selisih
BBRI,2021-04-19,Harga Selisih
BBRI,2021-04-20,Harga Selisih
BBRI,2021-04-21,Harga Selisih
BBRI,2021-04-22,Harga Selisih
BBRI,2021-04-23,Harga Selisih
BBRI,2021-04-26,Harga Selisih
BBRI,2021-04-27,Harga Selisih
BBRI,2021-04-28,Harga Selisih
BBRI,2021-04-29,Harga Selisih
BBRI,2021-04-30,Harga Selisih
BBRI,2021-05-03,Harga Selisih
BBRI,2021-05-04,Harga Selisih
BBRI,2021-05-05,Harga Selisih
BBRI,2021-05-06,Harga Selisih
BBRI,2021-05-07,Harga Selisih
BBRI,2021-05-10,Harga Selisih
BBRI,2021-05-11,Harga Selisih
BBRI,2021-05-17,Harga Selisih
BBRI,2021-05-18,Harga Selisih
BBRI,2021-05-19,Harga Selisih
BBRI,2021-05-20,Harga Selisih
BBRI,2021-05-21,Harga Selisih
BBRI,2021-05-24,Harga Selisih
BBRI,2021-05-25,Harga Selisih
BBRI,2021-05-27,Harga Selisih
BBRI,2021-05-28,Harga Selisih
BBRI,2021-05-31,Harga Selisih
BBRI,2021-06-02,Harga Selisih
BBRI,2021-06-03,Harga Selisih
BBRI,2021-06-04,Harga Selisih
BBRI,2021-06-07,Harga Selisih
BBRI,2021-06-08,Harga Selisih
BBRI,2021-06-09,Harga Selisih
BBRI,2021-06-10,Harga Selisih
BBRI,2021-06-11,Harga Selisih
BBRI,2021-06-14,Harga Selisih
BBRI,2021-06-15,Harga Selisih
BBRI,2021-06-16,Harga Selisih
BBRI,2021-06-17,Harga Selisih
BBRI,2021-06-18,Harga Selisih
BBRI,2021-06-21,Harga Selisih
BBRI,2021-06-22,Harga Selisih
BBRI,2021-06-23,Harga Selisih
BBRI,2021-06-24,Harga Selisih
BBRI,2021-06-25,Harga Selisih
BBRI,2021-06-28,Harga Selisih
BBRI,2021-06-29,Harga Selisih
BBRI,2021-06-30,Harga Selisih
BBRI,2021-07-01,Harga Selisih
BBRI,2021-07-02,Harga Selisih
BBRI,2021-07-05,Harga Selisih
BBRI,2021-07-06,Harga Selisih
BBRI,2021-07-07,Harga Selisih
BBRI,2021-07-08,Harga Selisih
BBRI,2021-07-09,Harga Selisih
BBRI,2021-07-12,Harga Selisih
BBRI,2021-07-13,Harga Selisih
BBRI,2021-07-14,Harga Selisih
BBRI,2021-07-15,Harga Selisih
BBRI,2021-07-16,Harga Selisih
BBRI,2021-07-19,Harga Selisih
BBRI,2021-07-21,Harga Selisih
BBRI,2021-07-22,Harga Selisih
BBRI,2021-07-23,Harga Selisih
BBRI,2021-07-26,Harga Selisih
BBRI,2021-07-27,Harga Selisih
BBRI,2021-07-28,Harga Selisih
BBRI,2021-07-29,Harga Selisih
BBRI,2021-07-30,Harga Selisih
BBRI,2021-08-02,Harga Selisih
BBRI,2021-08-03,Harga Selisih
BBRI,2021-08-04,Harga Selisih
BBRI,2021-08-05,Harga Selisih
BBRI,2021-08-06,Harga Selisih
BBRI,2021-08-09,Harga Selisih
BBRI,2021-08-10,Harga Selisih
BBRI,2021-08-12,Harga Selisih
BBRI,2021-08-13,Harga Selisih
BBRI,2021-08-16,Harga Selisih
BBRI,2021-08-18,Harga Selisih
BBRI,2021-08-19,Harga Selisih
BBRI,2021-08-20,Harga Selisih
BBRI,2021-08-23,Harga Selisih
BBRI,2021-08-24,Harga Selisih
BBRI,2021-08-25,Harga Selisih
BBRI,2021-08-26,Harga Selisih
BBRI,2021-08-27,Harga Selisih
BBRI,2021-08-30,Harga Selisih
BBRI,2021-08-31,Harga Selisih
BBRI,2021-09-01,Harga Selisih
BBRI,2021-09-02,Harga Selisih
BBRI,2021-09-03,Harga Selisih
BBRI,2021-09-06,Harga Selisih
BBRI,2021-09-07,Harga Selisih
BBRI,2021-09-08,Harga Selisih
BBRI,2021-09-09,Harga Selisih
BBRI,2021-09-10,Harga Selisih
BBRI,2021-09-13,Harga Selisih
BBRI,2021-09-14,Harga Selisih
BBRI,2021-09-15,Harga Selisih
BBRI,2021-09-16,Harga Selisih
BBRI,2021-09-17,Harga Selisih
BBRI,2021-09-20,Harga Selisih
BBRI,2021-09-21,Harga Selisih
BBRI,2021-09-22,Harga Selisih
BBRI,2021-09-23,Harga Selisih
BBRI,2021-09-24,Harga Selisih
BBRI,2021-09-27,Harga Selisih
BBRI,2021-09-28,Harga Selisih
BBRI,2021-09-29,Harga Selisih
BBRI,2021-09-30,Harga Selisih
BBRI,2021-10-01,Harga Selisih
BBRI,2021-10-04,Harga Selisih
BBRI,2021-10-05,Harga Selisih
BBRI,2021-10-06,Harga Selisih
BBRI,2021-10-07,Harga Selisih
BBRI,2021-10-08,Harga Selisih
BBRI,2021-10-11,Harga Selisih
BBRI,2021-10-12,Harga Selisih
BBRI,2021-10-13,Harga Selisih
BBRI,2021-10-14,Harga Selisih
BBRI,2021-10-15,Harga Selisih
BBRI,2021-10-18,Harga Selisih
BBRI,2021-10-19,Harga Selisih
BBRI,2021-10-21,Harga Selisih
BBRI,2021-10-22,Harga Selisih
BBRI,2021-10-25,Harga Selisih
BBRI,2021-10-26,Harga Selisih
BBRI,2021-10-27,Harga Selisih
BBRI,2021-10-28,Harga Selisih
BBRI,2021-10-29,Harga Selisih
BBRI,2021-11-01,Harga Selisih
BBRI,2021-11-02,Harga Selisih
BBRI,2021-11-03,Harga Selisih
BBRI,2021-11-04,Harga Selisih
BBRI,2021-11-05,Harga Selisih
BBRI,2021-11-08,Harga Selisih
BBRI,2021-11-09,Harga Selisih
BBRI,2021-11-10,Harga Selisih
BBRI,2021-11-11,Harga Selisih
BBRI,2021-11-12,Harga Selisih
BBRI,2021-11-15,Harga Selisih
BBRI,2021-11-16,Harga Selisih
BBRI,2021-11-17,Harga Selisih
BBRI,2021-11-18,Harga Selisih
BBRI,2021-11-19,Harga Selisih
BBRI,2021-11-22,Harga Selisih
BBRI,2021-11-23,Harga Selisih
BBRI,2021-11-24,Harga Selisih
BBRI,2021-11-25,Harga Selisih
BBRI,2021-11-26,Harga Selisih
BBRI,2021-11-29,Harga Selisih
BBRI,2021-11-30,Harga Selisih
BBRI,2021-12-01,Harga Selisih
BBRI,2021-12-02,Harga Selisih
BBRI,2021-12-03,Harga Selisih
BBRI,2021-12-06,Harga Selisih
BBRI,2021-12-07,Harga Selisih
BBRI,2021-12-08,Harga Selisih
BBRI,2021-12-09,Harga Selisih
BBRI,2021-12-10,Harga Selisih
BBRI,2021-12-13,Harga Selisih
BBRI,2021-12-14,Harga Selisih
BBRI,2021-12-15,Harga Selisih
BBRI,2021-12-16,Harga Selisih
BBRI,2021-12-17,Harga Selisih
BBRI,2021-12-20,Harga Selisih
BBRI,2021-12-21,Harga Selisih
BBRI,2021-12-22,Harga Selisih
BBRI,2021-12-23,Harga Selisih
BBRI,2021-12-24,Harga Selisih
BBRI,2021-12-27,Harga Selisih
BBRI,2021-12-28,Harga Selisih
BBRI,2021-12-29,Harga Selisih
BBRI,2021-12-30,Harga Selisih
BBRI,2022-01-03,Harga Selisih
BBRI,2022-01-04,Harga Selisih
BBRI,2022-01-05,Harga Selisih
BBRI,2022-01-06,Harga Selisih
BBRI,2022-01-07,Harga Selisih
BBRI,2022-01-10,Harga Selisih
BBRI,2022-01-11,Harga Selisih
BBRI,2022-01-12,Harga Selisih
BBRI,2022-01-13,Harga Selisih
BBRI,2022-01-14,Harga Selisih
BBRI,2022-01-17,Harga Selisih
BBRI,2022-01-18,Harga Selisih
BBRI,2022-01-19,Harga Selisih
BBRI,2022-01-20,Harga Selisih
BBRI,2022-01-21,Harga Selisih
BBRI,2022-01-24,Harga Selisih
BBRI,2022-01-25,Harga Selisih
BBRI,2022-01-26,Harga Selisih
BBRI,2022-01-27,Harga Selisih
BBRI,2022-01-28,Harga Selisih
BBRI,2022-01-31,Harga Selisih
BBRI,2022-02-02,Harga Selisih
BBRI,2022-02-03,Harga Selisih
BBRI,2022-02-04,Harga Selisih
BBRI,2022-02-07,Harga Selisih
BBRI,2022-02-08,Harga Selisih
BBRI,2022-02-09,Harga Selisih
BBRI,2022-02-10,Harga Selisih
BBRI,2022-02-11,Harga Selisih
BBRI,2022-02-14,Harga Selisih
BBRI,2022-02-15,Harga Selisih
BBRI,2022-02-16,Harga Selisih
BBRI,2022-02-17,Harga Selisih
BBRI,2022-02-18,Harga Selisih
BBRI,2022-02-21,Harga Selisih
BBRI,2022-02-22,Harga Selisih
BBRI,2022-02-23,Harga Selisih
BBRI,2022-02-24,Harga Selisih
BBRI,2022-02-25,Harga Selisih
BBRI,2022-03-01,Harga Selisih
BBRI,2022-03-02,Harga Selisih
BBRI,2022-03-04,Harga Selisih
BBRI,2022-03-07,Harga Selisih
BBRI,2022-03-08,Harga Selisih
BBRI,2022-03-09,Harga Selisih
BBRI,2022-03-10,Harga Selisih
BBRI,2022-03-11,Harga Selisih
BBRI,2022-03-14,Harga Selisih
BBRI,2022-03-15,Harga Selisih
BBRI,2022-03-16,Harga Selisih
BBRI,2022-03-17,Harga Selisih
BBRI,2022-03-18,Harga Selisih
BBRI,2022-03-21,Harga Selisih
BBRI,2022-03-22,Harga Selisih
BBRI,2022-03-23,Harga Selisih
BBRI,2022-03-24,Harga Selisih
BBRI,2022-03-25,Harga Selisih
BBRI,2022-03-28,Harga Selisih
BBRI,2022-03-29,Harga Selisih
BBRI,2022-03-30,Harga Selisih
BBRI,2022-03-31,Harga Selisih
BBRI,2022-04-01,Harga Selisih
BBRI,2022-04-04,Harga Selisih
BBRI,2022-04-05,Harga Selisih
BBRI,2022-04-06,Harga Selisih
BBRI,2022-04-07,Harga Selisih
BBRI,2022-04-08,Harga Selisih
BBRI,2022-04-11,Harga Selisih
BBRI,2022-04-12,Harga Selisih
BBRI,2022-04-13,Harga Selisih
BBRI,2022-04-14,Harga Selisih
BBRI,2022-04-18,Harga Selisih
BBRI,2022-04-19,Harga Selisih
BBRI,2022-04-20,Harga Selisih
BBRI,2022-04-21,Harga Selisih
BBRI,2022-04-22,Harga Selisih
BBRI,2022-04-25,Harga Selisih
BBRI,2022-04-26,Harga Selisih
BBRI,2022-04-27,Harga Selisih
BBRI,2022-04-28,Harga Selisih
BBRI,2022-05-09,Harga Selisih
BBRI,2022-05-10,Harga Selisih
BBRI,2022-05-11,Harga Selisih
BBRI,2022-05-12,Harga Selisih
BBRI,2022-05-13,Harga Selisih
BBRI,2022-05-17,Harga Selisih
BBRI,2022-05-18,Harga Selisih
BBRI,2022-05-19,Harga Selisih
BBRI,2022-05-20,Harga Selisih
BBRI,2022-05-23,Harga Selisih
BBRI,2022-05-24,Harga Selisih
BBRI,2022-05-25,Harga Selisih
BBRI,2022-05-27,Harga Selisih
BBRI,2022-05-30,Harga Selisih
BBRI,2022-05-31,Harga Selisih
BBRI,2022-06-02,Harga Selisih
BBRI,2022-06-03,Harga Selisih
BBRI,2022-06-06,Harga Selisih
BBRI,2022-06-07,Harga Selisih
BBRI,2022-06-08,Harga Selisih
BBRI,2022-06-09,Harga Selisih
BBRI,2022-06-10,Harga Selisih
BBRI,2022-06-13,Harga Selisih
BBRI,2022-06-14,Harga Selisih
BBRI,2022-06-15,Harga Selisih
BBRI,2022-06-16,Harga Selisih
BBRI,2022-06-17,Harga Selisih
BBRI,2022-06-20,Harga Selisih
BBRI,2022-06-21,Harga Selisih
BBRI,2022-06-22,Harga Selisih
BBRI,2022-06-23,Harga Selisih
BBRI,2022-06-24,Harga Selisih
BBRI,2022-06-27,Harga Selisih
BBRI,2022-06-28,Harga Selisih
BBRI,2022-06-29,Harga Selisih
BBRI,2022-06-30,Harga Selisih
BBRI,2022-07-01,Harga Selisih
BBRI,2022-07-04,Harga Selisih
BBRI,2022-07-05,Harga Selisih
BBRI,2022-07-06,Harga Selisih
BBRI,2022-07-07,Harga Selisih
BBRI,2022-07-08,Harga Selisih
BBRI,2022-07-11,Harga Selisih
BBRI,2022-07-12,Harga Selisih
BBRI,2022-07-13,Harga Selisih
BBRI,2022-07-14,Harga Selisih
BBRI,2022-07-15,Harga Selisih
BBRI,2022-07-18,Harga Selisih
BBRI,2022-07-19,Harga Selisih
BBRI,2022-07-20,Harga Selisih
BBRI,2022-07-21,Harga Selisih
BBRI,2022-07-22,Harga Selisih
BBRI,2022-07-25,Harga Selisih
BBRI,2022-07-26,Harga Selisih
BBRI,2022-07-27,Harga Selisih
BBRI,2022-07-28,Harga Selisih
BBRI,2022-07-29,Harga Selisih
BBRI,2022-08-01,Harga Selisih
BBRI,2022-08-02,Harga Selisih
BBRI,2022-08-03,Harga Selisih
BBRI,2022-08-04,Harga Selisih
BBRI,2022-08-05,Harga Selisih
BBRI,2022-08-08,Harga Selisih
BBRI,2022-08-09,Harga Selisih
BBRI,2022-08-10,Harga Selisih
BBRI,2022-08-11,Harga Selisih
BBRI,2022-08-12,Harga Selisih
BBRI,2022-08-15,Harga Selisih
BBRI,2022-08-16,Harga Selisih
BBRI,2022-08-18,Harga Selisih
BBRI,2022-08-19,Harga Selisih
BBRI,2022-08-22,Harga Selisih
BBRI,2022-08-23,Harga Selisih
BBRI,2022-08-24,Harga Selisih
BBRI,2022-08-25,Harga Selisih
BBRI,2022-08-26,Harga Selisih
BBRI,2022-08-29,Harga Selisih
BBRI,2022-08-30,Harga Selisih
BBRI,2022-08-31,Harga Selisih
BBRI,2022-09-01,Harga Selisih
BBRI,2022-09-02,Harga Selisih
BBRI,2022-09-05,Harga Selisih
BBRI,2022-09-06,Harga Selisih
BBRI,2022-09-07,Harga Selisih
BBRI,2022-09-08,Harga Selisih
BBRI,2022-09-09,Harga Selisih
BBRI,2022-09-12,Harga Selisih
BBRI,2022-09-13,Harga Selisih
BBRI,2022-09-14,Harga Selisih
BBRI,2022-09-15,Harga Selisih
BBRI,2022-09-16,Harga Selisih
BBRI,2022-09-19,Harga Selisih
BBRI,2022-09-20,Harga Selisih
BBRI,2022-09-21,Harga Selisih
BBRI,2022-09-22,Harga Selisih
BBRI,2022-09-23,Harga Selisih
BBRI,2022-09-26,Harga Selisih
BBRI,2022-09-27,Harga Selisih
BBRI,2022-09-28,Harga Selisih
BBRI,2022-09-29,Harga Selisih
BBRI,2022-09-30,Harga Selisih
BBRI,2022-10-03,Harga Selisih
BBRI,2022-10-04,Harga Selisih
BBRI,2022-10-05,Harga Selisih
BBRI,2022-10-06,Harga Selisih
BBRI,2022-10-07,Harga Selisih
BBRI,2022-10-10,Harga Selisih
BBRI,2022-10-11,Harga Selisih
BBRI,2022-10-12,Harga Selisih
BBRI,2022-10-13,Harga Selisih
BBRI,2022-10-14,Harga Selisih
BBRI,2022-10-17,Harga Selisih
BBRI,2022-10-18,Harga Selisih
BBRI,2022-10-19,Harga Selisih
BBRI,2022-10-20,Harga Selisih
BBRI,2022-10-21,Harga Selisih
BBRI,2022-10-24,Harga Selisih
BBRI,2022-10-25,Harga Selisih
BBRI,2022-10-26,Harga Selisih
BBRI,2022-10-27,Harga Selisih
BBRI,2022-10-28,Harga Selisih
BBRI,2022-10-31,Harga Selisih
BBRI,2022-11-01,Harga Selisih
BBRI,2022-11-02,Harga Selisih
BBRI,2022-11-03,Harga Selisih
BBRI,2022-11-04,Harga Selisih
BBRI,2022-11-07,Harga Selisih
BBRI,2022-11-08,Harga Selisih
BBRI,2022-11-09,Harga Selisih
BBRI,2022-11-10,Harga Selisih
BBRI,2022-11-11,Harga Selisih
BBRI,2022-11-14,Harga Selisih
BBRI,2022-11-15,Harga Selisih
BBRI,2022-11-16,Harga Selisih
BBRI,2022-11-17,Harga Selisih
BBRI,2022-11-18,Harga Selisih
BBRI,2022-11-21,Harga Selisih
BBRI,2022-11-22,Harga Selisih
BBRI,2022-11-23,Harga Selisih
BBRI,2022-11-24,Harga Selisih
BBRI,2022-11-25,Harga Selisih
BBRI,2022-11-28,Harga Selisih
BBRI,2022-11-29,Harga Selisih
BBRI,2022-11-30,Harga Selisih
BBRI,2022-12-01,Harga Selisih
BBRI,2022-12-02,Harga Selisih
BBRI,2022-12-05,Harga Selisih
BBRI,2022-12-06,Harga Selisih
BBRI,2022-12-07,Harga Selisih
BBRI,2022-12-08,Harga Selisih
BBRI,2022-12-09,Harga Selisih
BBRI,2022-12-12,Harga Selisih
BBRI,2022-12-13,Harga Selisih
BBRI,2022-12-14,Harga Selisih
BBRI,2022-12-15,Harga Selisih
BBRI,2022-12-16,Harga Selisih
BBRI,2022-12-19,Harga Selisih
BBRI,2022-12-20,Harga Selisih
BBRI,2022-12-21,Harga Selisih
BBRI,2022-12-22,Harga Selisih
BBRI,2022-12-23,Harga Selisih
BBRI,2022-12-26,Harga Selisih
BBRI,2022-12-27,Harga Selisih
BBRI,2022-12-28,Harga Selisih
BBRI,2022-12-29,Harga Selisih
BBRI,2022-12-30,Harga Selisih
BBRI,2023-01-02,Harga Selisih
BBRI,2023-01-03,Harga Selisih
BBRI,2023-01-04,Harga Selisih
BBRI,2023-01-05,Harga Selisih
BBRI,2023-01-06,Harga Selisih
BBRI,2023-01-09,Harga Selisih
BBRI,2023-01-10,Harga Selisih
BBRI,2023-01-11,Harga Selisih
BBRI,2023-01-12,Harga Selisih
BBRI,2023-01-13,Harga Selisih
BBRI,2023-01-16,Harga Selisih
BBRI,2023-01-17,Harga Selisih
BBRI,2023-01-18,Harga Selisih
BBRI,2023-01-19,Harga Selisih
BBRI,2023-01-20,Harga Selisih
BBRI,2023-01-24,Harga Selisih
BBRI,2023-01-25,Harga Selisih
BBRI,2023-01-26,Harga Selisih
BBRI,2023-01-27,Harga Selisih
BBRI,2023-01-30,Harga Selisih
BBRI,2023-01-31,Harga Selisih
BBRI,2023-02-01,Harga Selisih
BBRI,2023-02-02,Harga Selisih
BBRI,2023-02-03,Harga Selisih
BBRI,2023-02-06,Harga Selisih
BBRI,2023-02-07,Harga Selisih
BBRI,2023-02-08,Harga Selisih
BBRI,2023-02-09,Harga Selisih
BBRI,2023-02-10,Harga Selisih
BBRI,2023-02-13,Harga Selisih
BBRI,2023-02-14,Harga Selisih
BBRI,2023-02-15,Harga Selisih
BBRI,2023-02-16,Harga Selisih
BBRI,2023-02-17,Harga Selisih
BBRI,2023-02-20,Harga Selisih
BBRI,2023-02-21,Harga Selisih
BBRI,2023-02-22,Harga Selisih
BBRI,2023-02-23,Harga Selisih
BBRI,2023-02-24,Harga Selisih
BBRI,2023-02-27,Harga Selisih
BBRI,2023-02-28,Harga Selisih
BBRI,2023-03-01,Harga Selisih
BBRI,2023-03-02,Harga Selisih
BBRI,2023-03-03,Harga Selisih
BBRI,2023-03-06,Harga Selisih
BBRI,2023-03-07,Harga Selisih
BBRI,2023-03-08,Harga Selisih
BBRI,2023-03-09,Harga Selisih
BBRI,2023-03-10,Harga Selisih
BBRI,2023-03-13,Harga Selisih
BBRI,2023-03-14,Harga Selisih
BBRI,2023-03-15,Harga Selisih
BBRI,2023-03-16,Harga Selisih
BBRI,2023-03-17,Harga Selisih
BBRI,2023-03-20,Harga Selisih
BBRI,2023-03-21,Harga Selisih
BBRI,2023-03-24,Harga Selisih
BBRI,2023-03-27,Harga Selisih
BBRI,2023-03-28,Harga Selisih
BBRI,2023-03-29,Harga Selisih
BBRI,2023-03-30,Harga Selisih
BBRI,2023-03-31,Harga Selisih
BBRI,2023-04-03,Harga Selisih
BBRI,2023-04-04,Harga Selisih
BBRI,2023-04-05,Harga Selisih
BBRI,2023-04-06,Harga Selisih
BBRI,2023-04-10,Harga Selisih
BBRI,2023-04-11,Harga Selisih
BBRI,2023-04-12,Harga Selisih
BBRI,2023-04-13,Harga Selisih
BBRI,2023-04-14,Harga Selisih
BBRI,2023-04-17,Harga Selisih
BBRI,2023-04-18,Harga Selisih
BBRI,2023-04-26,Harga Selisih
BBRI,2023-04-27,Harga Selisih
BBRI,2023-04-28,Harga Selisih
BBRI,2023-05-02,Harga Selisih
BBRI,2023-05-03,Harga Selisih
BBRI,2023-05-04,Harga Selisih
BBRI,2023-05-05,Harga Selisih
BBRI,2023-05-08,Harga Selisih
BBRI,2023-05-09,Harga Selisih
BBRI,2023-05-10,Harga Selisih
BBRI,2023-05-11,Harga Selisih
BBRI,2023-05-12,Harga Selisih
BBRI,2023-05-15,Harga Selisih
BBRI,2023-05-16,Harga Selisih
BBRI,2023-05-17,Harga Selisih
BBRI,2023-05-19,Harga Selisih
BBRI,2023-05-22,Harga Selisih
BBRI,2023-05-23,Harga Selisih
BBRI,2023-05-24,Harga Selisih
BBRI,2023-05-25,Harga Selisih
BBRI,2023-05-26,Harga Selisih
BBRI,2023-05-29,Harga Selisih
BBRI,2023-05-30,Harga Selisih
BBRI,2023-05-31,Harga Selisih
BBRI,2023-06-05,Harga Selisih
BBRI,2023-06-06,Harga Selisih
BBRI,2023-06-07,Harga Selisih
BBRI,2023-06-08,Harga Selisih
BBRI,2023-06-09,Harga Selisih
BBRI,2023-06-12,Harga Selisih
BBRI,2023-06-13,Harga Selisih
BBRI,2023-06-14,Harga Selisih
BBRI,2023-06-15,Harga Selisih
BBRI,2023-06-16,Harga Selisih
BBRI,2023-06-19,Harga Selisih
BBRI,2023-06-20,Harga Selisih
BBRI,2023-06-21,Harga Selisih
BBRI,2023-06-22,Harga Selisih
BBRI,2023-06-23,Harga Selisih
BBRI,2023-06-26,Harga Selisih
BBRI,2023-06-27,Harga Selisih
BBRI,2023-07-03,Harga Selisih
BBRI,2023-07-04,Harga Selisih
BBRI,2023-07-05,Harga Selisih
BBRI,2023-07-06,Harga Selisih
BBRI,2023-07-07,Harga Selisih
BBRI,2023-07-10,Harga Selisih
BBRI,2023-07-11,Harga Selisih
BBRI,2023-07-12,Harga Selisih
BBRI,2023-07-13,Harga Selisih
BBRI,2023-07-14,Harga Selisih
BBRI,2023-07-17,Harga Selisih
BBRI,2023-07-18,Harga Selisih
BBRI,2023-07-20,Harga Selisih
BBRI,2023-07-21,Harga Selisih
BBRI,2023-07-24,Harga Selisih
BBRI,2023-07-25,Harga Selisih
BBRI,2023-07-26,Harga Selisih
BBRI,2023-07-27,Harga Selisih
BBRI,2023-07-28,Harga Selisih
BBRI,2023-07-31,Harga Selisih
BBRI,2023-08-01,Harga Selisih
BBRI,2023-08-02,Harga Selisih
BBRI,2023-08-03,Harga Selisih
BBRI,2023-08-04,Harga Selisih
BBRI,2023-08-07,Harga Selisih
BBRI,2023-08-08,Harga Selisih
BBRI,2023-08-09,Harga Selisih
BBRI,2023-08-10,Harga Selisih
BBRI,2023-08-11,Harga Selisih
BBRI,2023-08-14,Harga Selisih
BBRI,2023-08-15,Harga Selisih
BBRI,2023-08-16,Harga Selisih
BBRI,2023-08-18,Harga Selisih
BBRI,2023-08-21,Harga Selisih
BBRI,2023-08-22,Harga Selisih
BBRI,2023-08-23,Harga Selisih
BBRI,2023-08-24,Harga Selisih
BBRI,2023-08-25,Harga Selisih
BBRI,2023-08-28,Harga Selisih
BBRI,2023-08-29,Harga Selisih
BBRI,2023-08-30,Harga Selisih
BBRI,2023-08-31,Harga Selisih
BBRI,2023-09-01,Harga Selisih
BBRI,2023-09-04,Harga Selisih
BBRI,2023-09-05,Harga Selisih
BBRI,2023-09-06,Harga Selisih
BBRI,2023-09-07,Harga Selisih
BBRI,2023-09-08,Harga Selisih
BBRI,2023-09-11,Harga Selisih
BBRI,2023-09-12,Harga Selisih
BBRI,2023-09-13,Harga Selisih
BBRI,2023-09-14,Harga Selisih
BBRI,2023-09-15,Harga Selisih
BBRI,2023-09-18,Harga Selisih
BBRI,2023-09-19,Harga Selisih
BBRI,2023-09-20,Harga Selisih
BBRI,2023-09-21,Harga Selisih
BBRI,2023-09-22,Harga Selisih
BBRI,2023-09-25,Harga Selisih
BBRI,2023-09-26,Harga Selisih
BBRI,2023-09-27,Harga Selisih
BBRI,2023-09-29,Harga Selisih
BBRI,2023-10-02,Harga Selisih
BBRI,2023-10-03,Harga Selisih
BBRI,2023-10-04,Harga Selisih
BBRI,2023-10-05,Harga Selisih
BBRI,2023-10-06,Harga Selisih
BBRI,2023-10-09,Harga Selisih
BBRI,2023-10-10,Harga Selisih
BBRI,2023-10-11,Harga Selisih
BBRI,2023-10-12,Harga Selisih
BBRI,2023-10-13,Harga Selisih
BBRI,2023-10-16,Harga Selisih
BBRI,2023-10-17,Harga Selisih
BBRI,2023-10-18,Harga Selisih
BBRI,2023-10-19,Harga Selisih
BBRI,2023-10-20,Harga Selisih
BBRI,2023-10-23,Harga Selisih
BBRI,2023-10-24,Harga Selisih
BBRI,2023-10-25,Harga Selisih
BBRI,2023-10-26,Harga Selisih
BBRI,2023-10-27,Harga Selisih
BBRI,2023-10-30,Harga Selisih
BBRI,2023-10-31,Harga Selisih
BBRI,2023-11-01,Harga Selisih
BBRI,2023-11-02,Harga Selisih
BBRI,2023-11-03,Harga Selisih
BBRI,2023-11-06,Harga Selisih
BBRI,2023-11-07,Harga Selisih
BBRI,2023-11-08,Harga Selisih
BBRI,2023-11-09,Harga Selisih
BBRI,2023-11-10,Harga Selisih
BBRI,2023-11-13,Harga Selisih
BBRI,2023-11-14,Harga Selisih
BBRI,2023-11-15,Harga Selisih
BBRI,2023-11-16,Harga Selisih
BBRI,2023-11-17,Harga Selisih
BBRI,2023-11-20,Harga Selisih
BBRI,2023-11-21,Harga Selisih
BBRI,2023-11-22,Harga Selisih
BBRI,2023-11-23,Harga Selisih
BBRI,2023-11-24,Harga Selisih
BBRI,2023-11-27,Harga Selisih
BBRI,2023-11-28,Harga Selisih
BBRI,2023-11-29,Harga Selisih
BBRI,2023-11-30,Harga Selisih
BBRI,2023-12-01,Harga Selisih
BBRI,2023-12-04,Harga Selisih
BBRI,2023-12-05,Harga Selisih
BBRI,2023-12-06,Harga Selisih
BBRI,2023-12-07,Harga Selisih
BBRI,2023-12-08,Harga Selisih
BBRI,2023-12-11,Harga Selisih
BBRI,2023-12-12,Harga Selisih
BBRI,2023-12-13,Harga Selisih
BBRI,2023-12-14,Harga Selisih
BBRI,2023-12-15,Harga Selisih
BBRI,2023-12-18,Harga Selisih
BBRI,2023-12-19,Harga Selisih
BBRI,2023-12-20,Harga Selisih
BBRI,2023-12-21,Harga Selisih
BBRI,2023-12-22,Harga Selisih
BBTN,2019-12-26,Harga Selisih
BBTN,2019-12-27,Harga Selisih
BBTN,2019-12-30,Harga Selisih
BBTN,2020-01-02,Harga Selisih
BBTN,2020-01-03,Harga Selisih
BBTN,2020-01-06,Harga Selisih
BBTN,2020-01-07,Harga Selisih
BBTN,2020-01-08,Harga Selisih
BBTN,2020-01-09,Harga Selisih
BBTN,2020-01-10,Harga Selisih
BBTN,2020-01-13,Harga Selisih
BBTN,2020-01-14,Harga Selisih
BBTN,2020-01-15,Harga Selisih
BBTN,2020-01-16,Harga Selisih
BBTN,2020-01-17,Harga Selisih
BBTN,2020-01-20,Harga Selisih
BBTN,2020-01-21,Harga Selisih
BBTN,2020-01-22,Harga Selisih
BBTN,2020-01-23,Harga Selisih
BBTN,2020-01-24,Harga Selisih
BBTN,2020-01-27,Harga Selisih
BBTN,2020-01-28,Harga Selisih
BBTN,2020-01-29,Harga Selisih
BBTN,2020-01-30,Harga Selisih
BBTN,2020-01-31,Harga Selisih
BBTN,2020-02-03,Harga Selisih
BBTN,2020-02-04,Harga Selisih
BBTN,2020-02-05,Harga Selisih
BBTN,2020-02-06,Harga Selisih
BBTN,2020-02-07,Harga Selisih
BBTN,2020-02-10,Harga Selisih
BBTN,2020-02-11,Harga Selisih
BBTN,2020-02-12,Harga Selisih
BBTN,2020-02-13,Harga Selisih
BBTN,2020-02-14,Harga Selisih
BBTN,2020-02-17,Harga Selisih
BBTN,2020-02-18,Harga Selisih
BBTN,2020-02-19,Harga Selisih
BBTN,2020-02-20,Harga Selisih
BBTN,2020-02-21,Harga Selisih
BBTN,2020-02-24,Harga Selisih
BBTN,2020-02-25,Harga Selisih
BBTN,2020-02-26,Harga Selisih
BBTN,2020-02-27,Harga Selisih
BBTN,2020-02-28,Harga Selisih
BBTN,2020-03-02,Harga Selisih
BBTN,2020-03-03,Harga Selisih
BBTN,2020-03-04,Harga Selisih
BBTN,2020-03-05,Harga Selisih
BBTN,2020-03-06,Harga Selisih
BBTN,2020-03-09,Harga Selisih
BBTN,2020-03-10,Harga Selisih
BBTN,2020-03-11,Harga Selisih
BBTN,2020-03-12,Harga Selisih
BBTN,2020-03-13,Harga Selisih
BBTN,2020-03-16,Harga Selisih
BBTN,2020-03-17,Harga Selisih
BBTN,2020-03-18,Harga Selisih
BBTN,2020-03-19,Harga Selisih
BBTN,2020-03-20,Harga Selisih
BBTN,2020-03-23,Harga Selisih
BBTN,2020-03-24,Harga Selisih
BBTN,2020-03-26,Harga Selisih
BBTN,2020-03-27,Harga Selisih
BBTN,2020-03-30,Harga Selisih
BBTN,2020-03-31,Harga Selisih
BBTN,2020-04-01,Harga Selisih
BBTN,2020-04-02,Harga Selisih
BBTN,2020-04-03,Harga Selisih
BBTN,2020-04-06,Harga Selisih
BBTN,2020-04-07,Harga Selisih
BBTN,2020-04-08,Harga Selisih
BBTN,2020-04-09,Harga Selisih
BBTN,2020-04-13,Harga Selisih
BBTN,2020-04-14,Harga Selisih
BBTN,2020-04-15,Harga Selisih
BBTN,2020-04-16,Harga Selisih
BBTN,2020-04-17,Harga Selisih
BBTN,2020-04-20,Harga Selisih
BBTN,2020-04-21,Harga Selisih
BBTN,2020-04-22,Harga Selisih
BBTN,2020-04-23,Harga Selisih
BBTN,2020-04-24,Harga Selisih
BBTN,2020-04-27,Harga Selisih
BBTN,2020-04-28,Harga Selisih
BBTN,2020-04-29,Harga Selisih
BBTN,2020-04-30,Harga Selisih
BBTN,2020-05-04,Harga Selisih
BBTN,2020-05-05,Harga Selisih
BBTN,2020-05-06,Harga Selisih
BBTN,2020-05-08,Harga Selisih
BBTN,2020-05-11,Harga Selisih
BBTN,2020-05-12,Harga Selisih
BBTN,2020-05-13,Harga Selisih
BBTN,2020-05-14,Harga Selisih
BBTN,2020-05-15,Harga Selisih
BBTN,2020-05-18,Harga Selisih
BBTN,2020-05-19,Harga Selisih
BBTN,2020-05-20,Harga Selisih
BBTN,2020-05-26,Harga Selisih
BBTN,2020-05-27,Harga Selisih
BBTN,2020-05-28,Harga Selisih
BBTN,2020-05-29,Harga Selisih
BBTN,2020-06-02,Harga Selisih
BBTN,2020-06-03,Harga Selisih
BBTN,2020-06-04,Harga Selisih
BBTN,2020-06-05,Harga Selisih
BBTN,2020-06-08,Harga Selisih
BBTN,2020-06-09,Harga Selisih
BBTN,2020-06-10,Harga Selisih
BBTN,2020-06-11,Harga Selisih
BBTN,2020-06-12,Harga Selisih
BBTN,2020-06-15,Harga Selisih
BBTN,2020-06-16,Harga Selisih
BBTN,2020-06-17,Harga Selisih
BBTN,2020-06-18,Harga Selisih
BBTN,2020-06-19,Harga Selisih
BBTN,2020-06-22,Harga Selisih
BBTN,2020-06-23,Harga Selisih
BBTN,2020-06-24,Harga Selisih
BBTN,2020-06-25,Harga Selisih
BBTN,2020-06-26,Harga Selisih
BBTN,2020-06-29,Harga Selisih
BBTN,2020-06-30,Harga Selisih
BBTN,2020-07-01,Harga Selisih
BBTN,2020-07-02,Harga Selisih
BBTN,2020-07-03,Harga Selisih
BBTN,2020-07-06,Harga Selisih
BBTN,2020-07-07,Harga Selisih
BBTN,2020-07-08,Harga Selisih
BBTN,2020-07-09,Harga Selisih
BBTN,2020-07-10,Harga Selisih
BBTN,2020-07-13,Harga Selisih
BBTN,2020-07-14,Harga Selisih
BBTN,2020-07-15,Harga Selisih
BBTN,2020-07-16,Harga Selisih
BBTN,2020-07-17,Harga Selisih
BBTN,2020-07-20,Harga Selisih
BBTN,2020-07-21,Harga Selisih
BBTN,2020-07-22,Harga Selisih
BBTN,2020-07-23,Harga Selisih
BBTN,2020-07-24,Harga Selisih
BBTN,2020-07-27,Harga Selisih
BBTN,2020-07-28,Harga Selisih
BBTN,2020-07-29,Harga Selisih
BBTN,2020-07-30,Harga Selisih
BBTN,2020-08-03,Harga Selisih
BBTN,2020-08-04,Harga Selisih
BBTN,2020-08-05,Harga Selisih
BBTN,2020-08-06,Harga Selisih
BBTN,2020-08-07,Harga Selisih
BBTN,2020-08-10,Harga Selisih
BBTN,2020-08-11,Harga Selisih
BBTN,2020-08-12,Harga Selisih
BBTN,2020-08-13,Harga Selisih
BBTN,2020-08-14,Harga Selisih
BBTN,2020-08-18,Harga Selisih
BBTN,2020-08-19,Harga Selisih
BBTN,2020-08-24,Harga Selisih
BBTN,2020-08-25,Harga Selisih
BBTN,2020-08-26,Harga Selisih
BBTN,2020-08-27,Harga Selisih
BBTN,2020-08-28,Harga Selisih
BBTN,2020-08-31,Harga Selisih
BBTN,2020-09-01,Harga Selisih
BBTN,2020-09-02,Harga Selisih
BBTN,2020-09-03,Harga Selisih
BBTN,2020-09-04,Harga Selisih
BBTN,2020-09-07,Harga Selisih
BBTN,2020-09-08,Harga Selisih
BBTN,2020-09-09,Harga Selisih
BBTN,2020-09-10,Harga Selisih
BBTN,2020-09-11,Harga Selisih
BBTN,2020-09-14,Harga Selisih
BBTN,2020-09-15,Harga Selisih
BBTN,2020-09-16,Harga Selisih
BBTN,2020-09-17,Harga Selisih
BBTN,2020-09-18,Harga Selisih
BBTN,2020-09-21,Harga Selisih
BBTN,2020-09-22,Harga Selisih
BBTN,2020-09-23,Harga Selisih
BBTN,2020-09-24,Harga Selisih
BBTN,2020-09-25,Harga Selisih
BBTN,2020-09-28,Harga Selisih
BBTN,2020-09-29,Harga Selisih
BBTN,2020-09-30,Harga Selisih
BBTN,2020-10-01,Harga Selisih
BBTN,2020-10-02,Harga Selisih
BBTN,2020-10-05,Harga Selisih
BBTN,2020-10-06,Harga Selisih
BBTN,2020-10-07,Harga Selisih
BBTN,2020-10-08,Harga Selisih
BBTN,2020-10-09,Harga Selisih
BBTN,2020-10-12,Harga Selisih
BBTN,2020-10-13,Harga Selisih
BBTN,2020-10-14,Harga Selisih
BBTN,2020-10-15,Harga Selisih
BBTN,2020-10-16,Harga Selisih
BBTN,2020-10-19,Harga Selisih
BBTN,2020-10-20,Harga Selisih
BBTN,2020-10-21,Harga Selisih
BBTN,2020-10-22,Harga Selisih
BBTN,2020-10-23,Harga Selisih
BBTN,2020-10-26,Harga Selisih
BBTN,2020-10-27,Harga Selisih
BBTN,2020-11-02,Harga Selisih
BBTN,2020-11-03,Harga Selisih
BBTN,2020-11-04,Harga Selisih
BBTN,2020-11-05,Harga Selisih
BBTN,2020-11-06,Harga Selisih
BBTN,2020-11-09,Harga Selisih
BBTN,2020-11-10,Harga Selisih
BBTN,2020-11-11,Harga Selisih
BBTN,2020-11-12,Harga Selisih
BBTN,2020-11-13,Harga Selisih
BBTN,2020-11-16,Harga Selisih
BBTN,2020-11-17,Harga Selisih
BBTN,2020-11-18,Harga Selisih
BBTN,2020-11-19,Harga Selisih
BBTN,2020-11-20,Harga Selisih
BBTN,2020-11-23,Harga Selisih
BBTN,2020-11-24,Harga Selisih
BBTN,2020-11-25,Harga Selisih
BBTN,2020-11-26,Harga Selisih
BBTN,2020-11-27,Harga Selisih
BBTN,2020-11-30,Harga Selisih
BBTN,2020-12-01,Harga Selisih
BBTN,2020-12-02,Harga Selisih
BBTN,2020-12-03,Harga Selisih
BBTN,2020-12-04,Harga Selisih
BBTN,2020-12-07,Harga Selisih
BBTN,2020-12-08,Harga Selisih
BBTN,2020-12-10,Harga Selisih
BBTN,2020-12-11,Harga Selisih
BBTN,2020-12-14,Harga Selisih
BBTN,2020-12-15,Harga Selisih
BBTN,2020-12-16,Harga Selisih
BBTN,2020-12-17,Harga Selisih
BBTN,2020-12-18,Harga Selisih
BBTN,2020-12-21,Harga Selisih
BBTN,2020-12-22,Harga Selisih
BBTN,2020-12-23,Harga Selisih
BBTN,2020-12-28,Harga Selisih
BBTN,2020-12-29,Harga Selisih
BBTN,2020-12-30,Harga Selisih
BBTN,2021-01-04,Harga Selisih
BBTN,2021-01-05,Harga Selisih
BBTN,2021-01-06,Harga Selisih
BBTN,2021-01-07,Harga Selisih
BBTN,2021-01-08,Harga Selisih
BBTN,2021-01-11,Harga Selisih
BBTN,2021-01-12,Harga Selisih
BBTN,2021-01-13,Harga Selisih
BBTN,2021-01-14,Harga Selisih
BBTN,2021-01-15,Harga Selisih
BBTN,2021-01-18,Harga Selisih
BBTN,2021-01-19,Harga Selisih
BBTN,2021-01-20,Harga Selisih
BBTN,2021-01-21,Harga Selisih
BBTN,2021-01-22,Harga Selisih
BBTN,2021-01-25,Harga Selisih
BBTN,2021-01-26,Harga Selisih
BBTN,2021-01-27,Harga Selisih
BBTN,2021-01-28,Harga Selisih
BBTN,2021-01-29,Harga Selisih
BBTN,2021-02-01,Harga Selisih
BBTN,2021-02-02,Harga Selisih
BBTN,2021-02-03,Harga Selisih
BBTN,2021-02-04,Harga Selisih
BBTN,2021-02-05,Harga Selisih
BBTN,2021-02-08,Harga Selisih
BBTN,2021-02-09,Harga Selisih
BBTN,2021-02-10,Harga Selisih
BBTN,2021-02-11,Harga Selisih
BBTN,2021-02-15,Harga Selisih
BBTN,2021-02-16,Harga Selisih
BBTN,2021-02-17,Harga Selisih
BBTN,2021-02-18,Harga Selisih
BBTN,2021-02-19,Harga Selisih
BBTN,2021-02-22,Harga Selisih
BBTN,2021-02-23,Harga Selisih
BBTN,2021-02-24,Harga Selisih
BBTN,2021-02-25,Harga Selisih
BBTN,2021-02-26,Harga Selisih
BBTN,2021-03-01,Harga Selisih
BBTN,2021-03-02,Harga Selisih
BBTN,2021-03-03,Harga Selisih
BBTN,2021-03-04,Harga Selisih
BBTN,2021-03-05,Harga Selisih
BBTN,2021-03-08,Harga Selisih
BBTN,2021-03-09,Harga Selisih
BBTN,2021-03-10,Harga Selisih
BBTN,2021-03-12,Harga Selisih
BBTN,2021-03-15,Harga Selisih
BBTN,2021-03-16,Harga Selisih
BBTN,2021-03-17,Harga Selisih
BBTN,2021-03-18,Harga Selisih
BBTN,2021-03-19,Harga Selisih
BBTN,2021-03-22,Harga Selisih
BBTN,2021-03-23,Harga Selisih
BBTN,2021-03-24,Harga Selisih
BBTN,2021-03-25,Harga Selisih
BBTN,2021-03-26,Harga Selisih
BBTN,2021-03-29,Harga Selisih
BBTN,2021-03-30,Harga Selisih
BBTN,2021-03-31,Harga Selisih
BBTN,2021-04-01,Harga Selisih
BBTN,2021-04-05,Harga Selisih
BBTN,2021-04-06,Harga Selisih
BBTN,2021-04-07,Harga Selisih
BBTN,2021-04-08,Harga Selisih
BBTN,2021-04-09,Harga Selisih
BBTN,2021-04-12,Harga Selisih
BBTN,2021-04-13,Harga Selisih
BBTN,2021-04-14,Harga Selisih
BBTN,2021-04-15,Harga Selisih
BBTN,2021-04-16,Harga Selisih
BBTN,2021-04-19,Harga Selisih
BBTN,2021-04-20,Harga Selisih
BBTN,2021-04-21,Harga Selisih
BBTN,2021-04-22,Harga Selisih
BBTN,2021-04-23,Harga Selisih
BBTN,2021-04-26,Harga Selisih
BBTN,2021-04-27,Harga Selisih
BBTN,2021-04-28,Harga Selisih
BBTN,2021-04-29,Harga Selisih
BBTN,2021-04-30,Harga Selisih
BBTN,2021-05-03,Harga Selisih
BBTN,2021-05-04,Harga Selisih
BBTN,2021-05-05,Harga Selisih
BBTN,2021-05-06,Harga Selisih
BBTN,2021-05-07,Harga Selisih
BBTN,2021-05-10,Harga Selisih
BBTN,2021-05-11,Harga Selisih
BBTN,2021-05-17,Harga Selisih
BBTN,2021-05-18,Harga Selisih
BBTN,2021-05-19,Harga Selisih
BBTN,2021-05-20,Harga Selisih
BBTN,2021-05-21,Harga Selisih
BBTN,2021-05-24,Harga Selisih
BBTN,2021-05-25,Harga Selisih
BBTN,2021-05-27,Harga Selisih
BBTN,2021-05-28,Harga Selisih
BBTN,2021-05-31,Harga Selisih
BBTN,2021-06-02,Harga Selisih
BBTN,2021-06-03,Harga Selisih
BBTN,2021-06-04,Harga Selisih
BBTN,2021-06-07,Harga Selisih
BBTN,2021-06-08,Harga Selisih
BBTN,2021-06-09,Harga Selisih
BBTN,2021-06-10,Harga Selisih
BBTN,2021-06-11,Harga Selisih
BBTN,2021-06-14,Harga Selisih
BBTN,2021-06-15,Harga Selisih
BBTN,2021-06-16,Harga Selisih
BBTN,2021-06-17,Harga Selisih
BBTN,2021-06-18,Harga Selisih
BBTN,2021-06-21,Harga Selisih
BBTN,2021-06-22,Harga Selisih
BBTN,2021-06-23,Harga Selisih
BBTN,2021-06-24,Harga Selisih
BBTN,2021-06-25,Harga Selisih
BBTN,2021-06-28,Harga Selisih
BBTN,2021-06-29,Harga Selisih
BBTN,2021-06-30,Harga Selisih
BBTN,2021-07-01,Harga Selisih
BBTN,2021-07-02,Harga Selisih
BBTN,2021-07-05,Harga Selisih
BBTN,2021-07-06,Harga Selisih
BBTN,2021-07-07,Harga Selisih
BBTN,2021-07-08,Harga Selisih
BBTN,2021-07-09,Harga Selisih
BBTN,2021-07-12,Harga Selisih
BBTN,2021-07-13,Harga Selisih
BBTN,2021-07-14,Harga Selisih
BBTN,2021-07-15,Harga Selisih
BBTN,2021-07-16,Harga Selisih
BBTN,2021-07-19,Harga Selisih
BBTN,2021-07-21,Harga Selisih
BBTN,2021-07-22,Harga Selisih
BBTN,2021-07-23,Harga Selisih
BBTN,2021-07-26,Harga Selisih
BBTN,2021-07-27,Harga Selisih
BBTN,2021-07-28,Harga Selisih
BBTN,2021-07-29,Harga Selisih
BBTN,2021-07-30,Harga Selisih
BBTN,2021-08-02,Harga Selisih
BBTN,2021-08-03,Harga Selisih
BBTN,2021-08-04,Harga Selisih
BBTN,2021-08-05,Harga Selisih
BBTN,2021-08-06,Harga Selisih
BBTN,2021-08-09,Harga Selisih
BBTN,2021-08-10,Harga Selisih
BBTN,2021-08-12,Harga Selisih
BBTN,2021-08-13,Harga Selisih
BBTN,2021-08-16,Harga Selisih
BBTN,2021-08-18,Harga Selisih
BBTN,2021-08-19,Harga Selisih
BBTN,2021-08-20,Harga Selisih
BBTN,2021-08-23,Harga Selisih
BBTN,2021-08-24,Harga Selisih
BBTN,2021-08-25,Harga Selisih
BBTN,2021-08-26,Harga Selisih
BBTN,2021-08-27,Harga Selisih
BBTN,2021-08-30,Harga Selisih
BBTN,2021-08-31,Harga Selisih
BBTN,2021-09-01,Harga Selisih
BBTN,2021-09-02,Harga Selisih
BBTN,2021-09-03,Harga Selisih
BBTN,2021-09-06,Harga Selisih
BBTN,2021-09-07,Harga Selisih
BBTN,2021-09-08,Harga Selisih
BBTN,2021-09-09,Harga Selisih
BBTN,2021-09-10,Harga Selisih
BBTN,2021-09-13,Harga Selisih
BBTN,2021-09-14,Harga Selisih
BBTN,2021-09-15,Harga Selisih
BBTN,2021-09-16,Harga Selisih
BBTN,2021-09-17,Harga Selisih
BBTN,2021-09-20,Harga Selisih
BBTN,2021-09-21,Harga Selisih
BBTN,2021-09-22,Harga Selisih
BBTN,2021-09-23,Harga Selisih
BBTN,2021-09-24,Harga Selisih
BBTN,2021-09-27,Harga Selisih
BBTN,2021-09-28,Harga Selisih
BBTN,2021-09-29,Harga Selisih
BBTN,2021-09-30,Harga Selisih
BBTN,2021-10-01,Harga Selisih
BBTN,2021-10-04,Harga Selisih
BBTN,2021-10-05,Harga Selisih
BBTN,2021-10-06,Harga Selisih
BBTN,2021-10-07,Harga Selisih
BBTN,2021-10-08,Harga Selisih
BBTN,2021-10-11,Harga Selisih
BBTN,2021-10-12,Harga Selisih
BBTN,2021-10-13,Harga Selisih
BBTN,2021-10-14,Harga Selisih
BBTN,2021-10-15,Harga Selisih
BBTN,2021-10-18,Harga Selisih
BBTN,2021-10-19,Harga Selisih
BBTN,2021-10-21,Harga Selisih
BBTN,2021-10-22,Harga Selisih
BBTN,2021-10-25,Harga Selisih
BBTN,2021-10-26,Harga Selisih
BBTN,2021-10-27,Harga Selisih
BBTN,2021-10-28,Harga Selisih
BBTN,2021-10-29,Harga Selisih
BBTN,2021-11-01,Harga Selisih
BBTN,2021-11-02,Harga Selisih
BBTN,2021-11-03,Harga Selisih
BBTN,2021-11-04,Harga Selisih
BBTN,2021-11-05,Harga Selisih
BBTN,2021-11-08,Harga Selisih
BBTN,2021-11-09,Harga Selisih
BBTN,2021-11-10,Harga Selisih
BBTN,2021-11-11,Harga Selisih
BBTN,2021-11-12,Harga Selisih
BBTN,2021-11-15,Harga Selisih
BBTN,2021-11-16,Harga Selisih
BBTN,2021-11-17,Harga Selisih
BBTN,2021-11-18,Harga Selisih
BBTN,2021-11-19,Harga Selisih
BBTN,2021-11-22,Harga Selisih
BBTN,2021-11-23,Harga Selisih
BBTN,2021-11-24,Harga Selisih
BBTN,2021-11-25,Harga Selisih
BBTN,2021-11-26,Harga Selisih
BBTN,2021-11-29,Harga Selisih
BBTN,2021-11-30,Harga Selisih
BBTN,2021-12-01,Harga Selisih
BBTN,2021-12-02,Harga Selisih
BBTN,2021-12-03,Harga Selisih
BBTN,2021-12-06,Harga Selisih
BBTN,2021-12-07,Harga Selisih
BBTN,2021-12-08,Harga Selisih
BBTN,2021-12-09,Harga Selisih
BBTN,2021-12-10,Harga Selisih
BBTN,2021-12-13,Harga Selisih
BBTN,2021-12-14,Harga Selisih
BBTN,2021-12-15,Harga Selisih
BBTN,2021-12-16,Harga Selisih
BBTN,2021-12-17,Harga Selisih
BBTN,2021-12-20,Harga Selisih
BBTN,2021-12-21,Harga Selisih
BBTN,2021-12-22,Harga Selisih
BBTN,2021-12-23,Harga Selisih
BBTN,2021-12-24,Harga Selisih
BBTN,2021-12-27,Harga Selisih
BBTN,2021-12-28,Harga Selisih
BBTN,2021-12-29,Harga Selisih
BBTN,2021-12-30,Harga Selisih
BBTN,2022-01-03,Harga Selisih
BBTN,2022-01-04,Harga Selisih
BBTN,2022-01-05,Harga Selisih
BBTN,2022-01-06,Harga Selisih
BBTN,2022-01-07,Harga Selisih
BBTN,2022-01-10,Harga Selisih
BBTN,2022-01-11,Harga Selisih
BBTN,2022-01-12,Harga Selisih
BBTN,2022-01-13,Harga Selisih
BBTN,2022-01-14,Harga Selisih
BBTN,2022-01-17,Harga Selisih
BBTN,2022-01-18,Harga Selisih
BBTN,2022-01-19,Harga Selisih
BBTN,2022-01-20,Harga Selisih
BBTN,2022-01-21,Harga Selisih
BBTN,2022-01-24,Harga Selisih
BBTN,2022-01-25,Harga Selisih
BBTN,2022-01-26,Harga Selisih
BBTN,2022-01-27,Harga Selisih
BBTN,2022-01-28,Harga Selisih
BBTN,2022-01-31,Harga Selisih
BBTN,2022-02-02,Harga Selisih
BBTN,2022-02-03,Harga Selisih
BBTN,2022-02-04,Harga Selisih
BBTN,2022-02-07,Harga Selisih
BBTN,2022-02-08,Harga Selisih
BBTN,2022-02-09,Harga Selisih
BBTN,2022-02-10,Harga Selisih
BBTN,2022-02-11,Harga Selisih
BBTN,2022-02-14,Harga Selisih
BBTN,2022-02-15,Harga Selisih
BBTN,2022-02-16,Harga Selisih
BBTN,2022-02-17,Harga Selisih
BBTN,2022-02-18,Harga Selisih
BBTN,2022-02-21,Harga Selisih
BBTN,2022-02-22,Harga Selisih
BBTN,2022-02-23,Harga Selisih
BBTN,2022-02-24,Harga Selisih
BBTN,2022-02-25,Harga Selisih
BBTN,2022-03-01,Harga Selisih
BBTN,2022-03-02,Harga Selisih
BBTN,2022-03-04,Harga Selisih
BBTN,2022-03-07,Harga Selisih
BBTN,2022-03-08,Harga Selisih
BBTN,2022-03-09,Harga Selisih
BBTN,2022-03-10,Harga Selisih
BBTN,2022-03-11,Harga Selisih
BBTN,2022-03-14,Harga Selisih
BBTN,2022-03-15,Harga Selisih
BBTN,2022-03-16,Harga Selisih
BBTN,2022-03-17,Harga Selisih
BBTN,2022-03-18,Harga Selisih
BBTN,2022-03-21,Harga Selisih
BBTN,2022-03-22,Harga Selisih
BBTN,2022-03-23,Harga Selisih
BBTN,2022-03-24,Harga Selisih
BBTN,2022-03-25,Harga Selisih
BBTN,2022-03-28,Harga Selisih
BBTN,2022-03-29,Harga Selisih
BBTN,2022-03-30,Harga Selisih
BBTN,2022-03-31,Harga Selisih
BBTN,2022-04-01,Harga Selisih
BBTN,2022-04-04,Harga Selisih
BBTN,2022-04-05,Harga Selisih
BBTN,2022-04-06,Harga Selisih
BBTN,2022-04-07,Harga Selisih
BBTN,2022-04-08,Harga Selisih
BBTN,2022-04-11,Harga Selisih
BBTN,2022-04-12,Harga Selisih
BBTN,2022-04-13,Harga Selisih
BBTN,2022-04-14,Harga Selisih
BBTN,2022-04-18,Harga Selisih
BBTN,2022-04-19,Harga Selisih
BBTN,2022-04-20,Harga Selisih
BBTN,2022-04-21,Harga Selisih
BBTN,2022-04-22,Harga Selisih
BBTN,2022-04-25,Harga Selisih
BBTN,2022-04-26,Harga Selisih
BBTN,2022-04-27,Harga Selisih
BBTN,2022-04-28,Harga Selisih
BBTN,2022-05-09,Harga Selisih
BBTN,2022-05-10,Harga Selisih
BBTN,2022-05-11,Harga Selisih
BBTN,2022-05-12,Harga Selisih
BBTN,2022-05-13,Harga Selisih
BBTN,2022-05-17,Harga Selisih
BBTN,2022-05-18,Harga Selisih
BBTN,2022-05-19,Harga Selisih
BBTN,2022-05-20,Harga Selisih
BBTN,2022-05-23,Harga Selisih
BBTN,2022-05-24,Harga Selisih
BBTN,2022-05-25,Harga Selisih
BBTN,2022-05-27,Harga Selisih
BBTN,2022-05-30,Harga Selisih
BBTN,2022-05-31,Harga Selisih
BBTN,2022-06-02,Harga Selisih
BBTN,2022-06-03,Harga Selisih
BBTN,2022-06-06,Harga Selisih
BBTN,2022-06-07,Harga Selisih
BBTN,2022-06-08,Harga Selisih
BBTN,2022-06-09,Harga Selisih
BBTN,2022-06-10,Harga Selisih
BBTN,2022-06-13,Harga Selisih
BBTN,2022-06-14,Harga Selisih
BBTN,2022-06-15,Harga Selisih
BBTN,2022-06-16,Harga Selisih
BBTN,2022-06-17,Harga Selisih
BBTN,2022-06-20,Harga Selisih
BBTN,2022-06-21,Harga Selisih
BBTN,2022-06-22,Harga Selisih
BBTN,2022-06-23,Harga Selisih
BBTN,2022-06-24,Harga Selisih
BBTN,2022-06-27,Harga Selisih
BBTN,2022-06-28,Harga Selisih
BBTN,2022-06-29,Harga Selisih
BBTN,2022-06-30,Harga Selisih
BBTN,2022-07-01,Harga Selisih
BBTN,2022-07-04,Harga Selisih
BBTN,2022-07-05,Harga Selisih
BBTN,2022-07-06,Harga Selisih
BBTN,2022-07-07,Harga Selisih
BBTN,2022-07-08,Harga Selisih
BBTN,2022-07-11,Harga Selisih
BBTN,2022-07-12,Harga Selisih
BBTN,2022-07-13,Harga Selisih
BBTN,2022-07-14,Harga Selisih
BBTN,2022-07-15,Harga Selisih
BBTN,2022-07-18,Harga Selisih
BBTN,2022-07-19,Harga Selisih
BBTN,2022-07-20,Harga Selisih
BBTN,2022-07-21,Harga Selisih
BBTN,2022-07-22,Harga Selisih
BBTN,2022-07-25,Harga Selisih
BBTN,2022-07-26,Harga Selisih
BBTN,2022-07-27,Harga Selisih
BBTN,2022-07-28,Harga Selisih
BBTN,2022-07-29,Harga Selisih
BBTN,2022-08-01,Harga Selisih
BBTN,2022-08-02,Harga Selisih
BBTN,2022-08-03,Harga Selisih
BBTN,2022-08-04,Harga Selisih
BBTN,2022-08-05,Harga Selisih
BBTN,2022-08-08,Harga Selisih
BBTN,2022-08-09,Harga Selisih
BBTN,2022-08-10,Harga Selisih
BBTN,2022-08-11,Harga Selisih
BBTN,2022-08-12,Harga Selisih
BBTN,2022-08-15,Harga Selisih
BBTN,2022-08-16,Harga Selisih
BBTN,2022-08-18,Harga Selisih
BBTN,2022-08-19,Harga Selisih
BBTN,2022-08-22,Harga Selisih
BBTN,2022-08-23,Harga Selisih
BBTN,2022-08-24,Harga Selisih
BBTN,2022-08-25,Harga Selisih
BBTN,2022-08-26,Harga Selisih
BBTN,2022-08-29,Harga Selisih
BBTN,2022-08-30,Harga Selisih
BBTN,2022-08-31,Harga Selisih
BBTN,2022-09-01,Harga Selisih
BBTN,2022-09-02,Harga Selisih
BBTN,2022-09-05,Harga Selisih
BBTN,2022-09-06,Harga Selisih
BBTN,2022-09-07,Harga Selisih
BBTN,2022-09-08,Harga Selisih
BBTN,2022-09-09,Harga Selisih
BBTN,2022-09-12,Harga Selisih
BBTN,2022-09-13,Harga Selisih
BBTN,2022-09-14,Harga Selisih
BBTN,2022-09-15,Harga Selisih
BBTN,2022-09-16,Harga Selisih
BBTN,2022-09-19,Harga Selisih
BBTN,2022-09-20,Harga Selisih
BBTN,2022-09-21,Harga Selisih
BBTN,2022-09-22,Harga Selisih
BBTN,2022-09-23,Harga Selisih
BBTN,2022-09-26,Harga Selisih
BBTN,2022-09-27,Harga Selisih
BBTN,2022-09-28,Harga Selisih
BBTN,2022-09-29,Harga Selisih
BBTN,2022-09-30,Harga Selisih
BBTN,2022-10-03,Harga Selisih
BBTN,2022-10-04,Harga Selisih
BBTN,2022-10-05,Harga Selisih
BBTN,2022-10-06,Harga Selisih
BBTN,2022-10-07,Harga Selisih
BBTN,2022-10-10,Harga Selisih
BBTN,2022-10-11,Harga Selisih
BBTN,2022-10-12,Harga Selisih
BBTN,2022-10-13,Harga Selisih
BBTN,2022-10-14,Harga Selisih
BBTN,2022-10-17,Harga Selisih
BBTN,2022-10-18,Harga Selisih
BBTN,2022-10-19,Harga Selisih
BBTN,2022-10-20,Harga Selisih
BBTN,2022-10-21,Harga Selisih
BBTN,2022-10-24,Harga Selisih
BBTN,2022-10-25,Harga Selisih
BBTN,2022-10-26,Harga Selisih
BBTN,2022-10-27,Harga Selisih
BBTN,2022-10-28,Harga Selisih
BBTN,2022-10-31,Harga Selisih
BBTN,2022-11-01,Harga Selisih
BBTN,2022-11-02,Harga Selisih
BBTN,2022-11-03,Harga Selisih
BBTN,2022-11-04,Harga Selisih
BBTN,2022-11-07,Harga Selisih
BBTN,2022-11-08,Harga Selisih
BBTN,2022-11-09,Harga Selisih
BBTN,2022-11-10,Harga Selisih
BBTN,2022-11-11,Harga Selisih
BBTN,2022-11-14,Harga Selisih
BBTN,2022-11-15,Harga Selisih
BBTN,2022-11-16,Harga Selisih
BBTN,2022-11-17,Harga Selisih
BBTN,2022-11-18,Harga Selisih
BBTN,2022-11-21,Harga Selisih
BBTN,2022-11-22,Harga Selisih
BBTN,2022-11-23,Harga Selisih
BBTN,2022-11-24,Harga Selisih
BBTN,2022-11-25,Harga Selisih
BBTN,2022-11-28,Harga Selisih
BBTN,2022-11-29,Harga Selisih
BBTN,2022-11-30,Harga Selisih
BBTN,2022-12-01,Harga Selisih
BBTN,2022-12-02,Harga Selisih
BBTN,2022-12-05,Harga Selisih
BBTN,2022-12-06,Harga Selisih
BBTN,2022-12-07,Harga Selisih
BBTN,2022-12-08,Harga Selisih
BBTN,2022-12-09,Harga Selisih
BBTN,2022-12-12,Harga Selisih
BBTN,2022-12-13,Harga Selisih
BBTN,2022-12-14,Harga Selisih
BBTN,2022-12-15,Harga Selisih
BBTN,2022-12-16,Harga Selisih
BBTN,2022-12-19,Harga Selisih
BBTN,2022-12-20,Harga Selisih
BBTN,2022-12-21,Harga Selisih
BBTN,2022-12-22,Harga Selisih
BBTN,2022-12-23,Harga Selisih
BBTN,2022-12-26,Harga Selisih
BBTN,2022-12-27,Harga Selisih
BBTN,2022-12-28,Harga Selisih
BBTN,2022-12-29,Harga Selisih
BBTN,2022-12-30,Harga Selisih
BBTN,2023-01-02,Harga Selisih
BBTN,2023-01-03,Harga Selisih
BBTN,2023-01-04,Harga Selisih
BBTN,2023-01-05,Harga Selisih
BBTN,2023-01-06,Harga Selisih
BBTN,2023-01-09,Harga Selisih
BBTN,2023-01-10,Harga Selisih
BBTN,2023-01-11,Harga Selisih
BBTN,2023-01-12,Harga Selisih
BBTN,2023-01-13,Harga Selisih
BBTN,2023-01-16,Harga Selisih
BBTN,2023-01-17,Harga Selisih
BBTN,2023-01-18,Harga Selisih
BBTN,2023-01-19,Harga Selisih
BBTN,2023-01-20,Harga Selisih
BBTN,2023-01-24,Harga Selisih
BBTN,2023-01-25,Harga Selisih
BBTN,2023-01-26,Harga Selisih
BBTN,2023-01-27,Harga Selisih
BBTN,2023-01-30,Harga Selisih
BBTN,2023-01-31,Harga Selisih
BBTN,2023-02-01,Harga Selisih
BBTN,2023-02-02,Harga Selisih
BBTN,2023-02-03,Harga Selisih
BBTN,2023-02-06,Harga Selisih
BBTN,2023-02-07,Harga Selisih
BBTN,2023-02-08,Harga Selisih
BBTN,2023-02-09,Harga Selisih
BBTN,2023-02-10,Harga Selisih
BBTN,2023-02-13,Harga Selisih
BBTN,2023-02-14,Harga Selisih
BBTN,2023-02-15,Harga Selisih
BBTN,2023-02-16,Harga Selisih
BBTN,2023-02-17,Harga Selisih
BBTN,2023-02-20,Harga Selisih
BBTN,2023-02-21,Harga Selisih
BBTN,2023-02-22,Harga Selisih
BBTN,2023-02-23,Harga Selisih
BBTN,2023-02-24,Harga Selisih
BBTN,2023-02-27,Harga Selisih
BBTN,2023-02-28,Harga Selisih
BBTN,2023-03-01,Harga Selisih
BBTN,2023-03-02,Harga Selisih
BBTN,2023-03-03,Harga Selisih
BBTN,2023-03-06,Harga Selisih
BBTN,2023-03-07,Harga Selisih
BBTN,2023-03-08,Harga Selisih
BBTN,2023-03-09,Harga Selisih
BBTN,2023-03-10,Harga Selisih
BBTN,2023-03-13,Harga Selisih
BBTN,2023-03-14,Harga Selisih
BBTN,2023-03-15,Harga Selisih
BBTN,2023-03-16,Harga Selisih
BBTN,2023-03-17,Harga Selisih
BBTN,2023-03-20,Harga Selisih
BBTN,2023-03-21,Harga Selisih
BBTN,2023-03-24,Harga Selisih
BBTN,2023-03-27,Harga Selisih
BBTN,2023-03-28,Harga Selisih
BBTN,2023-03-29,Harga Selisih
BBTN,2023-03-30,Harga Selisih
BBTN,2023-03-31,Harga Selisih
BBTN,2023-04-03,Harga Selisih
BBTN,2023-04-04,Harga Selisih
BBTN,2023-04-05,Harga Selisih
BBTN,2023-04-06,Harga Selisih
BBTN,2023-04-10,Harga Selisih
BBTN,2023-04-11,Harga Selisih
BBTN,2023-04-12,Harga Selisih
BBTN,2023-04-13,Harga Selisih
BBTN,2023-04-14,Harga Selisih
BBTN,2023-04-17,Harga Selisih
BBTN,2023-04-18,Harga Selisih
BBTN,2023-04-26,Harga Selisih
BBTN,2023-04-27,Harga Selisih
BBTN,2023-04-28,Harga Selisih
BBTN,2023-05-02,Harga Selisih
BBTN,2023-05-03,Harga Selisih
BBTN,2023-05-04,Harga Selisih
BBTN,2023-05-05,Harga Selisih
BBTN,2023-05-08,Harga Selisih
BBTN,2023-05-09,Harga Selisih
BBTN,2023-05-10,Harga Selisih
BBTN,2023-05-11,Harga Selisih
BBTN,2023-05-12,Harga Selisih
BBTN,2023-05-15,Harga Selisih
BBTN,2023-05-16,Harga Selisih
BBTN,2023-05-17,Harga Selisih
BBTN,2023-05-19,Harga Selisih
BBTN,2023-05-22,Harga Selisih
BBTN,2023-05-23,Harga Selisih
BBTN,2023-05-24,Harga Selisih
BBTN,2023-05-25,Harga Selisih
BBTN,2023-05-26,Harga Selisih
BBTN,2023-05-29,Harga Selisih
BBTN,2023-05-30,Harga Selisih
BBTN,2023-05-31,Harga Selisih
BBTN,2023-06-05,Harga Selisih
BBTN,2023-06-06,Harga Selisih
BBTN,2023-06-07,Harga Selisih
BBTN,2023-06-08,Harga Selisih
BBTN,2023-06-09,Harga Selisih
BBTN,2023-06-12,Harga Selisih
BBTN,2023-06-13,Harga Selisih
BBTN,2023-06-14,Harga Selisih
BBTN,2023-06-15,Harga Selisih
BBTN,2023-06-16,Harga Selisih
BBTN,2023-06-19,Harga Selisih
BBTN,2023-06-20,Harga Selisih
BBTN,2023-06-21,Harga Selisih
BBTN,2023-06-22,Harga Selisih
BBTN,2023-06-23,Harga Selisih
BBTN,2023-06-26,Harga Selisih
BBTN,2023-06-27,Harga Selisih
BBTN,2023-07-03,Harga Selisih
BBTN,2023-07-04,Harga Selisih
BBTN,2023-07-05,Harga Selisih
BBTN,2023-07-06,Harga Selisih
BBTN,2023-07-07,Harga Selisih
BBTN,2023-07-10,Harga Selisih
BBTN,2023-07-11,Harga Selisih
BBTN,2023-07-12,Harga Selisih
BBTN,2023-07-13,Harga Selisih
BBTN,2023-07-14,Harga Selisih
BBTN,2023-07-17,Harga Selisih
BBTN,2023-07-18,Harga Selisih
BBTN,2023-07-20,Harga Selisih
BBTN,2023-07-21,Harga Selisih
BBTN,2023-07-24,Harga Selisih
BBTN,2023-07-25,Harga Selisih
BBTN,2023-07-26,Harga Selisih
BBTN,2023-07-27,Harga Selisih
BBTN,2023-07-28,Harga Selisih
BBTN,2023-07-31,Harga Selisih
BBTN,2023-08-01,Harga Selisih
BBTN,2023-08-02,Harga Selisih
BBTN,2023-08-03,Harga Selisih
BBTN,2023-08-04,Harga Selisih
BBTN,2023-08-07,Harga Selisih
BBTN,2023-08-08,Harga Selisih
BBTN,2023-08-09,Harga Selisih
BBTN,2023-08-10,Harga Selisih
BBTN,2023-08-11,Harga Selisih
BBTN,2023-08-14,Harga Selisih
BBTN,2023-08-15,Harga Selisih
BBTN,2023-08-16,Harga Selisih
BBTN,2023-08-18,Harga Selisih
BBTN,2023-08-21,Harga Selisih
BBTN,2023-08-22,Harga Selisih
BBTN,2023-08-23,Harga Selisih
BBTN,2023-08-24,Harga Selisih
BBTN,2023-08-25,Harga Selisih
BBTN,2023-08-28,Harga Selisih
BBTN,2023-08-29,Harga Selisih
BBTN,2023-08-30,Harga Selisih
BBTN,2023-08-31,Harga Selisih
BBTN,2023-09-01,Harga Selisih
BBTN,2023-09-04,Harga Selisih
BBTN,2023-09-05,Harga Selisih
BBTN,2023-09-06,Harga Selisih
BBTN,2023-09-07,Harga Selisih
BBTN,2023-09-08,Harga Selisih
BBTN,2023-09-11,Harga Selisih
BBTN,2023-09-12,Harga Selisih
BBTN,2023-09-13,Harga Selisih
BBTN,2023-09-14,Harga Selisih
BBTN,2023-09-15,Harga Selisih
BBTN,2023-09-18,Harga Selisih
BBTN,2023-09-19,Harga Selisih
BBTN,2023-09-20,Harga Selisih
BBTN,2023-09-21,Harga Selisih
BBTN,2023-09-22,Harga Selisih
BBTN,2023-09-25,Harga Selisih
BBTN,2023-09-26,Harga Selisih
BBTN,2023-09-27,Harga Selisih
BBTN,2023-09-29,Harga Selisih
BBTN,2023-10-02,Harga Selisih
BBTN,2023-10-03,Harga Selisih
BBTN,2023-10-04,Harga Selisih
BBTN,2023-10-05,Harga Selisih
BBTN,2023-10-06,Harga Selisih
BBTN,2023-10-09,Harga Selisih
BBTN,2023-10-10,Harga Selisih
BBTN,2023-10-11,Harga Selisih
BBTN,2023-10-12,Harga Selisih
BBTN,2023-10-13,Harga Selisih
BBTN,2023-10-16,Harga Selisih
BBTN,2023-10-17,Harga Selisih
BBTN,2023-10-18,Harga Selisih
BBTN,2023-10-19,Harga Selisih
BBTN,2023-10-20,Harga Selisih
BBTN,2023-10-23,Harga Selisih
BBTN,2023-10-24,Harga Selisih
BBTN,2023-10-25,Harga Selisih
BBTN,2023-10-26,Harga Selisih
BBTN,2023-10-27,Harga Selisih
BBTN,2023-10-30,Harga Selisih
BBTN,2023-10-31,Harga Selisih
BBTN,2023-11-01,Harga Selisih
BBTN,2023-11-02,Harga Selisih
BBTN,2023-11-03,Harga Selisih
BBTN,2023-11-06,Harga Selisih
BBTN,2023-11-07,Harga Selisih
BBTN,2023-11-08,Harga Selisih
BBTN,2023-11-09,Harga Selisih
BBTN,2023-11-10,Harga Selisih
BBTN,2023-11-13,Harga Selisih
BBTN,2023-11-14,Harga Selisih
BBTN,2023-11-15,Harga Selisih
BBTN,2023-11-16,Harga Selisih
BBTN,2023-11-17,Harga Selisih
BBTN,2023-11-20,Harga Selisih
BBTN,2023-11-21,Harga Selisih
BBTN,2023-11-22,Harga Selisih
BBTN,2023-11-23,Harga Selisih
BBTN,2023-11-24,Harga Selisih
BBTN,2023-11-27,Harga Selisih
BBTN,2023-11-28,Harga Selisih
BBTN,2023-11-29,Harga Selisih
BBTN,2023-11-30,Harga Selisih
BBTN,2023-12-01,Harga Selisih
BBTN,2023-12-04,Harga Selisih
BBTN,2023-12-05,Harga Selisih
BBTN,2023-12-06,Harga Selisih
BBTN,2023-12-07,Harga Selisih
BBTN,2023-12-08,Harga Selisih
BBTN,2023-12-11,Harga Selisih
BBTN,2023-12-12,Harga Selisih
BBTN,2023-12-13,Harga Selisih
BBTN,2023-12-14,Harga Selisih
BBTN,2023-12-15,Harga Selisih
BBTN,2023-12-18,Harga Selisih
BBTN,2023-12-19,Harga Selisih
BBTN,2023-12-20,Harga Selisih
BBTN,2023-12-21,Harga Selisih
BBTN,2023-12-22,Harga Selisih
BBYB,2019-12-26,Data Adjusted
BBYB,2019-12-27,Data Adjusted
BBYB,2019-12-30,Data Adjusted
BBYB,2020-01-02,Data Adjusted
BBYB,2020-01-03,Data Adjusted
BBYB,2020-01-06,Data Adjusted
BBYB,2020-01-07,Data Adjusted
BBYB,2020-01-08,Data Adjusted
BBYB,2020-01-09,Data Adjusted
BBYB,2020-01-10,Data Adjusted
BBYB,2020-01-13,Data Adjusted
BBYB,2020-01-14,Data Adjusted
BBYB,2020-01-15,Data Adjusted
BBYB,2020-01-16,Data Adjusted
BBYB,2020-01-17,Data Adjusted
BBYB,2020-01-20,Data Adjusted
BBYB,2020-01-21,Data Adjusted
BBYB,2020-01-22,Data Adjusted
BBYB,2020-01-23,Data Adjusted
BBYB,2020-01-24,Data Adjusted
BBYB,2020-01-27,Data Adjusted
BBYB,2020-01-28,Data Adjusted
BBYB,2020-01-29,Data Adjusted
BBYB,2020-01-30,Data Adjusted
BBYB,2020-01-31,Data Adjusted
BBYB,2020-02-03,Data Adjusted
BBYB,2020-02-04,Data Adjusted
BBYB,2020-02-05,Data Adjusted
BBYB,2020-02-06,Data Adjusted
BBYB,2020-02-07,Data Adjusted
BBYB,2020-02-10,Data Adjusted
BBYB,2020-02-11,Data Adjusted
BBYB,2020-02-12,Data Adjusted
BBYB,2020-02-13,Data Adjusted
BBYB,2020-02-14,Data Adjusted
BBYB,2020-02-17,Data Adjusted
BBYB,2020-02-18,Data Adjusted
BBYB,2020-02-19,Data Adjusted
BBYB,2020-02-20,Data Adjusted
BBYB,2020-02-21,Data Adjusted
BBYB,2020-02-24,Data Adjusted
BBYB,2020-02-25,Data Adjusted
BBYB,2020-02-26,Data Adjusted
BBYB,2020-02-27,Data Adjusted
BBYB,2020-02-28,Data Adjusted
BBYB,2020-03-02,Data Adjusted
BBYB,2020-03-03,Data Adjusted
BBYB,2020-03-04,Data Adjusted
BBYB,2020-03-05,Data Adjusted
BBYB,2020-03-06,Data Adjusted
BBYB,2020-03-09,Data Adjusted
BBYB,2020-03-10,Data Adjusted
BBYB,2020-03-11,Data Adjusted
BBYB,2020-03-12,Data Adjusted
BBYB,2020-03-13,Data Adjusted
BBYB,2020-03-16,Data Adjusted
BBYB,2020-03-17,Data Adjusted
BBYB,2020-03-18,Data Adjusted
BBYB,2020-03-19,Data Adjusted
BBYB,2020-03-20,Data Adjusted
BBYB,2020-03-23,Data Adjusted
BBYB,2020-03-24,Data Adjusted
BBYB,2020-03-26,Data Adjusted
BBYB,2020-03-27,Data Adjusted
BBYB,2020-03-30,Data Adjusted
BBYB,2020-03-31,Data Adjusted
BBYB,2020-04-01,Data Adjusted
BBYB,2020-04-02,Data Adjusted
BBYB,2020-04-03,Data Adjusted
BBYB,2020-04-06,Data Adjusted
BBYB,2020-04-07,Data Adjusted
BBYB,2020-04-08,Data Adjusted
BBYB,2020-04-09,Data Adjusted
BBYB,2020-04-13,Data Adjusted
BBYB,2020-04-14,Data Adjusted
BBYB,2020-04-15,Data Adjusted
BBYB,2020-04-16,Data Adjusted
BBYB,2020-04-17,Data Adjusted
BBYB,2020-04-20,Data Adjusted
BBYB,2020-04-21,Data Adjusted
BBYB,2020-04-22,Data Adjusted
BBYB,2020-04-23,Data Adjusted
BBYB,2020-04-24,Data Adjusted
BBYB,2020-04-27,Data Adjusted
BBYB,2020-04-28,Data Adjusted
BBYB,2020-04-29,Data Adjusted
BBYB,2020-04-30,Data Adjusted
BBYB,2020-05-04,Data Adjusted
BBYB,2020-05-05,Data Adjusted
BBYB,2020-05-06,Data Adjusted
BBYB,2020-05-08,Data Adjusted
BBYB,2020-05-11,Data Adjusted
BBYB,2020-05-12,Data Adjusted
BBYB,2020-05-13,Data Adjusted
BBYB,2020-05-14,Data Adjusted
BBYB,2020-05-15,Data Adjusted
BBYB,2020-05-18,Data Adjusted
BBYB,2020-05-19,Data Adjusted
BBYB,2020-05-20,Data Adjusted
BBYB,2020-05-26,Data Adjusted
BBYB,2020-05-27,Data Adjusted
BBYB,2020-05-28,Data Adjusted
BBYB,2020-05-29,Data Adjusted
BBYB,2020-06-02,Data Adjusted
BBYB,2020-06-03,Data Adjusted
BBYB,2020-06-04,Data Adjusted
BBYB,2020-06-05,Data Adjusted
BBYB,2020-06-08,Data Adjusted
BBYB,2020-06-09,Data Adjusted
BBYB,2020-06-10,Data Adjusted
BBYB,2020-06-11,Data Adjusted
BBYB,2020-06-12,Data Adjusted
BBYB,2020-06-15,Data Adjusted
BBYB,2020-06-16,Data Adjusted
BBYB,2020-06-17,Data Adjusted
BBYB,2020-06-18,Data Adjusted
BBYB,2020-06-19,Data Adjusted
BBYB,2020-06-22,Data Adjusted
BBYB,2020-06-23,Data Adjusted
BBYB,2020-06-24,Data Adjusted
BBYB,2020-06-25,Data Adjusted
BBYB,2020-06-26,Data Adjusted
BBYB,2020-06-29,Data Adjusted
BBYB,2020-06-30,Data Adjusted
BBYB,2020-07-01,Data Adjusted
BBYB,2020-07-02,Data Adjusted
BBYB,2020-07-03,Data Adjusted
BBYB,2020-07-06,Data Adjusted
BBYB,2020-07-07,Data Adjusted
BBYB,2020-07-08,Data Adjusted
BBYB,2020-07-09,Data Adjusted
BBYB,2020-07-10,Data Adjusted
BBYB,2020-07-13,Data Adjusted
BBYB,2020-07-14,Data Adjusted
BBYB,2020-07-15,Data Adjusted
BBYB,2020-07-16,Data Adjusted
BBYB,2020-07-17,Data Adjusted
BBYB,2020-07-20,Data Adjusted
BBYB,2020-07-21,Data Adjusted
BBYB,2020-07-22,Data Adjusted
BBYB,2020-07-23,Data Adjusted
BBYB,2020-07-24,Data Adjusted
BBYB,2020-07-27,Data Adjusted
BBYB,2020-07-28,Data Adjusted
BBYB,2020-07-29,Data Adjusted
BBYB,2020-07-30,Data Adjusted
BBYB,2020-08-03,Data Adjusted
BBYB,2020-08-04,Data Adjusted
BBYB,2020-08-05,Data Adjusted
BBYB,2020-08-06,Data Adjusted
BBYB,2020-08-07,Data Adjusted
BBYB,2020-08-10,Data Adjusted
BBYB,2020-08-11,Data Adjusted
BBYB,2020-08-12,Data Adjusted
BBYB,2020-08-13,Data Adjusted
BBYB,2020-08-14,Data Adjusted
BBYB,2020-08-18,Data Adjusted
BBYB,2020-08-19,Data Adjusted
BBYB,2020-08-24,Data Adjusted
BBYB,2020-08-25,Data Adjusted
BBYB,2020-08-26,Data Adjusted
BBYB,2020-08-27,Data Adjusted
BBYB,2020-08-28,Data Adjusted
BBYB,2020-08-31,Data Adjusted
BBYB,2020-09-01,Data Adjusted
BBYB,2020-09-02,Data Adjusted
BBYB,2020-09-03,Data Adjusted
BBYB,2020-09-04,Data Adjusted
BBYB,2020-09-07,Data Adjusted
BBYB,2020-09-08,Data Adjusted
BBYB,2020-09-09,Data Adjusted
BBYB,2020-09-10,Data Adjusted
BBYB,2020-09-11,Data Adjusted
BBYB,2020-09-14,Data Adjusted
BBYB,2020-09-15,Data Adjusted
BBYB,2020-09-16,Data Adjusted
BBYB,2020-09-17,Data Adjusted
BBYB,2020-09-18,Data Adjusted
BBYB,2020-09-21,Data Adjusted
BBYB,2020-09-22,Data Adjusted
BBYB,2020-09-23,Data Adjusted
BBYB,2020-09-24,Data Adjusted
BBYB,2020-09-25,Data Adjusted
BBYB,2020-09-28,Data Adjusted
BBYB,2020-09-29,Data Adjusted
BBYB,2020-09-30,Data Adjusted
BBYB,2020-10-01,Data Adjusted
BBYB,2020-10-02,Data Adjusted
BBYB,2020-10-05,Data Adjusted
BBYB,2020-10-06,Data Adjusted
BBYB,2020-10-07,Data Adjusted
BBYB,2020-10-08,Data Adjusted
BBYB,2020-10-09,Data Adjusted
BBYB,2020-10-12,Data Adjusted
BBYB,2020-10-13,Data Adjusted
BBYB,2020-10-14,Data Adjusted
BBYB,2020-10-15,Data Adjusted
BBYB,2020-10-16,Data Adjusted
BBYB,2020-10-19,Data Adjusted
BBYB,2020-10-20,Data Adjusted
BBYB,2020-10-21,Data Adjusted
BBYB,2020-10-22,Data Adjusted
BBYB,2020-10-23,Data Adjusted
BBYB,2020-10-26,Data Adjusted
BBYB,2020-10-27,Data Adjusted
BBYB,2020-11-02,Data Adjusted
BBYB,2020-11-03,Data Adjusted
BBYB,2020-11-04,Data Adjusted
BBYB,2020-11-05,Data Adjusted
BBYB,2020-11-06,Data Adjusted
BBYB,2020-11-09,Data Adjusted
BBYB,2020-11-10,Data Adjusted
BBYB,2020-11-11,Data Adjusted
BBYB,2020-11-12,Data Adjusted
BBYB,2020-11-13,Data Adjusted
BBYB,2020-11-16,Data Adjusted
BBYB,2020-11-17,Data Adjusted
BBYB,2020-11-18,Data Adjusted
BBYB,2020-11-19,Data Adjusted
BBYB,2020-11-20,Data Adjusted
BBYB,2020-11-23,Data Adjusted
BBYB,2020-11-24,Data Adjusted
BBYB,2020-11-25,Data Adjusted
BBYB,2020-11-26,Data Adjusted
BBYB,2020-11-27,Data Adjusted
BBYB,2020-11-30,Data Adjusted
BBYB,2020-12-01,Data Adjusted
BBYB,2020-12-02,Data Adjusted
BBYB,2020-12-03,Data Adjusted
BBYB,2020-12-04,Data Adjusted
BBYB,2020-12-07,Data Adjusted
BBYB,2020-12-08,Data Adjusted
BBYB,2020-12-10,Data Adjusted
BBYB,2020-12-11,Data Adjusted
BBYB,2020-12-14,Data Adjusted
BBYB,2020-12-15,Data Adjusted
BBYB,2020-12-16,Data Adjusted
BBYB,2020-12-17,Data Adjusted
BBYB,2020-12-18,Data Adjusted
BBYB,2020-12-21,Data Adjusted
BBYB,2020-12-22,Data Adjusted
BBYB,2020-12-23,Data Adjusted
BBYB,2020-12-28,Data Adjusted
BBYB,2020-12-29,Data Adjusted
BBYB,2020-12-30,Data Adjusted
BBYB,2021-01-04,Data Adjusted
BBYB,2021-01-05,Data Adjusted
BBYB,2021-01-06,Data Adjusted
BBYB,2021-01-07,Data Adjusted
BBYB,2021-01-08,Data Adjusted
BBYB,2021-01-11,Data Adjusted
BBYB,2021-01-12,Data Adjusted
BBYB,2021-01-13,Data Adjusted
BBYB,2021-01-14,Data Adjusted
BBYB,2021-01-15,Data Adjusted
BBYB,2021-01-18,Data Adjusted
BBYB,2021-01-19,Data Adjusted
BBYB,2021-01-20,Data Adjusted
BBYB,2021-01-21,Data Adjusted
BBYB,2021-01-22,Data Adjusted
BBYB,2021-01-25,Data Adjusted
BBYB,2021-01-26,Data Adjusted
BBYB,2021-01-27,Data Adjusted
BBYB,2021-01-28,Data Adjusted
BBYB,2021-01-29,Data Adjusted
BBYB,2021-02-01,Data Adjusted
BBYB,2021-02-02,Data Adjusted
BBYB,2021-02-03,Data Adjusted
BBYB,2021-02-04,Data Adjusted
BBYB,2021-02-05,Data Adjusted
BBYB,2021-02-08,Data Adjusted
BBYB,2021-02-09,Data Adjusted
BBYB,2021-02-10,Data Adjusted
BBYB,2021-02-11,Data Adjusted
BBYB,2021-02-15,Data Adjusted
BBYB,2021-02-16,Data Adjusted
BBYB,2021-02-17,Data Adjusted
BBYB,2021-02-18,Data Adjusted
BBYB,2021-02-19,Data Adjusted
BBYB,2021-02-22,Data Adjusted
BBYB,2021-02-23,Data Adjusted
BBYB,2021-02-24,Data Adjusted
BBYB,2021-02-25,Data Adjusted
BBYB,2021-02-26,Data Adjusted
BBYB,2021-03-01,Data Adjusted
BBYB,2021-03-02,Data Adjusted
BBYB,2021-03-03,Data Adjusted
BBYB,2021-03-04,Data Adjusted
BBYB,2021-03-05,Data Adjusted
BBYB,2021-03-08,Data Adjusted
BBYB,2021-03-09,Data Adjusted
BBYB,2021-03-10,Data Adjusted
BBYB,2021-03-12,Data Adjusted
BBYB,2021-03-15,Data Adjusted
BBYB,2021-03-16,Data Adjusted
BBYB,2021-03-17,Data Adjusted
BBYB,2021-03-18,Data Adjusted
BBYB,2021-03-19,Data Adjusted
BBYB,2021-03-22,Data Adjusted
BBYB,2021-03-23,Data Adjusted
BBYB,2021-03-24,Data Adjusted
BBYB,2021-03-25,Data Adjusted
BBYB,2021-03-26,Data Adjusted
BBYB,2021-03-29,Data Adjusted
BBYB,2021-03-30,Data Adjusted
BBYB,2021-03-31,Data Adjusted
BBYB,2021-04-01,Data Adjusted
BBYB,2021-04-05,Data Adjusted
BBYB,2021-04-06,Data Adjusted
BBYB,2021-04-07,Data Adjusted
BBYB,2021-04-08,Data Adjusted
BBYB,2021-04-09,Data Adjusted
BBYB,2021-04-12,Data Adjusted
BBYB,2021-04-13,Data Adjusted
BBYB,2021-04-14,Data Adjusted
BBYB,2021-04-15,Data Adjusted
BBYB,2021-04-16,Data Adjusted
BBYB,2021-04-19,Data Adjusted
BBYB,2021-04-20,Data Adjusted
BBYB,2021-04-21,Data Adjusted
BBYB,2021-04-22,Data Adjusted
BBYB,2021-04-23,Data Adjusted
BBYB,2021-04-26,Data Adjusted
BBYB,2021-04-27,Data Adjusted
BBYB,2021-04-28,Data Adjusted
BBYB,2021-04-29,Data Adjusted
BBYB,2021-04-30,Data Adjusted
BBYB,2021-05-03,Data Adjusted
BBYB,2021-05-04,Data Adjusted
BBYB,2021-05-05,Data Adjusted
BBYB,2021-05-06,Data Adjusted
BBYB,2021-05-07,Data Adjusted
BBYB,2021-05-10,Data Adjusted
BBYB,2021-05-11,Data Adjusted
BBYB,2021-05-17,Data Adjusted
BBYB,2021-05-18,Data Adjusted
BBYB,2021-05-19,Data Adjusted
BBYB,2021-05-20,Data Adjusted
BBYB,2021-05-21,Data Adjusted
BBYB,2021-05-24,Data Adjusted
BBYB,2021-05-25,Data Adjusted
BBYB,2021-05-27,Data Adjusted
BBYB,2021-05-28,Data Adjusted
BBYB,2021-05-31,Data Adjusted
BBYB,2021-06-02,Data Adjusted
BBYB,2021-06-03,Data Adjusted
BBYB,2021-06-04,Data Adjusted
BBYB,2021-06-07,Data Adjusted
BBYB,2021-06-08,Data Adjusted
BBYB,2021-06-09,Data Adjusted
BBYB,2021-06-10,Data Adjusted
BBYB,2021-06-11,Data Adjusted
BBYB,2021-06-14,Data Adjusted
BBYB,2021-06-15,Data Adjusted
BBYB,2021-06-16,Data Adjusted
BBYB,2021-06-17,Data Adjusted
BBYB,2021-06-18,Data Adjusted
BBYB,2021-06-21,Data Adjusted
BBYB,2021-06-22,Data Adjusted
BBYB,2021-06-23,Data Adjusted
BBYB,2021-06-24,Data Adjusted
BBYB,2021-06-25,Data Adjusted
BBYB,2021-06-28,Data Adjusted
BBYB,2021-06-29,Data Adjusted
BBYB,2021-06-30,Data Adjusted
BBYB,2021-07-01,Data Adjusted
BBYB,2021-07-02,Data Adjusted
BBYB,2021-07-05,Data Adjusted
BBYB,2021-07-06,Data Adjusted
BBYB,2021-07-07,Data Adjusted
BBYB,2021-07-08,Data Adjusted
BBYB,2021-07-09,Data Adjusted
BBYB,2021-07-12,Data Adjusted
BBYB,2021-07-13,Data Adjusted
BBYB,2021-07-14,Data Adjusted
BBYB,2021-07-15,Data Adjusted
BBYB,2021-07-16,Data Adjusted
BBYB,2021-07-19,Data Adjusted
BBYB,2021-07-21,Data Adjusted
BBYB,2021-07-22,Data Adjusted
BBYB,2021-07-23,Data Adjusted
BBYB,2021-07-26,Data Adjusted
BBYB,2021-07-27,Data Adjusted
BBYB,2021-07-28,Data Adjusted
BBYB,2021-07-29,Data Adjusted
BBYB,2021-07-30,Data Adjusted
BBYB,2021-08-02,Data Adjusted
BBYB,2021-08-03,Data Adjusted
BBYB,2021-08-04,Data Adjusted
BBYB,2021-08-05,Data Adjusted
BBYB,2021-08-06,Data Adjusted
BBYB,2021-08-09,Data Adjusted
BBYB,2021-08-10,Data Adjusted
BBYB,2021-08-12,Data Adjusted
BBYB,2021-08-13,Data Adjusted
BBYB,2021-08-16,Data Adjusted
BBYB,2021-08-18,Data Adjusted
BBYB,2021-08-19,Data Adjusted
BBYB,2021-08-20,Data Adjusted
BBYB,2021-08-23,Data Adjusted
BBYB,2021-08-24,Data Adjusted
BBYB,2021-08-25,Data Adjusted
BBYB,2021-08-26,Data Adjusted
BBYB,2021-08-27,Data Adjusted
BBYB,2021-08-30,Data Adjusted
BBYB,2021-08-31,Data Adjusted
BBYB,2021-09-01,Data Adjusted
BBYB,2021-09-02,Data Adjusted
BBYB,2021-09-03,Data Adjusted
BBYB,2021-09-06,Data Adjusted
BBYB,2021-09-07,Data Adjusted
BBYB,2021-09-08,Data Adjusted
BBYB,2021-09-09,Data Adjusted
BBYB,2021-09-10,Data Adjusted
BBYB,2021-09-13,Data Adjusted
BBYB,2021-09-14,Data Adjusted
BBYB,2021-09-15,Data Adjusted
BBYB,2021-09-16,Data Adjusted
BBYB,2021-09-17,Data Adjusted
BBYB,2021-09-20,Data Adjusted
BBYB,2021-09-21,Data Adjusted
BBYB,2021-09-22,Data Adjusted
BBYB,2021-09-23,Data Adjusted
BBYB,2021-09-24,Data Adjusted
BBYB,2021-09-27,Data Adjusted
BBYB,2021-09-28,Data Adjusted
BBYB,2021-09-29,Data Adjusted
BBYB,2021-09-30,Data Adjusted
BBYB,2021-10-01,Data Adjusted
BBYB,2021-10-04,Data Adjusted
BBYB,2021-10-05,Data Adjusted
BBYB,2021-10-06,Data Adjusted
BBYB,2021-10-07,Data Adjusted
BBYB,2021-10-08,Data Adjusted
BBYB,2021-10-11,Data Adjusted
BBYB,2021-10-12,Data Adjusted
BBYB,2021-10-13,Data Adjusted
BBYB,2021-10-14,Data Adjusted
BBYB,2021-10-15,Data Adjusted
BBYB,2021-10-18,Data Adjusted
BBYB,2021-10-19,Data Adjusted
BBYB,2021-10-21,Data Adjusted
BBYB,2021-10-22,Data Adjusted
BBYB,2021-10-25,Data Adjusted
BBYB,2021-10-26,Data Adjusted
BBYB,2021-10-27,Data Adjusted
BBYB,2021-10-28,Data Adjusted
BBYB,2021-10-29,Data Adjusted
BBYB,2021-11-01,Data Adjusted
BBYB,2021-11-02,Data Adjusted
BBYB,2021-11-03,Data Adjusted
BBYB,2021-11-04,Data Adjusted
BBYB,2021-11-05,Data Adjusted
BBYB,2021-11-08,Data Adjusted
BBYB,2021-11-09,Data Adjusted
BBYB,2021-11-10,Data Adjusted
BBYB,2021-11-11,Data Adjusted
BBYB,2021-11-12,Data Adjusted
BBYB,2021-11-15,Data Adjusted
BBYB,2021-11-16,Data Adjusted
BBYB,2021-11-17,Data Adjusted
BBYB,2021-11-18,Data Adjusted
BBYB,2021-11-19,Data Adjusted
BBYB,2021-11-22,Data Adjusted
BBYB,2021-11-23,Data Adjusted
BBYB,2021-11-24,Data Adjusted
BBYB,2021-11-25,Data Adjusted
BBYB,2021-11-26,Data Adjusted
BBYB,2021-11-29,Data Adjusted
BBYB,2021-11-30,Data Adjusted
BBYB,2021-12-01,Data Adjusted
BBYB,2021-12-02,Data Adjusted
BBYB,2021-12-03,Data Adjusted
BBYB,2021-12-06,Data Adjusted
BBYB,2021-12-07,Data Adjusted
BBYB,2021-12-08,Data Adjusted
BBYB,2021-12-09,Data Adjusted
BBYB,2021-12-10,Data Adjusted
BBYB,2021-12-13,Data Adjusted
BBYB,2021-12-14,Data Adjusted
BBYB,2021-12-15,Data Adjusted
BBYB,2021-12-16,Data Adjusted
BBYB,2021-12-17,Data Adjusted
BBYB,2021-12-20,Data Adjusted
BBYB,2021-12-21,Data Adjusted
BBYB,2021-12-22,Data Adjusted
BBYB,2021-12-23,Data Adjusted
BBYB,2021-12-24,Data Adjusted
BBYB,2021-12-27,Data Adjusted
BBYB,2021-12-29,Data Adjusted
BBYB,2021-12-30,Data Adjusted
BBYB,2022-01-03,Data Adjusted
BBYB,2022-01-04,Data Adjusted
BBYB,2022-01-05,Data Adjusted
BBYB,2022-01-06,Data Adjusted
BBYB,2022-01-07,Data Adjusted
BBYB,2022-01-10,Data Adjusted
BBYB,2022-01-11,Data Adjusted
BBYB,2022-01-12,Data Adjusted
BBYB,2022-01-13,Data Adjusted
BBYB,2022-01-14,Data Adjusted
BBYB,2022-01-17,Data Adjusted
BBYB,2022-01-18,Data Adjusted
BBYB,2022-01-19,Data Adjusted
BBYB,2022-01-20,Data Adjusted
BBYB,2022-01-21,Data Adjusted
BBYB,2022-01-24,Data Adjusted
BBYB,2022-01-25,Data Adjusted
BBYB,2022-01-26,Data Adjusted
BBYB,2022-01-27,Data Adjusted
BBYB,2022-01-28,Data Adjusted
BBYB,2022-01-31,Data Adjusted
BBYB,2022-02-02,Data Adjusted
BBYB,2022-02-03,Data Adjusted
BBYB,2022-02-04,Data Adjusted
BBYB,2022-02-07,Data Adjusted
BBYB,2022-02-08,Data Adjusted
BBYB,2022-02-09,Data Adjusted
BBYB,2022-02-10,Data Adjusted
BBYB,2022-02-11,Data Adjusted
BBYB,2022-02-14,Data Adjusted
BBYB,2022-02-15,Data Adjusted
BBYB,2022-02-16,Data Adjusted
BBYB,2022-02-17,Data Adjusted
BBYB,2022-02-18,Data Adjusted
BBYB,2022-02-21,Data Adjusted
BBYB,2022-02-22,Data Adjusted
BBYB,2022-02-23,Data Adjusted
BBYB,2022-02-24,Data Adjusted
BBYB,2022-02-25,Data Adjusted
BBYB,2022-03-01,Data Adjusted
BBYB,2022-03-02,Data Adjusted
BBYB,2022-03-04,Data Adjusted
BBYB,2022-03-07,Data Adjusted
BBYB,2022-03-08,Data Adjusted
BBYB,2022-03-09,Data Adjusted
BBYB,2022-03-10,Data Adjusted
BBYB,2022-03-11,Data Adjusted
BBYB,2022-03-14,Data Adjusted
BBYB,2022-03-15,Data Adjusted
BBYB,2022-03-16,Data Adjusted
BBYB,2022-03-17,Data Adjusted
BBYB,2022-03-18,Data Adjusted
BBYB,2022-03-21,Data Adjusted
BBYB,2022-03-22,Data Adjusted
BBYB,2022-03-23,Data Adjusted
BBYB,2022-03-24,Data Adjusted
BBYB,2022-03-25,Data Adjusted
BBYB,2022-03-28,Data Adjusted
BBYB,2022-03-29,Data Adjusted
BBYB,2022-03-30,Data Adjusted
BBYB,2022-03-31,Data Adjusted
BBYB,2022-04-01,Data Adjusted
BBYB,2022-04-04,Data Adjusted
BBYB,2022-04-05,Data Adjusted
BBYB,2022-04-06,Data Adjusted
BBYB,2022-04-07,Data Adjusted
BBYB,2022-04-08,Data Adjusted
BBYB,2022-04-11,Data Adjusted
BBYB,2022-04-12,Data Adjusted
BBYB,2022-04-13,Data Adjusted
BBYB,2022-04-14,Data Adjusted
BBYB,2022-04-18,Data Adjusted
BBYB,2022-04-19,Data Adjusted
BBYB,2022-04-20,Data Adjusted
BBYB,2022-04-21,Data Adjusted
BBYB,2022-04-22,Data Adjusted
BBYB,2022-04-25,Data Adjusted
BBYB,2022-04-26,Data Adjusted
BBYB,2022-04-27,Data Adjusted
BBYB,2022-04-28,Data Adjusted
BBYB,2022-05-09,Data Adjusted
BBYB,2022-05-10,Data Adjusted
BBYB,2022-05-11,Data Adjusted
BBYB,2022-05-12,Data Adjusted
BBYB,2022-05-13,Data Adjusted
BBYB,2022-05-17,Data Adjusted
BBYB,2022-05-18,Data Adjusted
BBYB,2022-05-19,Data Adjusted
BBYB,2022-05-20,Data Adjusted
BBYB,2022-05-23,Data Adjusted
BBYB,2022-05-24,Data Adjusted
BBYB,2022-05-25,Data Adjusted
BBYB,2022-05-27,Data Adjusted
BBYB,2022-05-30,Data Adjusted
BBYB,2022-05-31,Data Adjusted
BBYB,2022-06-02,Data Adjusted
BBYB,2022-06-03,Data Adjusted
BBYB,2022-06-06,Data Adjusted
BBYB,2022-06-07,Data Adjusted
BBYB,2022-06-08,Data Adjusted
BBYB,2022-06-09,Data Adjusted
BBYB,2022-06-10,Data Adjusted
BBYB,2022-06-13,Data Adjusted
BBYB,2022-06-14,Data Adjusted
BBYB,2022-06-15,Data Adjusted
BBYB,2022-06-16,Data Adjusted
BBYB,2022-06-17,Data Adjusted
BBYB,2022-06-20,Data Adjusted
BBYB,2022-06-21,Data Adjusted
BBYB,2022-06-22,Data Adjusted
BBYB,2022-06-23,Data Adjusted
BBYB,2022-06-24,Data Adjusted
BBYB,2022-06-27,Data Adjusted
BBYB,2022-06-28,Data Adjusted
BBYB,2022-06-29,Data Adjusted
BBYB,2022-06-30,Data Adjusted
BBYB,2022-07-01,Data Adjusted
BBYB,2022-07-04,Data Adjusted
BBYB,2022-07-05,Data Adjusted
BBYB,2022-07-06,Data Adjusted
BBYB,2022-07-07,Data Adjusted
BBYB,2022-07-08,Data Adjusted
BBYB,2022-07-11,Data Adjusted
BBYB,2022-07-12,Data Adjusted
BBYB,2022-07-13,Data Adjusted
BBYB,2022-07-14,Data Adjusted
BBYB,2022-07-15,Data Adjusted
BBYB,2022-07-18,Data Adjusted
BBYB,2022-07-19,Data Adjusted
BBYB,2022-07-20,Data Adjusted
BBYB,2022-07-21,Data Adjusted
BBYB,2022-07-22,Data Adjusted
BBYB,2022-07-25,Data Adjusted
BBYB,2022-07-26,Data Adjusted
BBYB,2022-07-27,Data Adjusted
BBYB,2022-07-28,Data Adjusted
BBYB,2022-07-29,Data Adjusted
BBYB,2022-08-01,Data Adjusted
BBYB,2022-08-02,Data Adjusted
BBYB,2022-08-03,Data Adjusted
BBYB,2022-08-04,Data Adjusted
BBYB,2022-08-05,Data Adjusted
BBYB,2022-08-08,Data Adjusted
BBYB,2022-08-09,Data Adjusted
BBYB,2022-08-10,Data Adjusted
BBYB,2022-08-11,Data Adjusted
BBYB,2022-08-12,Data Adjusted
BBYB,2022-08-15,Data Adjusted
BBYB,2022-08-16,Data Adjusted
BBYB,2022-08-18,Data Adjusted
BBYB,2022-08-19,Data Adjusted
BBYB,2022-08-22,Data Adjusted
BBYB,2022-08-23,Data Adjusted
BBYB,2022-08-24,Data Adjusted
BBYB,2022-08-25,Data Adjusted
BBYB,2022-08-26,Data Adjusted
BBYB,2022-08-29,Data Adjusted
BBYB,2022-08-30,Data Adjusted
BBYB,2022-08-31,Data Adjusted
BBYB,2022-09-01,Data Adjusted
BBYB,2022-09-02,Data Adjusted
BBYB,2022-09-05,Data Adjusted
BBYB,2022-09-06,Data Adjusted
BBYB,2022-09-07,Data Adjusted
BBYB,2022-09-08,Data Adjusted
BBYB,2022-09-09,Data Adjusted
BBYB,2022-09-12,Data Adjusted
BBYB,2022-09-13,Data Adjusted
BBYB,2022-09-14,Data Adjusted
BBYB,2022-09-15,Data Adjusted
BBYB,2022-09-16,Data Adjusted
BBYB,2022-09-19,Data Adjusted
BBYB,2022-09-20,Data Adjusted
BBYB,2022-09-21,Data Adjusted
BBYB,2022-09-22,Data Adjusted
BBYB,2022-09-23,Data Adjusted
BBYB,2022-09-26,Data Adjusted
BBYB,2022-09-27,Data Adjusted
BBYB,2022-09-28,Data Adjusted
BBYB,2022-09-29,Data Adjusted
BBYB,2022-09-30,Data Adjusted
BBYB,2022-10-03,Data Adjusted
BBYB,2022-10-04,Data Adjusted
BBYB,2022-10-05,Data Adjusted
BBYB,2022-10-06,Data Adjusted
BBYB,2022-10-07,Data Adjusted
BBYB,2022-10-10,Data Adjusted
BBYB,2022-10-11,Data Adjusted
BBYB,2022-10-12,Data Adjusted
BBYB,2022-10-13,Data Adjusted
BBYB,2022-10-14,Data Adjusted
BBYB,2022-10-17,Data Adjusted
BBYB,2022-10-18,Data Adjusted
BBYB,2022-10-19,Data Adjusted
BBYB,2022-10-20,Data Adjusted
BBYB,2022-10-21,Data Adjusted
BBYB,2022-10-24,Data Adjusted
BBYB,2022-10-25,Data Adjusted
BBYB,2022-10-26,Data Adjusted
BBYB,2022-10-27,Data Adjusted
BBYB,2022-10-28,Data Adjusted
BBYB,2022-10-31,Data Adjusted
BBYB,2022-11-01,Data Adjusted
BBYB,2022-11-02,Data Adjusted
BBYB,2022-11-03,Data Adjusted
BBYB,2022-11-04,Data Adjusted
BBYB,2022-11-07,Data Adjusted
BBYB,2022-11-08,Data Adjusted
BBYB,2022-11-09,Data Adjusted
BBYB,2022-11-10,Data Adjusted
BBYB,2022-11-11,Data Adjusted
BBYB,2022-11-14,Data Adjusted
BBYB,2022-11-15,Data Adjusted
BBYB,2022-11-16,Data Adjusted
BBYB,2022-11-17,Data Adjusted
BBYB,2022-11-18,Data Adjusted
BDMN,2019-12-26,Harga Selisih
BDMN,2019-12-27,Harga Selisih
BDMN,2019-12-30,Harga Selisih
BDMN,2020-01-02,Harga Selisih
BDMN,2020-01-03,Harga Selisih
BDMN,2020-01-06,Harga Selisih
BDMN,2020-01-07,Harga Selisih
BDMN,2020-01-08,Harga Selisih
BDMN,2020-01-09,Harga Selisih
BDMN,2020-01-10,Harga Selisih
BDMN,2020-01-13,Harga Selisih
BDMN,2020-01-14,Harga Selisih
BDMN,2020-01-15,Harga Selisih
BDMN,2020-01-16,Harga Selisih
BDMN,2020-01-17,Harga Selisih
BDMN,2020-01-20,Harga Selisih
BDMN,2020-01-21,Harga Selisih
BDMN,2020-01-22,Harga Selisih
BDMN,2020-01-23,Harga Selisih
BDMN,2020-01-24,Harga Selisih
BDMN,2020-01-27,Harga Selisih
BDMN,2020-01-28,Harga Selisih
BDMN,2020-01-29,Harga Selisih
BDMN,2020-01-30,Harga Selisih
BDMN,2020-01-31,Harga Selisih
BDMN,2020-02-03,Harga Selisih
BDMN,2020-02-04,Harga Selisih
BDMN,2020-02-05,Harga Selisih
BDMN,2020-02-06,Harga Selisih
BDMN,2020-02-07,Harga Selisih
BDMN,2020-02-10,Harga Selisih
BDMN,2020-02-11,Harga Selisih
BDMN,2020-02-12,Harga Selisih
BDMN,2020-02-13,Harga Selisih
BDMN,2020-02-14,Harga Selisih
BDMN,2020-02-17,Harga Selisih
BDMN,2020-02-18,Harga Selisih
BDMN,2020-02-19,Harga Selisih
BDMN,2020-02-20,Harga Selisih
BDMN,2020-02-21,Harga Selisih
BDMN,2020-02-24,Harga Selisih
BDMN,2020-02-25,Harga Selisih
BDMN,2020-02-26,Harga Selisih
BDMN,2020-02-27,Harga Selisih
BDMN,2020-02-28,Harga Selisih
BDMN,2020-03-02,Harga Selisih
BDMN,2020-03-03,Harga Selisih
BDMN,2020-03-04,Harga Selisih
BDMN,2020-03-05,Harga Selisih
BDMN,2020-03-06,Harga Selisih
BDMN,2020-03-09,Harga Selisih
BDMN,2020-03-10,Harga Selisih
BDMN,2020-03-11,Harga Selisih
BDMN,2020-03-12,Harga Selisih
BDMN,2020-03-13,Harga Selisih
BDMN,2020-03-16,Harga Selisih
BDMN,2020-03-17,Harga Selisih
BDMN,2020-03-18,Harga Selisih
BDMN,2020-03-19,Harga Selisih
BDMN,2020-03-20,Harga Selisih
BDMN,2020-03-23,Harga Selisih
BDMN,2020-03-24,Harga Selisih
BDMN,2020-03-26,Harga Selisih
BDMN,2020-03-27,Harga Selisih
BDMN,2020-03-30,Harga Selisih
BDMN,2020-03-31,Harga Selisih
BDMN,2020-04-01,Harga Selisih
BDMN,2020-04-02,Harga Selisih
BDMN,2020-04-03,Harga Selisih
BDMN,2020-04-06,Harga Selisih
BDMN,2020-04-07,Harga Selisih
BDMN,2020-04-08,Harga Selisih
BDMN,2020-04-09,Harga Selisih
BDMN,2020-04-13,Harga Selisih
BDMN,2020-04-14,Harga Selisih
BDMN,2020-04-15,Harga Selisih
BDMN,2020-04-16,Harga Selisih
BDMN,2020-04-17,Harga Selisih
BDMN,2020-04-20,Harga Selisih
BDMN,2020-04-21,Harga Selisih
BDMN,2020-04-22,Harga Selisih
BDMN,2020-04-23,Harga Selisih
BDMN,2020-04-24,Harga Selisih
BDMN,2020-04-27,Harga Selisih
BDMN,2020-04-28,Harga Selisih
BDMN,2020-04-29,Harga Selisih
BDMN,2020-04-30,Harga Selisih
BDMN,2020-05-04,Harga Selisih
BDMN,2020-05-05,Harga Selisih
BDMN,2020-05-06,Harga Selisih
BDMN,2020-05-08,Harga Selisih
BDMN,2020-05-11,Harga Selisih
BDMN,2020-05-12,Harga Selisih
BDMN,2020-05-13,Harga Selisih
BDMN,2020-05-14,Harga Selisih
BDMN,2020-05-15,Harga Selisih
BDMN,2020-05-18,Harga Selisih
BDMN,2020-05-19,Harga Selisih
BDMN,2020-05-20,Harga Selisih
BDMN,2020-05-26,Harga Selisih
BDMN,2020-05-27,Harga Selisih
BDMN,2020-05-28,Harga Selisih
BDMN,2020-05-29,Harga Selisih
BDMN,2020-06-02,Harga Selisih
BDMN,2020-06-03,Harga Selisih
BDMN,2020-06-04,Harga Selisih
BDMN,2020-06-05,Harga Selisih
BDMN,2020-06-08,Harga Selisih
BDMN,2020-06-09,Harga Selisih
BDMN,2020-06-10,Harga Selisih
BDMN,2020-06-11,Harga Selisih
BDMN,2020-06-12,Harga Selisih
BDMN,2020-06-15,Harga Selisih
BDMN,2020-06-16,Harga Selisih
BDMN,2020-06-17,Harga Selisih
BDMN,2020-06-18,Harga Selisih
BDMN,2020-06-19,Harga Selisih
BDMN,2020-06-22,Harga Selisih
BDMN,2020-06-23,Harga Selisih
BDMN,2020-06-24,Harga Selisih
BDMN,2020-06-25,Harga Selisih
BDMN,2020-06-26,Harga Selisih
BDMN,2020-06-29,Harga Selisih
BDMN,2020-06-30,Harga Selisih
BDMN,2020-07-01,Harga Selisih
BDMN,2020-07-02,Harga Selisih
BDMN,2020-07-03,Harga Selisih
BDMN,2020-07-06,Harga Selisih
BDMN,2020-07-07,Harga Selisih
BDMN,2020-07-08,Harga Selisih
BDMN,2020-07-09,Harga Selisih
BDMN,2020-07-10,Harga Selisih
BDMN,2020-07-13,Harga Selisih
BDMN,2020-07-14,Harga Selisih
BDMN,2020-07-15,Harga Selisih
BDMN,2020-07-16,Harga Selisih
BDMN,2020-07-17,Harga Selisih
BDMN,2020-07-20,Harga Selisih
BDMN,2020-07-21,Harga Selisih
BDMN,2020-07-22,Harga Selisih
BDMN,2020-07-23,Harga Selisih
BDMN,2020-07-24,Harga Selisih
BDMN,2020-07-27,Harga Selisih
BDMN,2020-07-28,Harga Selisih
BDMN,2020-07-29,Harga Selisih
BDMN,2020-07-30,Harga Selisih
BDMN,2020-08-03,Harga Selisih
BDMN,2020-08-04,Harga Selisih
BDMN,2020-08-05,Harga Selisih
BDMN,2020-08-06,Harga Selisih
BDMN,2020-08-07,Harga Selisih
BDMN,2020-08-10,Harga Selisih
BDMN,2020-08-11,Harga Selisih
BDMN,2020-08-12,Harga Selisih
BDMN,2020-08-13,Harga Selisih
BDMN,2020-08-14,Harga Selisih
BDMN,2020-08-18,Harga Selisih
BDMN,2020-08-19,Harga Selisih
BDMN,2020-08-24,Harga Selisih
BDMN,2020-08-25,Harga Selisih
BDMN,2020-08-26,Harga Selisih
BDMN,2020-08-27,Harga Selisih
BDMN,2020-08-28,Harga Selisih
BDMN,2020-08-31,Harga Selisih
BDMN,2020-09-01,Harga Selisih
BDMN,2020-09-02,Harga Selisih
BDMN,2020-09-03,Harga Selisih
BDMN,2020-09-04,Harga Selisih
BDMN,2020-09-07,Harga Selisih
BDMN,2020-09-08,Harga Selisih
BDMN,2020-09-09,Harga Selisih
BDMN,2020-09-10,Harga Selisih
BDMN,2020-09-11,Harga Selisih
BDMN,2020-09-14,Harga Selisih
BDMN,2020-09-15,Harga Selisih
BDMN,2020-09-16,Harga Selisih
BDMN,2020-09-17,Harga Selisih
BDMN,2020-09-18,Harga Selisih
BDMN,2020-09-21,Harga Selisih
BDMN,2020-09-22,Harga Selisih
BDMN,2020-09-23,Harga Selisih
BDMN,2020-09-24,Harga Selisih
BDMN,2020-09-25,Harga Selisih
BDMN,2020-09-28,Harga Selisih
BDMN,2020-09-29,Harga Selisih
BDMN,2020-09-30,Harga Selisih
BDMN,2020-10-01,Harga Selisih
BDMN,2020-10-02,Harga Selisih
BDMN,2020-10-05,Harga Selisih
BDMN,2020-10-06,Harga Selisih
BDMN,2020-10-07,Harga Selisih
BDMN,2020-10-08,Harga Selisih
BDMN,2020-10-09,Harga Selisih
BDMN,2020-10-12,Harga Selisih
BDMN,2020-10-13,Harga Selisih
BDMN,2020-10-14,Harga Selisih
BDMN,2020-10-15,Harga Selisih
BDMN,2020-10-16,Harga Selisih
BDMN,2020-10-19,Harga Selisih
BDMN,2020-10-20,Harga Selisih
BDMN,2020-10-21,Harga Selisih
BDMN,2020-10-22,Harga Selisih
BDMN,2020-10-23,Harga Selisih
BDMN,2020-10-26,Harga Selisih
BDMN,2020-10-27,Harga Selisih
BDMN,2020-11-02,Harga Selisih
BDMN,2020-11-03,Harga Selisih
BDMN,2020-11-04,Harga Selisih
BDMN,2020-11-05,Harga Selisih
BDMN,2020-11-06,Harga Selisih
BDMN,2020-11-09,Harga Selisih
BDMN,2020-11-10,Harga Selisih
BDMN,2020-11-11,Harga Selisih
BDMN,2020-11-12,Harga Selisih
BDMN,2020-11-13,Harga Selisih
BDMN,2020-11-16,Harga Selisih
BDMN,2020-11-17,Harga Selisih
BDMN,2020-11-18,Harga Selisih
BDMN,2020-11-19,Harga Selisih
BDMN,2020-11-20,Harga Selisih
BDMN,2020-11-23,Harga Selisih
BDMN,2020-11-24,Harga Selisih
BDMN,2020-11-25,Harga Selisih
BDMN,2020-11-26,Harga Selisih
BDMN,2020-11-27,Harga Selisih
BDMN,2020-11-30,Harga Selisih
BDMN,2020-12-01,Harga Selisih
BDMN,2020-12-02,Harga Selisih
BDMN,2020-12-03,Harga Selisih
BDMN,2020-12-04,Harga Selisih
BDMN,2020-12-07,Harga Selisih
BDMN,2020-12-08,Harga Selisih
BDMN,2020-12-10,Harga Selisih
BDMN,2020-12-11,Harga Selisih
BDMN,2020-12-14,Harga Selisih
BDMN,2020-12-15,Harga Selisih
BDMN,2020-12-16,Harga Selisih
BDMN,2020-12-17,Harga Selisih
BDMN,2020-12-18,Harga Selisih
BDMN,2020-12-21,Harga Selisih
BDMN,2020-12-22,Harga Selisih
BDMN,2020-12-23,Harga Selisih
BDMN,2020-12-28,Harga Selisih
BDMN,2020-12-29,Harga Selisih
BDMN,2020-12-30,Harga Selisih
BDMN,2021-01-04,Harga Selisih
BDMN,2021-01-05,Harga Selisih
BDMN,2021-01-06,Harga Selisih
BDMN,2021-01-07,Harga Selisih
BDMN,2021-01-08,Harga Selisih
BDMN,2021-01-11,Harga Selisih
BDMN,2021-01-12,Harga Selisih
BDMN,2021-01-13,Harga Selisih
BDMN,2021-01-14,Harga Selisih
BDMN,2021-01-15,Harga Selisih
BDMN,2021-01-18,Harga Selisih
BDMN,2021-01-19,Harga Selisih
BDMN,2021-01-20,Harga Selisih
BDMN,2021-01-21,Harga Selisih
BDMN,2021-01-22,Harga Selisih
BDMN,2021-01-25,Harga Selisih
BDMN,2021-01-26,Harga Selisih
BDMN,2021-01-27,Harga Selisih
BDMN,2021-01-28,Harga Selisih
BDMN,2021-01-29,Harga Selisih
BDMN,2021-02-01,Harga Selisih
BDMN,2021-02-02,Harga Selisih
BDMN,2021-02-03,Harga Selisih
BDMN,2021-02-04,Harga Selisih
BDMN,2021-02-05,Harga Selisih
BDMN,2021-02-08,Harga Selisih
BDMN,2021-02-09,Harga Selisih
BDMN,2021-02-10,Harga Selisih
BDMN,2021-02-11,Harga Selisih
BDMN,2021-02-15,Harga Selisih
BDMN,2021-02-16,Harga Selisih
BDMN,2021-02-17,Harga Selisih
BDMN,2021-02-18,Harga Selisih
BDMN,2021-02-19,Harga Selisih
BDMN,2021-02-22,Harga Selisih
BDMN,2021-02-23,Harga Selisih
BDMN,2021-02-24,Harga Selisih
BDMN,2021-02-25,Harga Selisih
BDMN,2021-02-26,Harga Selisih
BDMN,2021-03-01,Harga Selisih
BDMN,2021-03-02,Harga Selisih
BDMN,2021-03-03,Harga Selisih
BDMN,2021-03-04,Harga Selisih
BDMN,2021-03-05,Harga Selisih
BDMN,2021-03-08,Harga Selisih
BDMN,2021-03-09,Harga Selisih
BDMN,2021-03-10,Harga Selisih
BDMN,2021-03-12,Harga Selisih
BDMN,2021-03-15,Harga Selisih
BDMN,2021-03-16,Harga Selisih
BDMN,2021-03-17,Harga Selisih
BDMN,2021-03-18,Harga Selisih
BDMN,2021-03-19,Harga Selisih
BDMN,2021-03-22,Harga Selisih
BDMN,2021-03-23,Harga Selisih
BDMN,2021-03-24,Harga Selisih
BDMN,2021-03-25,Harga Selisih
BDMN,2021-03-26,Harga Selisih
BDMN,2021-03-29,Harga Selisih
BDMN,2021-03-30,Harga Selisih
BDMN,2021-03-31,Harga Selisih
BDMN,2021-04-01,Harga Selisih
BDMN,2021-04-05,Harga Selisih
BDMN,2021-04-06,Harga Selisih
BDMN,2021-04-07,Harga Selisih
BDMN,2021-04-08,Harga Selisih
BDMN,2021-04-09,Harga Selisih
BDMN,2021-04-12,Harga Selisih
BDMN,2021-04-13,Harga Selisih
BDMN,2021-04-14,Harga Selisih
BDMN,2021-04-15,Harga Selisih
BDMN,2021-04-16,Harga Selisih
BDMN,2021-04-19,Harga Selisih
BDMN,2021-04-20,Harga Selisih
BDMN,2021-04-21,Harga Selisih
BDMN,2021-04-22,Harga Selisih
BDMN,2021-04-23,Harga Selisih
BDMN,2021-04-26,Harga Selisih
BDMN,2021-04-27,Harga Selisih
BDMN,2021-04-28,Harga Selisih
BDMN,2021-04-29,Harga Selisih
BDMN,2021-04-30,Harga Selisih
BDMN,2021-05-03,Harga Selisih
BDMN,2021-05-04,Harga Selisih
BDMN,2021-05-05,Harga Selisih
BDMN,2021-05-06,Harga Selisih
BDMN,2021-05-07,Harga Selisih
BDMN,2021-05-10,Harga Selisih
BDMN,2021-05-11,Harga Selisih
BDMN,2021-05-17,Harga Selisih
BDMN,2021-05-18,Harga Selisih
BDMN,2021-05-19,Harga Selisih
BDMN,2021-05-20,Harga Selisih
BDMN,2021-05-21,Harga Selisih
BDMN,2021-05-24,Harga Selisih
BDMN,2021-05-25,Harga Selisih
BDMN,2021-05-27,Harga Selisih
BDMN,2021-05-28,Harga Selisih
BDMN,2021-05-31,Harga Selisih
BDMN,2021-06-02,Harga Selisih
BDMN,2021-06-03,Harga Selisih
BDMN,2021-06-04,Harga Selisih
BDMN,2021-06-07,Harga Selisih
BDMN,2021-06-08,Harga Selisih
BDMN,2021-06-09,Harga Selisih
BDMN,2021-06-10,Harga Selisih
BDMN,2021-06-11,Harga Selisih
BDMN,2021-06-14,Harga Selisih
BDMN,2021-06-15,Harga Selisih
BDMN,2021-06-16,Harga Selisih
BDMN,2021-06-17,Harga Selisih
BDMN,2021-06-18,Harga Selisih
BDMN,2021-06-21,Harga Selisih
BDMN,2021-06-22,Harga Selisih
BDMN,2021-06-23,Harga Selisih
BDMN,2021-06-24,Harga Selisih
BDMN,2021-06-25,Harga Selisih
BDMN,2021-06-28,Harga Selisih
BDMN,2021-06-29,Harga Selisih
BDMN,2021-06-30,Harga Selisih
BDMN,2021-07-01,Harga Selisih
BDMN,2021-07-02,Harga Selisih
BDMN,2021-07-05,Harga Selisih
BDMN,2021-07-06,Harga Selisih
BDMN,2021-07-07,Harga Selisih
BDMN,2021-07-08,Harga Selisih
BDMN,2021-07-09,Harga Selisih
BDMN,2021-07-12,Harga Selisih
BDMN,2021-07-13,Harga Selisih
BDMN,2021-07-14,Harga Selisih
BDMN,2021-07-15,Harga Selisih
BDMN,2021-07-16,Harga Selisih
BDMN,2021-07-19,Harga Selisih
BDMN,2021-07-21,Harga Selisih
BDMN,2021-07-22,Harga Selisih
BDMN,2021-07-23,Harga Selisih
BDMN,2021-07-26,Harga Selisih
BDMN,2021-07-27,Harga Selisih
BDMN,2021-07-28,Harga Selisih
BDMN,2021-07-29,Harga Selisih
BDMN,2021-07-30,Harga Selisih
BDMN,2021-08-02,Harga Selisih
BDMN,2021-08-03,Harga Selisih
BDMN,2021-08-04,Harga Selisih
BDMN,2021-08-05,Harga Selisih
BDMN,2021-08-06,Harga Selisih
BDMN,2021-08-09,Harga Selisih
BDMN,2021-08-10,Harga Selisih
BDMN,2021-08-12,Harga Selisih
BDMN,2021-08-13,Harga Selisih
BDMN,2021-08-16,Harga Selisih
BDMN,2021-08-18,Harga Selisih
BDMN,2021-08-19,Harga Selisih
BDMN,2021-08-20,Harga Selisih
BDMN,2021-08-23,Harga Selisih
BDMN,2021-08-24,Harga Selisih
BDMN,2021-08-25,Harga Selisih
BDMN,2021-08-26,Harga Selisih
BDMN,2021-08-27,Harga Selisih
BDMN,2021-08-30,Harga Selisih
BDMN,2021-08-31,Harga Selisih
BDMN,2021-09-01,Harga Selisih
BDMN,2021-09-02,Harga Selisih
BDMN,2021-09-03,Harga Selisih
BDMN,2021-09-06,Harga Selisih
BDMN,2021-09-07,Harga Selisih
BDMN,2021-09-08,Harga Selisih
BDMN,2021-09-09,Harga Selisih
BDMN,2021-09-10,Harga Selisih
BDMN,2021-09-13,Harga Selisih
BDMN,2021-09-14,Harga Selisih
BDMN,2021-09-15,Harga Selisih
BDMN,2021-09-16,Harga Selisih
BDMN,2021-09-17,Harga Selisih
BDMN,2021-09-20,Harga Selisih
BDMN,2021-09-21,Harga Selisih
BDMN,2021-09-22,Harga Selisih
BDMN,2021-09-23,Harga Selisih
BDMN,2021-09-24,Harga Selisih
BDMN,2021-09-27,Harga Selisih
BDMN,2021-09-28,Harga Selisih
BDMN,2021-09-29,Harga Selisih
BDMN,2021-09-30,Harga Selisih
BDMN,2021-10-01,Harga Selisih
BDMN,2021-10-04,Harga Selisih
BDMN,2021-10-05,Harga Selisih
BDMN,2021-10-06,Harga Selisih
BDMN,2021-10-07,Harga Selisih
BDMN,2021-10-08,Harga Selisih
BDMN,2021-10-11,Harga Selisih
BDMN,2021-10-12,Harga Selisih
BDMN,2021-10-13,Harga Selisih
BDMN,2021-10-14,Harga Selisih
BDMN,2021-10-15,Harga Selisih
BDMN,2021-10-18,Harga Selisih
BDMN,2021-10-19,Harga Selisih
BDMN,2021-10-21,Harga Selisih
BDMN,2021-10-22,Harga Selisih
BDMN,2021-10-25,Harga Selisih
BDMN,2021-10-26,Harga Selisih
BDMN,2021-10-27,Harga Selisih
BDMN,2021-10-28,Harga Selisih
BDMN,2021-10-29,Harga Selisih
BDMN,2021-11-01,Harga Selisih
BDMN,2021-11-02,Harga Selisih
BDMN,2021-11-03,Harga Selisih
BDMN,2021-11-04,Harga Selisih
BDMN,2021-11-05,Harga Selisih
BDMN,2021-11-08,Harga Selisih
BDMN,2021-11-09,Harga Selisih
BDMN,2021-11-10,Harga Selisih
BDMN,2021-11-11,Harga Selisih
BDMN,2021-11-12,Harga Selisih
BDMN,2021-11-15,Harga Selisih
BDMN,2021-11-16,Harga Selisih
BDMN,2021-11-17,Harga Selisih
BDMN,2021-11-18,Harga Selisih
BDMN,2021-11-19,Harga Selisih
BDMN,2021-11-22,Harga Selisih
BDMN,2021-11-23,Harga Selisih
BDMN,2021-11-24,Harga Selisih
BDMN,2021-11-25,Harga Selisih
BDMN,2021-11-26,Harga Selisih
BDMN,2021-11-29,Harga Selisih
BDMN,2021-11-30,Harga Selisih
BDMN,2021-12-01,Harga Selisih
BDMN,2021-12-02,Harga Selisih
BDMN,2021-12-03,Harga Selisih
BDMN,2021-12-06,Harga Selisih
BDMN,2021-12-07,Harga Selisih
BDMN,2021-12-08,Harga Selisih
BDMN,2021-12-09,Harga Selisih
BDMN,2021-12-10,Harga Selisih
BDMN,2021-12-13,Harga Selisih
BDMN,2021-12-14,Harga Selisih
BDMN,2021-12-15,Harga Selisih
BDMN,2021-12-16,Harga Selisih
BDMN,2021-12-17,Harga Selisih
BDMN,2021-12-20,Harga Selisih
BDMN,2021-12-21,Harga Selisih
BDMN,2021-12-22,Harga Selisih
BDMN,2021-12-23,Harga Selisih
BDMN,2021-12-24,Harga Selisih
BDMN,2021-12-27,Harga Selisih
BDMN,2021-12-28,Harga Selisih
BDMN,2021-12-29,Harga Selisih
BDMN,2021-12-30,Harga Selisih
BDMN,2022-01-03,Harga Selisih
BDMN,2022-01-04,Harga Selisih
BDMN,2022-01-05,Harga Selisih
BDMN,2022-01-06,Harga Selisih
BDMN,2022-01-07,Harga Selisih
BDMN,2022-01-10,Harga Selisih
BDMN,2022-01-11,Harga Selisih
BDMN,2022-01-12,Harga Selisih
BDMN,2022-01-13,Harga Selisih
BDMN,2022-01-14,Harga Selisih
BDMN,2022-01-17,Harga Selisih
BDMN,2022-01-18,Harga Selisih
BDMN,2022-01-19,Harga Selisih
BDMN,2022-01-20,Harga Selisih
BDMN,2022-01-21,Harga Selisih
BDMN,2022-01-24,Harga Selisih
BDMN,2022-01-25,Harga Selisih
BDMN,2022-01-26,Harga Selisih
BDMN,2022-01-27,Harga Selisih
BDMN,2022-01-28,Harga Selisih
BDMN,2022-01-31,Harga Selisih
BDMN,2022-02-02,Harga Selisih
BDMN,2022-02-03,Harga Selisih
BDMN,2022-02-04,Harga Selisih
BDMN,2022-02-07,Harga Selisih
BDMN,2022-02-08,Harga Selisih
BDMN,2022-02-09,Harga Selisih
BDMN,2022-02-10,Harga Selisih
BDMN,2022-02-11,Harga Selisih
BDMN,2022-02-14,Harga Selisih
BDMN,2022-02-15,Harga Selisih
BDMN,2022-02-16,Harga Selisih
BDMN,2022-02-17,Harga Selisih
BDMN,2022-02-18,Harga Selisih
BDMN,2022-02-21,Harga Selisih
BDMN,2022-02-22,Harga Selisih
BDMN,2022-02-23,Harga Selisih
BDMN,2022-02-24,Harga Selisih
BDMN,2022-02-25,Harga Selisih
BDMN,2022-03-01,Harga Selisih
BDMN,2022-03-02,Harga Selisih
BDMN,2022-03-04,Harga Selisih
BDMN,2022-03-07,Harga Selisih
BDMN,2022-03-08,Harga Selisih
BDMN,2022-03-09,Harga Selisih
BDMN,2022-03-10,Harga Selisih
BDMN,2022-03-11,Harga Selisih
BDMN,2022-03-14,Harga Selisih
BDMN,2022-03-15,Harga Selisih
BDMN,2022-03-16,Harga Selisih
BDMN,2022-03-17,Harga Selisih
BDMN,2022-03-18,Harga Selisih
BDMN,2022-03-21,Harga Selisih
BDMN,2022-03-22,Harga Selisih
BDMN,2022-03-23,Harga Selisih
BDMN,2022-03-24,Harga Selisih
BDMN,2022-03-25,Harga Selisih
BDMN,2022-03-28,Harga Selisih
BDMN,2022-03-29,Harga Selisih
BDMN,2022-03-30,Harga Selisih
BDMN,2022-03-31,Harga Selisih
BDMN,2022-04-01,Harga Selisih
BDMN,2022-04-04,Harga Selisih
BDMN,2022-04-05,Harga Selisih
BDMN,2022-04-06,Harga Selisih
BDMN,2022-04-07,Harga Selisih
BDMN,2022-04-08,Harga Selisih
BDMN,2022-04-11,Harga Selisih
BDMN,2022-04-12,Harga Selisih
BDMN,2022-04-13,Harga Selisih
BDMN,2022-04-14,Harga Selisih
BDMN,2022-04-18,Harga Selisih
BDMN,2022-04-19,Harga Selisih
BDMN,2022-04-20,Harga Selisih
BDMN,2022-04-21,Harga Selisih
BDMN,2022-04-22,Harga Selisih
BDMN,2022-04-25,Harga Selisih
BDMN,2022-04-26,Harga Selisih
BDMN,2022-04-27,Harga Selisih
BDMN,2022-04-28,Harga Selisih
BDMN,2022-05-09,Harga Selisih
BDMN,2022-05-10,Harga Selisih
BDMN,2022-05-11,Harga Selisih
BDMN,2022-05-12,Harga Selisih
BDMN,2022-05-13,Harga Selisih
BDMN,2022-05-17,Harga Selisih
BDMN,2022-05-18,Harga Selisih
BDMN,2022-05-19,Harga Selisih
BDMN,2022-05-20,Harga Selisih
BDMN,2022-05-23,Harga Selisih
BDMN,2022-05-24,Harga Selisih
BDMN,2022-05-25,Harga Selisih
BDMN,2022-05-27,Harga Selisih
BDMN,2022-05-30,Harga Selisih
BDMN,2022-05-31,Harga Selisih
BDMN,2022-06-02,Harga Selisih
BDMN,2022-06-03,Harga Selisih
BDMN,2022-06-06,Harga Selisih
BDMN,2022-06-07,Harga Selisih
BDMN,2022-06-08,Harga Selisih
BDMN,2022-06-09,Harga Selisih
BDMN,2022-06-10,Harga Selisih
BDMN,2022-06-13,Harga Selisih
BDMN,2022-06-14,Harga Selisih
BDMN,2022-06-15,Harga Selisih
BDMN,2022-06-16,Harga Selisih
BDMN,2022-06-17,Harga Selisih
BDMN,2022-06-20,Harga Selisih
BDMN,2022-06-21,Harga Selisih
BDMN,2022-06-22,Harga Selisih
BDMN,2022-06-23,Harga Selisih
BDMN,2022-06-24,Harga Selisih
BDMN,2022-06-27,Harga Selisih
BDMN,2022-06-28,Harga Selisih
BDMN,2022-06-29,Harga Selisih
BDMN,2022-06-30,Harga Selisih
BDMN,2022-07-01,Harga Selisih
BDMN,2022-07-04,Harga Selisih
BDMN,2022-07-05,Harga Selisih
BDMN,2022-07-06,Harga Selisih
BDMN,2022-07-07,Harga Selisih
BDMN,2022-07-08,Harga Selisih
BDMN,2022-07-11,Harga Selisih
BDMN,2022-07-12,Harga Selisih
BDMN,2022-07-13,Harga Selisih
BDMN,2022-07-14,Harga Selisih
BDMN,2022-07-15,Harga Selisih
BDMN,2022-07-18,Harga Selisih
BDMN,2022-07-19,Harga Selisih
BDMN,2022-07-20,Harga Selisih
BDMN,2022-07-21,Harga Selisih
BDMN,2022-07-22,Harga Selisih
BDMN,2022-07-25,Harga Selisih
BDMN,2022-07-26,Harga Selisih
BDMN,2022-07-27,Harga Selisih
BDMN,2022-07-28,Harga Selisih
BDMN,2022-07-29,Harga Selisih
BDMN,2022-08-01,Harga Selisih
BDMN,2022-08-02,Harga Selisih
BDMN,2022-08-03,Harga Selisih
BDMN,2022-08-04,Harga Selisih
BDMN,2022-08-05,Harga Selisih
BDMN,2022-08-08,Harga Selisih
BDMN,2022-08-09,Harga Selisih
BDMN,2022-08-10,Harga Selisih
BDMN,2022-08-11,Harga Selisih
BDMN,2022-08-12,Harga Selisih
BDMN,2022-08-15,Harga Selisih
BDMN,2022-08-16,Harga Selisih
BDMN,2022-08-18,Harga Selisih
BDMN,2022-08-19,Harga Selisih
BDMN,2022-08-22,Harga Selisih
BDMN,2022-08-23,Harga Selisih
BDMN,2022-08-24,Harga Selisih
BDMN,2022-08-25,Harga Selisih
BDMN,2022-08-26,Harga Selisih
BDMN,2022-08-29,Harga Selisih
BDMN,2022-08-30,Harga Selisih
BDMN,2022-08-31,Harga Selisih
BDMN,2022-09-01,Harga Selisih
BDMN,2022-09-02,Harga Selisih
BDMN,2022-09-05,Harga Selisih
BDMN,2022-09-06,Harga Selisih
BDMN,2022-09-07,Harga Selisih
BDMN,2022-09-08,Harga Selisih
BDMN,2022-09-09,Harga Selisih
BDMN,2022-09-12,Harga Selisih
BDMN,2022-09-13,Harga Selisih
BDMN,2022-09-14,Harga Selisih
BDMN,2022-09-15,Harga Selisih
BDMN,2022-09-16,Harga Selisih
BDMN,2022-09-19,Harga Selisih
BDMN,2022-09-20,Harga Selisih
BDMN,2022-09-21,Harga Selisih
BDMN,2022-09-22,Harga Selisih
BDMN,2022-09-23,Harga Selisih
BDMN,2022-09-26,Harga Selisih
BDMN,2022-09-27,Harga Selisih
BDMN,2022-09-28,Harga Selisih
BDMN,2022-09-29,Harga Selisih
BDMN,2022-09-30,Harga Selisih
BDMN,2022-10-03,Harga Selisih
BDMN,2022-10-04,Harga Selisih
BDMN,2022-10-05,Harga Selisih
BDMN,2022-10-06,Harga Selisih
BDMN,2022-10-07,Harga Selisih
BDMN,2022-10-10,Harga Selisih
BDMN,2022-10-11,Harga Selisih
BDMN,2022-10-12,Harga Selisih
BDMN,2022-10-13,Harga Selisih
BDMN,2022-10-14,Harga Selisih
BDMN,2022-10-17,Harga Selisih
BDMN,2022-10-18,Harga Selisih
BDMN,2022-10-19,Harga Selisih
BDMN,2022-10-20,Harga Selisih
BDMN,2022-10-21,Harga Selisih
BDMN,2022-10-24,Harga Selisih
BDMN,2022-10-25,Harga Selisih
BDMN,2022-10-26,Harga Selisih
BDMN,2022-10-27,Harga Selisih
BDMN,2022-10-28,Harga Selisih
BDMN,2022-10-31,Harga Selisih
BDMN,2022-11-01,Harga Selisih
BDMN,2022-11-02,Harga Selisih
BDMN,2022-11-03,Harga Selisih
BDMN,2022-11-04,Harga Selisih
BDMN,2022-11-07,Harga Selisih
BDMN,2022-11-08,Harga Selisih
BDMN,2022-11-09,Harga Selisih
BDMN,2022-11-10,Harga Selisih
BDMN,2022-11-11,Harga Selisih
BDMN,2022-11-14,Harga Selisih
BDMN,2022-11-15,Harga Selisih
BDMN,2022-11-16,Harga Selisih
BDMN,2022-11-17,Harga Selisih
BDMN,2022-11-18,Harga Selisih
BDMN,2022-11-21,Harga Selisih
BDMN,2022-11-22,Harga Selisih
BDMN,2022-11-23,Harga Selisih
BDMN,2022-11-24,Harga Selisih
BDMN,2022-11-25,Harga Selisih
BDMN,2022-11-28,Harga Selisih
BDMN,2022-11-29,Harga Selisih
BDMN,2022-11-30,Harga Selisih
BDMN,2022-12-01,Harga Selisih
BDMN,2022-12-02,Harga Selisih
BDMN,2022-12-05,Harga Selisih
BDMN,2022-12-06,Harga Selisih
BDMN,2022-12-07,Harga Selisih
BDMN,2022-12-08,Harga Selisih
BDMN,2022-12-09,Harga Selisih
BDMN,2022-12-12,Harga Selisih
BDMN,2022-12-13,Harga Selisih
BDMN,2022-12-14,Harga Selisih
BDMN,2022-12-15,Harga Selisih
BDMN,2022-12-16,Harga Selisih
BDMN,2022-12-19,Harga Selisih
BDMN,2022-12-20,Harga Selisih
BDMN,2022-12-21,Harga Selisih
BDMN,2022-12-22,Harga Selisih
BDMN,2022-12-23,Harga Selisih
BDMN,2022-12-26,Harga Selisih
BDMN,2022-12-27,Harga Selisih
BDMN,2022-12-28,Harga Selisih
BDMN,2022-12-29,Harga Selisih
BDMN,2022-12-30,Harga Selisih
BDMN,2023-01-02,Harga Selisih
BDMN,2023-01-03,Harga Selisih
BDMN,2023-01-04,Harga Selisih
BDMN,2023-01-05,Harga Selisih
BDMN,2023-01-06,Harga Selisih
BDMN,2023-01-09,Harga Selisih
BDMN,2023-01-10,Harga Selisih
BDMN,2023-01-11,Harga Selisih
BDMN,2023-01-12,Harga Selisih
BDMN,2023-01-13,Harga Selisih
BDMN,2023-01-16,Harga Selisih
BDMN,2023-01-17,Harga Selisih
BDMN,2023-01-18,Harga Selisih
BDMN,2023-01-19,Harga Selisih
BDMN,2023-01-20,Harga Selisih
BDMN,2023-01-24,Harga Selisih
BDMN,2023-01-25,Harga Selisih
BDMN,2023-01-26,Harga Selisih
BDMN,2023-01-27,Harga Selisih
BDMN,2023-01-30,Harga Selisih
BDMN,2023-01-31,Harga Selisih
BDMN,2023-02-01,Harga Selisih
BDMN,2023-02-02,Harga Selisih
BDMN,2023-02-03,Harga Selisih
BDMN,2023-02-06,Harga Selisih
BDMN,2023-02-07,Harga Selisih
BDMN,2023-02-08,Harga Selisih
BDMN,2023-02-09,Harga Selisih
BDMN,2023-02-10,Harga Selisih
BDMN,2023-02-13,Harga Selisih
BDMN,2023-02-14,Harga Selisih
BDMN,2023-02-15,Harga Selisih
BDMN,2023-02-16,Harga Selisih
BDMN,2023-02-17,Harga Selisih
BDMN,2023-02-20,Harga Selisih
BDMN,2023-02-21,Harga Selisih
BDMN,2023-02-22,Harga Selisih
BDMN,2023-02-23,Harga Selisih
BDMN,2023-02-24,Harga Selisih
BDMN,2023-02-27,Harga Selisih
BDMN,2023-02-28,Harga Selisih
BDMN,2023-03-01,Harga Selisih
BDMN,2023-03-02,Harga Selisih
BDMN,2023-03-03,Harga Selisih
BDMN,2023-03-06,Harga Selisih
BDMN,2023-03-07,Harga Selisih
BDMN,2023-03-08,Harga Selisih
BDMN,2023-03-09,Harga Selisih
BDMN,2023-03-10,Harga Selisih
BDMN,2023-03-13,Harga Selisih
BDMN,2023-03-14,Harga Selisih
BDMN,2023-03-15,Harga Selisih
BDMN,2023-03-16,Harga Selisih
BDMN,2023-03-17,Harga Selisih
BDMN,2023-03-20,Harga Selisih
BDMN,2023-03-21,Harga Selisih
BDMN,2023-03-24,Harga Selisih
BDMN,2023-03-27,Harga Selisih
BDMN,2023-03-28,Harga Selisih
BDMN,2023-03-29,Harga Selisih
BDMN,2023-03-30,Harga Selisih
BDMN,2023-03-31,Harga Selisih
BDMN,2023-04-03,Harga Selisih
BDMN,2023-04-04,Harga Selisih
BDMN,2023-04-05,Harga Selisih
BDMN,2023-04-06,Harga Selisih
BDMN,2023-04-10,Harga Selisih
BDMN,2023-04-11,Harga Selisih
BDMN,2023-04-12,Harga Selisih
BDMN,2023-04-13,Harga Selisih
BDMN,2023-04-14,Harga Selisih
BDMN,2023-04-17,Harga Selisih
BDMN,2023-04-18,Harga Selisih
BDMN,2023-04-26,Harga Selisih
BDMN,2023-04-27,Harga Selisih
BDMN,2023-04-28,Harga Selisih
BDMN,2023-05-02,Harga Selisih
BDMN,2023-05-03,Harga Selisih
BDMN,2023-05-04,Harga Selisih
BDMN,2023-05-05,Harga Selisih
BDMN,2023-05-08,Harga Selisih
BDMN,2023-05-09,Harga Selisih
BDMN,2023-05-10,Harga Selisih
BDMN,2023-05-11,Harga Selisih
BDMN,2023-05-12,Harga Selisih
BDMN,2023-05-15,Harga Selisih
BDMN,2023-05-16,Harga Selisih
BDMN,2023-05-17,Harga Selisih
BDMN,2023-05-19,Harga Selisih
BDMN,2023-05-22,Harga Selisih
BDMN,2023-05-23,Harga Selisih
BDMN,2023-05-24,Harga Selisih
BDMN,2023-05-25,Harga Selisih
BDMN,2023-05-26,Harga Selisih
BDMN,2023-05-29,Harga Selisih
BDMN,2023-05-30,Harga Selisih
BDMN,2023-05-31,Harga Selisih
BDMN,2023-06-05,Harga Selisih
BDMN,2023-06-06,Harga Selisih
BDMN,2023-06-07,Harga Selisih
BDMN,2023-06-08,Harga Selisih
BDMN,2023-06-09,Harga Selisih
BDMN,2023-06-12,Harga Selisih
BDMN,2023-06-13,Harga Selisih
BDMN,2023-06-14,Harga Selisih
BDMN,2023-06-15,Harga Selisih
BDMN,2023-06-16,Harga Selisih
BDMN,2023-06-19,Harga Selisih
BDMN,2023-06-20,Harga Selisih
BDMN,2023-06-21,Harga Selisih
BDMN,2023-06-22,Harga Selisih
BDMN,2023-06-23,Harga Selisih
BDMN,2023-06-26,Harga Selisih
BDMN,2023-06-27,Harga Selisih
BDMN,2023-07-03,Harga Selisih
BDMN,2023-07-04,Harga Selisih
BDMN,2023-07-05,Harga Selisih
BDMN,2023-07-06,Harga Selisih
BDMN,2023-07-07,Harga Selisih
BDMN,2023-07-10,Harga Selisih
BDMN,2023-07-11,Harga Selisih
BDMN,2023-07-12,Harga Selisih
BDMN,2023-07-13,Harga Selisih
BDMN,2023-07-14,Harga Selisih
BDMN,2023-07-17,Harga Selisih
BDMN,2023-07-18,Harga Selisih
BDMN,2023-07-20,Harga Selisih
BDMN,2023-07-21,Harga Selisih
BDMN,2023-07-24,Harga Selisih
BDMN,2023-07-25,Harga Selisih
BDMN,2023-07-26,Harga Selisih
BDMN,2023-07-27,Harga Selisih
BDMN,2023-07-28,Harga Selisih
BDMN,2023-07-31,Harga Selisih
BDMN,2023-08-01,Harga Selisih
BDMN,2023-08-02,Harga Selisih
BDMN,2023-08-03,Harga Selisih
BDMN,2023-08-04,Harga Selisih
BDMN,2023-08-07,Harga Selisih
BDMN,2023-08-08,Harga Selisih
BDMN,2023-08-09,Harga Selisih
BDMN,2023-08-10,Harga Selisih
BDMN,2023-08-11,Harga Selisih
BDMN,2023-08-14,Harga Selisih
BDMN,2023-08-15,Harga Selisih
BDMN,2023-08-16,Harga Selisih
BDMN,2023-08-18,Harga Selisih
BDMN,2023-08-21,Harga Selisih
BDMN,2023-08-22,Harga Selisih
BDMN,2023-08-23,Harga Selisih
BDMN,2023-08-24,Harga Selisih
BDMN,2023-08-25,Harga Selisih
BDMN,2023-08-28,Harga Selisih
BDMN,2023-08-29,Harga Selisih
BDMN,2023-08-30,Harga Selisih
BDMN,2023-08-31,Harga Selisih
BDMN,2023-09-01,Harga Selisih
BDMN,2023-09-04,Harga Selisih
BDMN,2023-09-05,Harga Selisih
BDMN,2023-09-06,Harga Selisih
BDMN,2023-09-07,Harga Selisih
BDMN,2023-09-08,Harga Selisih
BDMN,2023-09-11,Harga Selisih
BDMN,2023-09-12,Harga Selisih
BDMN,2023-09-13,Harga Selisih
BDMN,2023-09-14,Harga Selisih
BDMN,2023-09-15,Harga Selisih
BDMN,2023-09-18,Harga Selisih
BDMN,2023-09-19,Harga Selisih
BDMN,2023-09-20,Harga Selisih
BDMN,2023-09-21,Harga Selisih
BDMN,2023-09-22,Harga Selisih
BDMN,2023-09-25,Harga Selisih
BDMN,2023-09-26,Harga Selisih
BDMN,2023-09-27,Harga Selisih
BDMN,2023-09-29,Harga Selisih
BDMN,2023-10-02,Harga Selisih
BDMN,2023-10-03,Harga Selisih
BDMN,2023-10-04,Harga Selisih
BDMN,2023-10-05,Harga Selisih
BDMN,2023-10-06,Harga Selisih
BDMN,2023-10-09,Harga Selisih
BDMN,2023-10-10,Harga Selisih
BDMN,2023-10-11,Harga Selisih
BDMN,2023-10-12,Harga Selisih
BDMN,2023-10-13,Harga Selisih
BDMN,2023-10-16,Harga Selisih
BDMN,2023-10-17,Harga Selisih
BDMN,2023-10-18,Harga Selisih
BDMN,2023-10-19,Harga Selisih
BDMN,2023-10-20,Harga Selisih
BDMN,2023-10-23,Harga Selisih
BDMN,2023-10-24,Harga Selisih
BDMN,2023-10-25,Harga Selisih
BDMN,2023-10-26,Harga Selisih
BDMN,2023-10-27,Harga Selisih
BDMN,2023-10-30,Harga Selisih
BDMN,2023-10-31,Harga Selisih
BDMN,2023-11-01,Harga Selisih
BDMN,2023-11-02,Harga Selisih
BDMN,2023-11-03,Harga Selisih
BDMN,2023-11-06,Harga Selisih
BDMN,2023-11-07,Harga Selisih
BDMN,2023-11-08,Harga Selisih
BDMN,2023-11-09,Harga Selisih
BDMN,2023-11-10,Harga Selisih
BDMN,2023-11-13,Harga Selisih
BDMN,2023-11-14,Harga Selisih
BDMN,2023-11-15,Harga Selisih
BDMN,2023-11-16,Harga Selisih
BDMN,2023-11-17,Harga Selisih
BDMN,2023-11-20,Harga Selisih
BDMN,2023-11-21,Harga Selisih
BDMN,2023-11-22,Harga Selisih
BDMN,2023-11-23,Harga Selisih
BDMN,2023-11-24,Harga Selisih
BDMN,2023-11-27,Harga Selisih
BDMN,2023-11-28,Harga Selisih
BDMN,2023-11-29,Harga Selisih
BDMN,2023-11-30,Harga Selisih
BDMN,2023-12-01,Harga Selisih
BDMN,2023-12-04,Harga Selisih
BDMN,2023-12-05,Harga Selisih
BDMN,2023-12-06,Harga Selisih
BDMN,2023-12-07,Harga Selisih
BDMN,2023-12-08,Harga Selisih
BDMN,2023-12-11,Harga Selisih
BDMN,2023-12-12,Harga Selisih
BDMN,2023-12-13,Harga Selisih
BDMN,2023-12-14,Harga Selisih
BDMN,2023-12-15,Harga Selisih
BDMN,2023-12-18,Harga Selisih
BDMN,2023-12-19,Harga Selisih
BDMN,2023-12-20,Harga Selisih
BDMN,2023-12-21,Harga Selisih
BDMN,2023-12-22,Harga Selisih
BGTG,2019-12-26,Data Adjusted
BGTG,2019-12-27,Data Adjusted
BGTG,2019-12-30,Data Adjusted
BGTG,2020-01-02,Data Adjusted
BGTG,2020-01-03,Data Adjusted
BGTG,2020-01-06,Data Adjusted
BGTG,2020-01-07,Data Adjusted
BGTG,2020-01-08,Data Adjusted
BGTG,2020-01-09,Data Adjusted
BGTG,2020-01-10,Data Adjusted
BGTG,2020-01-13,Data Adjusted
BGTG,2020-01-14,Data Adjusted
BGTG,2020-01-15,Data Adjusted
BGTG,2020-01-16,Data Adjusted
BGTG,2020-01-17,Data Adjusted
BGTG,2020-01-20,Data Adjusted
BGTG,2020-01-21,Data Adjusted
BGTG,2020-01-22,Data Adjusted
BGTG,2020-01-23,Data Adjusted
BGTG,2020-01-24,Data Adjusted
BGTG,2020-01-27,Data Adjusted
BGTG,2020-01-28,Data Adjusted
BGTG,2020-01-29,Data Adjusted
BGTG,2020-01-30,Data Adjusted
BGTG,2020-01-31,Data Adjusted
BGTG,2020-02-03,Data Adjusted
BGTG,2020-02-04,Data Adjusted
BGTG,2020-02-05,Data Adjusted
BGTG,2020-02-06,Data Adjusted
BGTG,2020-02-07,Data Adjusted
BGTG,2020-02-10,Data Adjusted
BGTG,2020-02-11,Data Adjusted
BGTG,2020-02-12,Data Adjusted
BGTG,2020-02-13,Data Adjusted
BGTG,2020-02-14,Data Adjusted
BGTG,2020-02-17,Data Adjusted
BGTG,2020-02-18,Data Adjusted
BGTG,2020-02-19,Data Adjusted
BGTG,2020-02-20,Data Adjusted
BGTG,2020-02-21,Data Adjusted
BGTG,2020-02-24,Data Adjusted
BGTG,2020-02-25,Data Adjusted
BGTG,2020-02-26,Data Adjusted
BGTG,2020-02-27,Data Adjusted
BGTG,2020-02-28,Data Adjusted
BGTG,2020-03-02,Data Adjusted
BGTG,2020-03-03,Data Adjusted
BGTG,2020-03-04,Data Adjusted
BGTG,2020-03-05,Data Adjusted
BGTG,2020-03-06,Data Adjusted
BGTG,2020-03-09,Data Adjusted
BGTG,2020-03-10,Data Adjusted
BGTG,2020-03-11,Data Adjusted
BGTG,2020-03-12,Data Adjusted
BGTG,2020-03-13,Data Adjusted
BGTG,2020-03-16,Data Adjusted
BGTG,2020-03-17,Data Adjusted
BGTG,2020-03-18,Data Adjusted
BGTG,2020-03-19,Data Adjusted
BGTG,2020-03-20,Data Adjusted
BGTG,2020-03-23,Data Adjusted
BGTG,2020-03-24,Data Adjusted
BGTG,2020-03-26,Data Adjusted
BGTG,2020-03-27,Data Adjusted
BGTG,2020-03-30,Data Adjusted
BGTG,2020-03-31,Data Adjusted
BGTG,2020-04-01,Data Adjusted
BGTG,2020-04-02,Data Adjusted
BGTG,2020-04-03,Data Adjusted
BGTG,2020-04-06,Data Adjusted
BGTG,2020-04-07,Data Adjusted
BGTG,2020-04-08,Data Adjusted
BGTG,2020-04-09,Data Adjusted
BGTG,2020-04-13,Data Adjusted
BGTG,2020-04-14,Data Adjusted
BGTG,2020-04-15,Data Adjusted
BGTG,2020-04-16,Data Adjusted
BGTG,2020-04-17,Data Adjusted
BGTG,2020-04-20,Data Adjusted
BGTG,2020-04-21,Data Adjusted
BGTG,2020-04-22,Data Adjusted
BGTG,2020-04-23,Data Adjusted
BGTG,2020-04-24,Data Adjusted
BGTG,2020-04-27,Data Adjusted
BGTG,2020-04-28,Data Adjusted
BGTG,2020-04-29,Data Adjusted
BGTG,2020-04-30,Data Adjusted
BGTG,2020-05-04,Data Adjusted
BGTG,2020-05-05,Data Adjusted
BGTG,2020-05-06,Data Adjusted
BGTG,2020-05-08,Data Adjusted
BGTG,2020-05-11,Data Adjusted
BGTG,2020-05-12,Data Adjusted
BGTG,2020-05-13,Data Adjusted
BGTG,2020-05-14,Data Adjusted
BGTG,2020-05-15,Data Adjusted
BGTG,2020-05-18,Data Adjusted
BGTG,2020-05-19,Data Adjusted
BGTG,2020-05-20,Data Adjusted
BGTG,2020-05-26,Data Adjusted
BGTG,2020-05-27,Data Adjusted
BGTG,2020-05-28,Data Adjusted
BGTG,2020-05-29,Data Adjusted
BGTG,2020-06-02,Data Adjusted
BGTG,2020-06-03,Data Adjusted
BGTG,2020-06-04,Data Adjusted
BGTG,2020-06-05,Data Adjusted
BGTG,2020-06-08,Data Adjusted
BGTG,2020-06-09,Data Adjusted
BGTG,2020-06-10,Data Adjusted
BGTG,2020-06-11,Data Adjusted
BGTG,2020-06-12,Data Adjusted
BGTG,2020-06-15,Data Adjusted
BGTG,2020-06-16,Data Adjusted
BGTG,2020-06-17,Data Adjusted
BGTG,2020-06-18,Data Adjusted
BGTG,2020-06-19,Data Adjusted
BGTG,2020-06-22,Data Adjusted
BGTG,2020-06-23,Data Adjusted
BGTG,2020-06-24,Data Adjusted
BGTG,2020-06-25,Data Adjusted
BGTG,2020-06-26,Data Adjusted
BGTG,2020-06-29,Data Adjusted
BGTG,2020-06-30,Data Adjusted
BGTG,2020-07-01,Data Adjusted
BGTG,2020-07-02,Data Adjusted
BGTG,2020-07-03,Data Adjusted
BGTG,2020-07-06,Data Adjusted
BGTG,2020-07-07,Data Adjusted
BGTG,2020-07-08,Data Adjusted
BGTG,2020-07-09,Data Adjusted
BGTG,2020-07-10,Data Adjusted
BGTG,2020-07-13,Data Adjusted
BGTG,2020-07-14,Data Adjusted
BGTG,2020-07-15,Data Adjusted
BGTG,2020-07-16,Data Adjusted
BGTG,2020-07-17,Data Adjusted
BGTG,2020-07-20,Data Adjusted
BGTG,2020-07-21,Data Adjusted
BGTG,2020-07-22,Data Adjusted
BGTG,2020-07-23,Data Adjusted
BGTG,2020-07-24,Data Adjusted
BGTG,2020-07-27,Data Adjusted
BGTG,2020-07-28,Data Adjusted
BGTG,2020-07-29,Data Adjusted
BGTG,2020-07-30,Data Adjusted
BGTG,2020-08-03,Data Adjusted
BGTG,2020-08-04,Data Adjusted
BGTG,2020-08-05,Data Adjusted
BGTG,2020-08-06,Data Adjusted
BGTG,2020-08-07,Data Adjusted
BGTG,2020-08-10,Data Adjusted
BGTG,2020-08-11,Data Adjusted
BGTG,2020-08-12,Data Adjusted
BGTG,2020-08-13,Data Adjusted
BGTG,2020-08-14,Data Adjusted
BGTG,2020-08-18,Data Adjusted
BGTG,2020-08-19,Data Adjusted
BGTG,2020-08-24,Data Adjusted
BGTG,2020-08-25,Data Adjusted
BGTG,2020-08-26,Data Adjusted
BGTG,2020-08-27,Data Adjusted
BGTG,2020-08-28,Data Adjusted
BGTG,2020-08-31,Data Adjusted
BGTG,2020-09-01,Data Adjusted
BGTG,2020-09-02,Data Adjusted
BGTG,2020-09-03,Data Adjusted
BGTG,2020-09-04,Data Adjusted
BGTG,2020-09-07,Data Adjusted
BGTG,2020-09-08,Data Adjusted
BGTG,2020-09-09,Data Adjusted
BGTG,2020-09-10,Data Adjusted
BGTG,2020-09-11,Data Adjusted
BGTG,2020-09-14,Data Adjusted
BGTG,2020-09-15,Data Adjusted
BGTG,2020-09-16,Data Adjusted
BGTG,2020-09-17,Data Adjusted
BGTG,2020-09-18,Data Adjusted
BGTG,2020-09-21,Data Adjusted
BGTG,2020-09-22,Data Adjusted
BGTG,2020-09-23,Data Adjusted
BGTG,2020-09-24,Data Adjusted
BGTG,2020-09-25,Data Adjusted
BGTG,2020-09-28,Data Adjusted
BGTG,2020-09-29,Data Adjusted
BGTG,2020-09-30,Data Adjusted
BGTG,2020-10-01,Data Adjusted
BGTG,2020-10-02,Data Adjusted
BGTG,2020-10-05,Data Adjusted
BGTG,2020-10-06,Data Adjusted
BGTG,2020-10-07,Data Adjusted
BGTG,2020-10-08,Data Adjusted
BGTG,2020-10-09,Data Adjusted
BGTG,2020-10-12,Data Adjusted
BGTG,2020-10-13,Data Adjusted
BGTG,2020-10-14,Data Adjusted
BGTG,2020-10-15,Data Adjusted
BGTG,2020-10-16,Data Adjusted
BGTG,2020-10-19,Data Adjusted
BGTG,2020-10-20,Data Adjusted
BGTG,2020-10-21,Data Adjusted
BGTG,2020-10-22,Data Adjusted
BGTG,2020-10-23,Data Adjusted
BGTG,2020-10-26,Data Adjusted
BGTG,2020-10-27,Data Adjusted
BGTG,2020-11-02,Data Adjusted
BGTG,2020-11-03,Data Adjusted
BGTG,2020-11-04,Data Adjusted
BGTG,2020-11-05,Data Adjusted
BGTG,2020-11-06,Data Adjusted
BGTG,2020-11-09,Data Adjusted
BGTG,2020-11-10,Data Adjusted
BGTG,2020-11-11,Data Adjusted
BGTG,2020-11-12,Data Adjusted
BGTG,2020-11-13,Data Adjusted
BGTG,2020-11-16,Data Adjusted
BGTG,2020-11-17,Data Adjusted
BGTG,2020-11-18,Data Adjusted
BGTG,2020-11-19,Data Adjusted
BGTG,2020-11-20,Data Adjusted
BGTG,2020-11-23,Data Adjusted
BGTG,2020-11-24,Data Adjusted
BGTG,2020-11-25,Data Adjusted
BGTG,2020-11-26,Data Adjusted
BGTG,2020-11-27,Data Adjusted
BGTG,2020-11-30,Data Adjusted
BGTG,2020-12-01,Data Adjusted
BGTG,2020-12-02,Data Adjusted
BGTG,2020-12-03,Data Adjusted
BGTG,2020-12-04,Data Adjusted
BGTG,2020-12-07,Data Adjusted
BGTG,2020-12-08,Data Adjusted
BGTG,2020-12-10,Data Adjusted
BGTG,2020-12-11,Data Adjusted
BGTG,2020-12-14,Data Adjusted
BGTG,2020-12-15,Data Adjusted
BGTG,2020-12-16,Data Adjusted
BGTG,2020-12-17,Data Adjusted
BGTG,2020-12-18,Data Adjusted
BGTG,2020-12-21,Data Adjusted
BGTG,2020-12-22,Data Adjusted
BGTG,2020-12-23,Data Adjusted
BGTG,2020-12-28,Data Adjusted
BGTG,2020-12-29,Data Adjusted
BGTG,2020-12-30,Data Adjusted
BGTG,2021-01-04,Data Adjusted
BGTG,2021-01-05,Data Adjusted
BGTG,2021-01-06,Data Adjusted
BGTG,2021-01-07,Data Adjusted
BGTG,2021-01-08,Data Adjusted
BGTG,2021-01-11,Data Adjusted
BGTG,2021-01-12,Data Adjusted
BGTG,2021-01-13,Data Adjusted
BGTG,2021-01-14,Data Adjusted
BGTG,2021-01-15,Data Adjusted
BGTG,2021-01-18,Data Adjusted
BGTG,2021-01-19,Data Adjusted
BGTG,2021-01-20,Data Adjusted
BGTG,2021-01-21,Data Adjusted
BGTG,2021-01-22,Data Adjusted
BGTG,2021-01-25,Data Adjusted
BGTG,2021-01-26,Data Adjusted
BGTG,2021-01-27,Data Adjusted
BGTG,2021-01-28,Data Adjusted
BGTG,2021-01-29,Data Adjusted
BGTG,2021-02-01,Data Adjusted
BGTG,2021-02-02,Data Adjusted
BGTG,2021-02-03,Data Adjusted
BGTG,2021-02-04,Data Adjusted
BGTG,2021-02-05,Data Adjusted
BGTG,2021-02-08,Data Adjusted
BGTG,2021-02-09,Data Adjusted
BGTG,2021-02-10,Data Adjusted
BGTG,2021-02-11,Data Adjusted
BGTG,2021-02-15,Data Adjusted
BGTG,2021-02-16,Data Adjusted
BGTG,2021-02-17,Data Adjusted
BGTG,2021-02-18,Data Adjusted
BGTG,2021-02-19,Data Adjusted
BGTG,2021-02-22,Data Adjusted
BGTG,2021-02-23,Data Adjusted
BGTG,2021-02-24,Data Adjusted
BGTG,2021-02-25,Data Adjusted
BGTG,2021-02-26,Data Adjusted
BGTG,2021-03-01,Data Adjusted
BGTG,2021-03-02,Data Adjusted
BGTG,2021-03-03,Data Adjusted
BGTG,2021-03-04,Data Adjusted
BGTG,2021-03-05,Data Adjusted
BGTG,2021-03-08,Data Adjusted
BGTG,2021-03-09,Data Adjusted
BGTG,2021-03-10,Data Adjusted
BGTG,2021-03-12,Data Adjusted
BGTG,2021-03-15,Data Adjusted
BGTG,2021-03-16,Data Adjusted
BGTG,2021-03-17,Data Adjusted
BGTG,2021-03-18,Data Adjusted
BGTG,2021-03-19,Data Adjusted
BGTG,2021-03-22,Data Adjusted
BGTG,2021-03-23,Data Adjusted
BGTG,2021-03-24,Data Adjusted
BGTG,2021-03-25,Data Adjusted
BGTG,2021-03-26,Data Adjusted
BGTG,2021-03-29,Data Adjusted
BGTG,2021-03-30,Data Adjusted
BGTG,2021-03-31,Data Adjusted
BGTG,2021-04-01,Data Adjusted
BGTG,2021-04-05,Data Adjusted
BGTG,2021-04-06,Data Adjusted
BGTG,2021-04-07,Data Adjusted
BGTG,2021-04-08,Data Adjusted
BGTG,2021-04-09,Data Adjusted
BGTG,2021-04-12,Data Adjusted
BGTG,2021-04-13,Data Adjusted
BGTG,2021-04-14,Data Adjusted
BGTG,2021-04-15,Data Adjusted
BGTG,2021-04-16,Data Adjusted
BGTG,2021-04-19,Data Adjusted
BGTG,2021-04-20,Data Adjusted
BGTG,2021-04-21,Data Adjusted
BGTG,2021-04-22,Data Adjusted
BGTG,2021-04-23,Data Adjusted
BGTG,2021-04-26,Data Adjusted
BGTG,2021-04-27,Data Adjusted
BGTG,2021-04-28,Data Adjusted
BGTG,2021-04-29,Data Adjusted
BGTG,2021-04-30,Data Adjusted
BGTG,2021-05-03,Data Adjusted
BGTG,2021-05-04,Data Adjusted
BGTG,2021-05-05,Data Adjusted
BGTG,2021-05-06,Data Adjusted
BGTG,2021-05-07,Data Adjusted
BGTG,2021-05-10,Data Adjusted
BGTG,2021-05-11,Data Adjusted
BGTG,2021-05-17,Data Adjusted
BGTG,2021-05-18,Data Adjusted
BGTG,2021-05-19,Data Adjusted
BGTG,2021-05-20,Data Adjusted
BGTG,2021-05-21,Data Adjusted
BGTG,2021-05-24,Data Adjusted
BGTG,2021-05-25,Data Adjusted
BGTG,2021-05-27,Data Adjusted
BGTG,2021-05-28,Data Adjusted
BGTG,2021-05-31,Data Adjusted
BGTG,2021-06-02,Data Adjusted
BGTG,2021-06-03,Data Adjusted
BGTG,2021-06-04,Data Adjusted
BGTG,2021-06-07,Data Adjusted
BGTG,2021-06-08,Data Adjusted
BGTG,2021-06-09,Data Adjusted
BGTG,2021-06-10,Data Adjusted
BGTG,2021-06-11,Data Adjusted
BGTG,2021-06-14,Data Adjusted
BGTG,2021-06-15,Data Adjusted
BGTG,2021-06-16,Data Adjusted
BGTG,2021-06-17,Data Adjusted
BGTG,2021-06-18,Data Adjusted
BGTG,2021-06-21,Data Adjusted
BGTG,2021-06-22,Data Adjusted
BGTG,2021-06-23,Data Adjusted
BGTG,2021-06-24,Data Adjusted
BGTG,2021-06-25,Data Adjusted
BGTG,2021-06-28,Data Adjusted
BGTG,2021-06-29,Data Adjusted
BGTG,2021-06-30,Data Adjusted
BGTG,2021-07-01,Data Adjusted
BGTG,2021-07-02,Data Adjusted
BGTG,2021-07-05,Data Adjusted
BGTG,2021-07-06,Data Adjusted
BGTG,2021-07-07,Data Adjusted
BGTG,2021-07-08,Data Adjusted
BGTG,2021-07-09,Data Adjusted
BGTG,2021-07-12,Data Adjusted
BGTG,2021-07-13,Data Adjusted
BGTG,2021-07-14,Data Adjusted
BGTG,2021-07-15,Data Adjusted
BGTG,2021-07-16,Data Adjusted
BGTG,2021-07-19,Data Adjusted
BGTG,2021-07-21,Data Adjusted
BGTG,2021-07-22,Data Adjusted
BGTG,2021-07-23,Data Adjusted
BGTG,2021-07-26,Data Adjusted
BGTG,2021-07-27,Data Adjusted
BGTG,2021-07-28,Data Adjusted
BGTG,2021-07-29,Data Adjusted
BGTG,2021-07-30,Data Adjusted
BGTG,2021-08-02,Data Adjusted
BGTG,2021-08-03,Data Adjusted
BGTG,2021-08-04,Data Adjusted
BGTG,2021-08-05,Data Adjusted
BGTG,2021-08-06,Data Adjusted
BGTG,2021-08-09,Data Adjusted
BGTG,2021-08-10,Data Adjusted
BGTG,2021-08-12,Data Adjusted
BGTG,2021-08-13,Data Adjusted
BGTG,2021-08-16,Data Adjusted
BGTG,2021-08-18,Data Adjusted
BGTG,2021-08-19,Data Adjusted
BGTG,2021-08-20,Data Adjusted
BGTG,2021-08-23,Data Adjusted
BGTG,2021-08-24,Data Adjusted
BGTG,2021-08-25,Data Adjusted
BGTG,2021-08-26,Data Adjusted
BGTG,2021-08-27,Data Adjusted
BGTG,2021-08-30,Data Adjusted
BGTG,2021-08-31,Data Adjusted
BGTG,2021-09-01,Data Adjusted
BGTG,2021-09-02,Data Adjusted
BGTG,2021-09-03,Data Adjusted
BGTG,2021-09-06,Data Adjusted
BGTG,2021-09-07,Data Adjusted
BGTG,2021-09-08,Data Adjusted
BGTG,2021-09-09,Data Adjusted
BGTG,2021-09-10,Data Adjusted
BGTG,2021-09-13,Data Adjusted
BGTG,2021-09-14,Data Adjusted
BGTG,2021-09-15,Data Adjusted
BGTG,2021-09-16,Data Adjusted
BGTG,2021-09-17,Data Adjusted
BGTG,2021-09-20,Data Adjusted
BGTG,2021-09-21,Data Adjusted
BGTG,2021-09-22,Data Adjusted
BGTG,2021-09-23,Data Adjusted
BGTG,2021-09-24,Data Adjusted
BGTG,2021-09-27,Data Adjusted
BGTG,2021-09-28,Data Adjusted
BGTG,2021-09-29,Data Adjusted
BGTG,2021-09-30,Data Adjusted
BGTG,2021-10-01,Data Adjusted
BGTG,2021-10-04,Data Adjusted
BGTG,2021-10-05,Data Adjusted
BGTG,2021-10-06,Data Adjusted
BGTG,2021-10-07,Data Adjusted
BGTG,2021-10-08,Data Adjusted
BGTG,2021-10-11,Data Adjusted
BGTG,2021-10-12,Data Adjusted
BGTG,2021-10-13,Data Adjusted
BGTG,2021-10-14,Data Adjusted
BGTG,2021-10-15,Data Adjusted
BGTG,2021-10-18,Data Adjusted
BGTG,2021-10-19,Data Adjusted
BGTG,2021-10-21,Data Adjusted
BGTG,2021-10-22,Data Adjusted
BGTG,2021-10-25,Data Adjusted
BGTG,2021-10-26,Data Adjusted
BGTG,2021-10-27,Data Adjusted
BGTG,2021-10-28,Data Adjusted
BGTG,2021-10-29,Data Adjusted
BGTG,2021-11-01,Data Adjusted
BGTG,2021-11-02,Data Adjusted
BGTG,2021-11-03,Data Adjusted
BGTG,2021-11-04,Data Adjusted
BGTG,2021-11-05,Data Adjusted
BGTG,2021-11-08,Data Adjusted
BGTG,2021-11-09,Data Adjusted
BGTG,2021-11-10,Data Adjusted
BGTG,2021-11-11,Data Adjusted
BGTG,2021-11-12,Data Adjusted
BGTG,2021-11-15,Data Adjusted
BGTG,2021-11-16,Data Adjusted
BGTG,2021-11-17,Data Adjusted
BGTG,2021-11-18,Data Adjusted
BGTG,2021-11-19,Data Adjusted
BGTG,2021-11-22,Data Adjusted
BGTG,2021-11-23,Data Adjusted
BGTG,2021-11-24,Data Adjusted
BGTG,2021-11-25,Data Adjusted
BGTG,2021-11-26,Data Adjusted
BGTG,2021-11-29,Data Adjusted
BGTG,2021-11-30,Data Adjusted
BGTG,2021-12-01,Data Adjusted
BGTG,2021-12-02,Data Adjusted
BGTG,2021-12-03,Data Adjusted
BGTG,2021-12-06,Data Adjusted
BGTG,2021-12-07,Data Adjusted
BGTG,2021-12-08,Data Adjusted
BGTG,2021-12-09,Data Adjusted
BGTG,2021-12-10,Data Adjusted
BGTG,2021-12-13,Data Adjusted
BGTG,2021-12-14,Data Adjusted
BGTG,2021-12-15,Data Adjusted
BGTG,2021-12-16,Data Adjusted
BGTG,2021-12-17,Data Adjusted
BGTG,2021-12-20,Data Adjusted
BGTG,2021-12-21,Data Adjusted
BGTG,2021-12-22,Data Adjusted
BGTG,2021-12-23,Data Adjusted
BGTG,2021-12-24,Data Adjusted
BGTG,2021-12-27,Data Adjusted
BGTG,2021-12-28,Data Adjusted
BGTG,2021-12-29,Data Adjusted
BGTG,2021-12-30,Data Adjusted
BGTG,2022-01-03,Data Adjusted
BGTG,2022-01-04,Data Adjusted
BGTG,2022-01-05,Data Adjusted
BGTG,2022-01-06,Data Adjusted
BGTG,2022-01-07,Data Adjusted
BGTG,2022-01-10,Data Adjusted
BGTG,2022-01-11,Data Adjusted
BGTG,2022-01-12,Data Adjusted
BGTG,2022-01-13,Data Adjusted
BGTG,2022-01-14,Data Adjusted
BGTG,2022-01-17,Data Adjusted
BGTG,2022-01-18,Data Adjusted
BGTG,2022-01-19,Data Adjusted
BGTG,2022-01-20,Data Adjusted
BGTG,2022-01-21,Data Adjusted
BGTG,2022-01-24,Data Adjusted
BGTG,2022-01-25,Data Adjusted
BGTG,2022-01-26,Data Adjusted
BGTG,2022-01-27,Data Adjusted
BGTG,2022-01-28,Data Adjusted
BGTG,2022-01-31,Data Adjusted
BGTG,2022-02-02,Data Adjusted
BGTG,2022-02-03,Data Adjusted
BGTG,2022-02-04,Data Adjusted
BGTG,2022-02-07,Data Adjusted
BGTG,2022-02-08,Data Adjusted
BGTG,2022-02-09,Data Adjusted
BGTG,2022-02-10,Data Adjusted
BGTG,2022-02-11,Data Adjusted
BGTG,2022-02-14,Data Adjusted
BGTG,2022-02-15,Data Adjusted
BGTG,2022-02-16,Data Adjusted
BGTG,2022-02-17,Data Adjusted
BGTG,2022-02-18,Data Adjusted
BGTG,2022-02-21,Data Adjusted
BGTG,2022-02-22,Data Adjusted
BJBR,2019-12-26,Harga Selisih
BJBR,2019-12-27,Harga Selisih
BJBR,2019-12-30,Harga Selisih
BJBR,2020-01-02,Harga Selisih
BJBR,2020-01-03,Harga Selisih
BJBR,2020-01-06,Harga Selisih
BJBR,2020-01-07,Harga Selisih
BJBR,2020-01-08,Harga Selisih
BJBR,2020-01-09,Harga Selisih
BJBR,2020-01-10,Harga Selisih
BJBR,2020-01-13,Harga Selisih
BJBR,2020-01-14,Harga Selisih
BJBR,2020-01-15,Harga Selisih
BJBR,2020-01-16,Harga Selisih
BJBR,2020-01-17,Harga Selisih
BJBR,2020-01-20,Harga Selisih
BJBR,2020-01-21,Harga Selisih
BJBR,2020-01-22,Harga Selisih
BJBR,2020-01-23,Harga Selisih
BJBR,2020-01-24,Harga Selisih
BJBR,2020-01-27,Harga Selisih
BJBR,2020-01-28,Harga Selisih
BJBR,2020-01-29,Harga Selisih
BJBR,2020-01-30,Harga Selisih
BJBR,2020-01-31,Harga Selisih
BJBR,2020-02-03,Harga Selisih
BJBR,2020-02-04,Harga Selisih
BJBR,2020-02-05,Harga Selisih
BJBR,2020-02-06,Harga Selisih
BJBR,2020-02-07,Harga Selisih
BJBR,2020-02-10,Harga Selisih
BJBR,2020-02-11,Harga Selisih
BJBR,2020-02-12,Harga Selisih
BJBR,2020-02-13,Harga Selisih
BJBR,2020-02-14,Harga Selisih
BJBR,2020-02-17,Harga Selisih
BJBR,2020-02-18,Harga Selisih
BJBR,2020-02-19,Harga Selisih
BJBR,2020-02-20,Harga Selisih
BJBR,2020-02-21,Harga Selisih
BJBR,2020-02-24,Harga Selisih
BJBR,2020-02-25,Harga Selisih
BJBR,2020-02-26,Harga Selisih
BJBR,2020-02-27,Harga Selisih
BJBR,2020-02-28,Harga Selisih
BJBR,2020-03-02,Harga Selisih
BJBR,2020-03-03,Harga Selisih
BJBR,2020-03-04,Harga Selisih
BJBR,2020-03-05,Harga Selisih
BJBR,2020-03-06,Harga Selisih
BJBR,2020-03-09,Harga Selisih
BJBR,2020-03-10,Harga Selisih
BJBR,2020-03-11,Harga Selisih
BJBR,2020-03-12,Harga Selisih
BJBR,2020-03-13,Harga Selisih
BJBR,2020-03-16,Harga Selisih
BJBR,2020-03-17,Harga Selisih
BJBR,2020-03-18,Harga Selisih
BJBR,2020-03-19,Harga Selisih
BJBR,2020-03-20,Harga Selisih
BJBR,2020-03-23,Harga Selisih
BJBR,2020-03-24,Harga Selisih
BJBR,2020-03-26,Harga Selisih
BJBR,2020-03-27,Harga Selisih
BJBR,2020-03-30,Harga Selisih
BJBR,2020-03-31,Harga Selisih
BJBR,2020-04-01,Harga Selisih
BJBR,2020-04-02,Harga Selisih
BJBR,2020-04-03,Harga Selisih
BJBR,2020-04-06,Harga Selisih
BJBR,2020-04-07,Harga Selisih
BJBR,2020-04-08,Harga Selisih
BJBR,2020-04-09,Harga Selisih
BJBR,2020-04-13,Harga Selisih
BJBR,2020-04-14,Harga Selisih
BJBR,2020-04-15,Harga Selisih
BJBR,2020-04-16,Harga Selisih
BJBR,2020-04-17,Harga Selisih
BJBR,2020-04-20,Harga Selisih
BJBR,2020-04-21,Harga Selisih
BJBR,2020-04-22,Harga Selisih
BJBR,2020-04-23,Harga Selisih
BJBR,2020-04-24,Harga Selisih
BJBR,2020-04-27,Harga Selisih
BJBR,2020-04-28,Harga Selisih
BJBR,2020-04-29,Harga Selisih
BJBR,2020-04-30,Harga Selisih
BJBR,2020-05-04,Harga Selisih
BJBR,2020-05-05,Harga Selisih
BJBR,2020-05-06,Harga Selisih
BJBR,2020-05-08,Harga Selisih
BJBR,2020-05-11,Harga Selisih
BJBR,2020-05-12,Harga Selisih
BJBR,2020-05-13,Harga Selisih
BJBR,2020-05-14,Harga Selisih
BJBR,2020-05-15,Harga Selisih
BJBR,2020-05-18,Harga Selisih
BJBR,2020-05-19,Harga Selisih
BJBR,2020-05-20,Harga Selisih
BJBR,2020-05-26,Harga Selisih
BJBR,2020-05-27,Harga Selisih
BJBR,2020-05-28,Harga Selisih
BJBR,2020-05-29,Harga Selisih
BJBR,2020-06-02,Harga Selisih
BJBR,2020-06-03,Harga Selisih
BJBR,2020-06-04,Harga Selisih
BJBR,2020-06-05,Harga Selisih
BJBR,2020-06-08,Harga Selisih
BJBR,2020-06-09,Harga Selisih
BJBR,2020-06-10,Harga Selisih
BJBR,2020-06-11,Harga Selisih
BJBR,2020-06-12,Harga Selisih
BJBR,2020-06-15,Harga Selisih
BJBR,2020-06-16,Harga Selisih
BJBR,2020-06-17,Harga Selisih
BJBR,2020-06-18,Harga Selisih
BJBR,2020-06-19,Harga Selisih
BJBR,2020-06-22,Harga Selisih
BJBR,2020-06-23,Harga Selisih
BJBR,2020-06-24,Harga Selisih
BJBR,2020-06-25,Harga Selisih
BJBR,2020-06-26,Harga Selisih
BJBR,2020-06-29,Harga Selisih
BJBR,2020-06-30,Harga Selisih
BJBR,2020-07-01,Harga Selisih
BJBR,2020-07-02,Harga Selisih
BJBR,2020-07-03,Harga Selisih
BJBR,2020-07-06,Harga Selisih
BJBR,2020-07-07,Harga Selisih
BJBR,2020-07-08,Harga Selisih
BJBR,2020-07-09,Harga Selisih
BJBR,2020-07-10,Harga Selisih
BJBR,2020-07-13,Harga Selisih
BJBR,2020-07-14,Harga Selisih
BJBR,2020-07-15,Harga Selisih
BJBR,2020-07-16,Harga Selisih
BJBR,2020-07-17,Harga Selisih
BJBR,2020-07-20,Harga Selisih
BJBR,2020-07-21,Harga Selisih
BJBR,2020-07-22,Harga Selisih
BJBR,2020-07-23,Harga Selisih
BJBR,2020-07-24,Harga Selisih
BJBR,2020-07-27,Harga Selisih
BJBR,2020-07-28,Harga Selisih
BJBR,2020-07-29,Harga Selisih
BJBR,2020-07-30,Harga Selisih
BJBR,2020-08-03,Harga Selisih
BJBR,2020-08-04,Harga Selisih
BJBR,2020-08-05,Harga Selisih
BJBR,2020-08-06,Harga Selisih
BJBR,2020-08-07,Harga Selisih
BJBR,2020-08-10,Harga Selisih
BJBR,2020-08-11,Harga Selisih
BJBR,2020-08-12,Harga Selisih
BJBR,2020-08-13,Harga Selisih
BJBR,2020-08-14,Harga Selisih
BJBR,2020-08-18,Harga Selisih
BJBR,2020-08-19,Harga Selisih
BJBR,2020-08-24,Harga Selisih
BJBR,2020-08-25,Harga Selisih
BJBR,2020-08-26,Harga Selisih
BJBR,2020-08-27,Harga Selisih
BJBR,2020-08-28,Harga Selisih
BJBR,2020-08-31,Harga Selisih
BJBR,2020-09-01,Harga Selisih
BJBR,2020-09-02,Harga Selisih
BJBR,2020-09-03,Harga Selisih
BJBR,2020-09-04,Harga Selisih
BJBR,2020-09-07,Harga Selisih
BJBR,2020-09-08,Harga Selisih
BJBR,2020-09-09,Harga Selisih
BJBR,2020-09-10,Harga Selisih
BJBR,2020-09-11,Harga Selisih
BJBR,2020-09-14,Harga Selisih
BJBR,2020-09-15,Harga Selisih
BJBR,2020-09-16,Harga Selisih
BJBR,2020-09-17,Harga Selisih
BJBR,2020-09-18,Harga Selisih
BJBR,2020-09-21,Harga Selisih
BJBR,2020-09-22,Harga Selisih
BJBR,2020-09-23,Harga Selisih
BJBR,2020-09-24,Harga Selisih
BJBR,2020-09-25,Harga Selisih
BJBR,2020-09-28,Harga Selisih
BJBR,2020-09-29,Harga Selisih
BJBR,2020-09-30,Harga Selisih
BJBR,2020-10-01,Harga Selisih
BJBR,2020-10-02,Harga Selisih
BJBR,2020-10-05,Harga Selisih
BJBR,2020-10-06,Harga Selisih
BJBR,2020-10-07,Harga Selisih
BJBR,2020-10-08,Harga Selisih
BJBR,2020-10-09,Harga Selisih
BJBR,2020-10-12,Harga Selisih
BJBR,2020-10-13,Harga Selisih
BJBR,2020-10-14,Harga Selisih
BJBR,2020-10-15,Harga Selisih
BJBR,2020-10-16,Harga Selisih
BJBR,2020-10-19,Harga Selisih
BJBR,2020-10-20,Harga Selisih
BJBR,2020-10-21,Harga Selisih
BJBR,2020-10-22,Harga Selisih
BJBR,2020-10-23,Harga Selisih
BJBR,2020-10-26,Harga Selisih
BJBR,2020-10-27,Harga Selisih
BJBR,2020-11-02,Harga Selisih
BJBR,2020-11-03,Harga Selisih
BJBR,2020-11-04,Harga Selisih
BJBR,2020-11-05,Harga Selisih
BJBR,2020-11-06,Harga Selisih
BJBR,2020-11-09,Harga Selisih
BJBR,2020-11-10,Harga Selisih
BJBR,2020-11-11,Harga Selisih
BJBR,2020-11-12,Harga Selisih
BJBR,2020-11-13,Harga Selisih
BJBR,2020-11-16,Harga Selisih
BJBR,2020-11-17,Harga Selisih
BJBR,2020-11-18,Harga Selisih
BJBR,2020-11-19,Harga Selisih
BJBR,2020-11-20,Harga Selisih
BJBR,2020-11-23,Harga Selisih
BJBR,2020-11-24,Harga Selisih
BJBR,2020-11-25,Harga Selisih
BJBR,2020-11-26,Harga Selisih
BJBR,2020-11-27,Harga Selisih
BJBR,2020-11-30,Harga Selisih
BJBR,2020-12-01,Harga Selisih
BJBR,2020-12-02,Harga Selisih
BJBR,2020-12-03,Harga Selisih
BJBR,2020-12-04,Harga Selisih
BJBR,2020-12-07,Harga Selisih
BJBR,2020-12-08,Harga Selisih
BJBR,2020-12-10,Harga Selisih
BJBR,2020-12-11,Harga Selisih
BJBR,2020-12-14,Harga Selisih
BJBR,2020-12-15,Harga Selisih
BJBR,2020-12-16,Harga Selisih
BJBR,2020-12-17,Harga Selisih
BJBR,2020-12-18,Harga Selisih
BJBR,2020-12-21,Harga Selisih
BJBR,2020-12-22,Harga Selisih
BJBR,2020-12-23,Harga Selisih
BJBR,2020-12-28,Harga Selisih
BJBR,2020-12-29,Harga Selisih
BJBR,2020-12-30,Harga Selisih
BJBR,2021-01-04,Harga Selisih
BJBR,2021-01-05,Harga Selisih
BJBR,2021-01-06,Harga Selisih
BJBR,2021-01-07,Harga Selisih
BJBR,2021-01-08,Harga Selisih
BJBR,2021-01-11,Harga Selisih
BJBR,2021-01-12,Harga Selisih
BJBR,2021-01-13,Harga Selisih
BJBR,2021-01-14,Harga Selisih
BJBR,2021-01-15,Harga Selisih
BJBR,2021-01-18,Harga Selisih
BJBR,2021-01-19,Harga Selisih
BJBR,2021-01-20,Harga Selisih
BJBR,2021-01-21,Harga Selisih
BJBR,2021-01-22,Harga Selisih
BJBR,2021-01-25,Harga Selisih
BJBR,2021-01-26,Harga Selisih
BJBR,2021-01-27,Harga Selisih
BJBR,2021-01-28,Harga Selisih
BJBR,2021-01-29,Harga Selisih
BJBR,2021-02-01,Harga Selisih
BJBR,2021-02-02,Harga Selisih
BJBR,2021-02-03,Harga Selisih
BJBR,2021-02-04,Harga Selisih
BJBR,2021-02-05,Harga Selisih
BJBR,2021-02-08,Harga Selisih
BJBR,2021-02-09,Harga Selisih
BJBR,2021-02-10,Harga Selisih
BJBR,2021-02-11,Harga Selisih
BJBR,2021-02-15,Harga Selisih
BJBR,2021-02-16,Harga Selisih
BJBR,2021-02-17,Harga Selisih
BJBR,2021-02-18,Harga Selisih
BJBR,2021-02-19,Harga Selisih
BJBR,2021-02-22,Harga Selisih
BJBR,2021-02-23,Harga Selisih
BJBR,2021-02-24,Harga Selisih
BJBR,2021-02-25,Harga Selisih
BJBR,2021-02-26,Harga Selisih
BJBR,2021-03-01,Harga Selisih
BJBR,2021-03-02,Harga Selisih
BJBR,2021-03-03,Harga Selisih
BJBR,2021-03-04,Harga Selisih
BJBR,2021-03-05,Harga Selisih
BJBR,2021-03-08,Harga Selisih
BJBR,2021-03-09,Harga Selisih
BJBR,2021-03-10,Harga Selisih
BJBR,2021-03-12,Harga Selisih
BJBR,2021-03-15,Harga Selisih
BJBR,2021-03-16,Harga Selisih
BJBR,2021-03-17,Harga Selisih
BJBR,2021-03-18,Harga Selisih
BJBR,2021-03-19,Harga Selisih
BJBR,2021-03-22,Harga Selisih
BJBR,2021-03-23,Harga Selisih
BJBR,2021-03-24,Harga Selisih
BJBR,2021-03-25,Harga Selisih
BJBR,2021-03-26,Harga Selisih
BJBR,2021-03-29,Harga Selisih
BJBR,2021-03-30,Harga Selisih
BJBR,2021-03-31,Harga Selisih
BJBR,2021-04-01,Harga Selisih
BJBR,2021-04-05,Harga Selisih
BJBR,2021-04-06,Harga Selisih
BJBR,2021-04-07,Harga Selisih
BJBR,2021-04-08,Harga Selisih
BJBR,2021-04-09,Harga Selisih
BJBR,2021-04-12,Harga Selisih
BJBR,2021-04-13,Harga Selisih
BJBR,2021-04-14,Harga Selisih
BJBR,2021-04-15,Harga Selisih
BJBR,2021-04-16,Harga Selisih
BJBR,2021-04-19,Harga Selisih
BJBR,2021-04-20,Harga Selisih
BJBR,2021-04-21,Harga Selisih
BJBR,2021-04-22,Harga Selisih
BJBR,2021-04-23,Harga Selisih
BJBR,2021-04-26,Harga Selisih
BJBR,2021-04-27,Harga Selisih
BJBR,2021-04-28,Harga Selisih
BJBR,2021-04-29,Harga Selisih
BJBR,2021-04-30,Harga Selisih
BJBR,2021-05-03,Harga Selisih
BJBR,2021-05-04,Harga Selisih
BJBR,2021-05-05,Harga Selisih
BJBR,2021-05-06,Harga Selisih
BJBR,2021-05-07,Harga Selisih
BJBR,2021-05-10,Harga Selisih
BJBR,2021-05-11,Harga Selisih
BJBR,2021-05-17,Harga Selisih
BJBR,2021-05-18,Harga Selisih
BJBR,2021-05-19,Harga Selisih
BJBR,2021-05-20,Harga Selisih
BJBR,2021-05-21,Harga Selisih
BJBR,2021-05-24,Harga Selisih
BJBR,2021-05-25,Harga Selisih
BJBR,2021-05-27,Harga Selisih
BJBR,2021-05-28,Harga Selisih
BJBR,2021-05-31,Harga Selisih
BJBR,2021-06-02,Harga Selisih
BJBR,2021-06-03,Harga Selisih
BJBR,2021-06-04,Harga Selisih
BJBR,2021-06-07,Harga Selisih
BJBR,2021-06-08,Harga Selisih
BJBR,2021-06-09,Harga Selisih
BJBR,2021-06-10,Harga Selisih
BJBR,2021-06-11,Harga Selisih
BJBR,2021-06-14,Harga Selisih
BJBR,2021-06-15,Harga Selisih
BJBR,2021-06-16,Harga Selisih
BJBR,2021-06-17,Harga Selisih
BJBR,2021-06-18,Harga Selisih
BJBR,2021-06-21,Harga Selisih
BJBR,2021-06-22,Harga Selisih
BJBR,2021-06-23,Harga Selisih
BJBR,2021-06-24,Harga Selisih
BJBR,2021-06-25,Harga Selisih
BJBR,2021-06-28,Harga Selisih
BJBR,2021-06-29,Harga Selisih
BJBR,2021-06-30,Harga Selisih
BJBR,2021-07-01,Harga Selisih
BJBR,2021-07-02,Harga Selisih
BJBR,2021-07-05,Harga Selisih
BJBR,2021-07-06,Harga Selisih
BJBR,2021-07-07,Harga Selisih
BJBR,2021-07-08,Harga Selisih
BJBR,2021-07-09,Harga Selisih
BJBR,2021-07-12,Harga Selisih
BJBR,2021-07-13,Harga Selisih
BJBR,2021-07-14,Harga Selisih
BJBR,2021-07-15,Harga Selisih
BJBR,2021-07-16,Harga Selisih
BJBR,2021-07-19,Harga Selisih
BJBR,2021-07-21,Harga Selisih
BJBR,2021-07-22,Harga Selisih
BJBR,2021-07-23,Harga Selisih
BJBR,2021-07-26,Harga Selisih
BJBR,2021-07-27,Harga Selisih
BJBR,2021-07-28,Harga Selisih
BJBR,2021-07-29,Harga Selisih
BJBR,2021-07-30,Harga Selisih
BJBR,2021-08-02,Harga Selisih
BJBR,2021-08-03,Harga Selisih
BJBR,2021-08-04,Harga Selisih
BJBR,2021-08-05,Harga Selisih
BJBR,2021-08-06,Harga Selisih
BJBR,2021-08-09,Harga Selisih
BJBR,2021-08-10,Harga Selisih
BJBR,2021-08-12,Harga Selisih
BJBR,2021-08-13,Harga Selisih
BJBR,2021-08-16,Harga Selisih
BJBR,2021-08-18,Harga Selisih
BJBR,2021-08-19,Harga Selisih
BJBR,2021-08-20,Harga Selisih
BJBR,2021-08-23,Harga Selisih
BJBR,2021-08-24,Harga Selisih
BJBR,2021-08-25,Harga Selisih
BJBR,2021-08-26,Harga Selisih
BJBR,2021-08-27,Harga Selisih
BJBR,2021-08-30,Harga Selisih
BJBR,2021-08-31,Harga Selisih
BJBR,2021-09-01,Harga Selisih
BJBR,2021-09-02,Harga Selisih
BJBR,2021-09-03,Harga Selisih
BJBR,2021-09-06,Harga Selisih
BJBR,2021-09-07,Harga Selisih
BJBR,2021-09-08,Harga Selisih
BJBR,2021-09-09,Harga Selisih
BJBR,2021-09-10,Harga Selisih
BJBR,2021-09-13,Harga Selisih
BJBR,2021-09-14,Harga Selisih
BJBR,2021-09-15,Harga Selisih
BJBR,2021-09-16,Harga Selisih
BJBR,2021-09-17,Harga Selisih
BJBR,2021-09-20,Harga Selisih
BJBR,2021-09-21,Harga Selisih
BJBR,2021-09-22,Harga Selisih
BJBR,2021-09-23,Harga Selisih
BJBR,2021-09-24,Harga Selisih
BJBR,2021-09-27,Harga Selisih
BJBR,2021-09-28,Harga Selisih
BJBR,2021-09-29,Harga Selisih
BJBR,2021-09-30,Harga Selisih
BJBR,2021-10-01,Harga Selisih
BJBR,2021-10-04,Harga Selisih
BJBR,2021-10-05,Harga Selisih
BJBR,2021-10-06,Harga Selisih
BJBR,2021-10-07,Harga Selisih
BJBR,2021-10-08,Harga Selisih
BJBR,2021-10-11,Harga Selisih
BJBR,2021-10-12,Harga Selisih
BJBR,2021-10-13,Harga Selisih
BJBR,2021-10-14,Harga Selisih
BJBR,2021-10-15,Harga Selisih
BJBR,2021-10-18,Harga Selisih
BJBR,2021-10-19,Harga Selisih
BJBR,2021-10-21,Harga Selisih
BJBR,2021-10-22,Harga Selisih
BJBR,2021-10-25,Harga Selisih
BJBR,2021-10-26,Harga Selisih
BJBR,2021-10-27,Harga Selisih
BJBR,2021-10-28,Harga Selisih
BJBR,2021-10-29,Harga Selisih
BJBR,2021-11-01,Harga Selisih
BJBR,2021-11-02,Harga Selisih
BJBR,2021-11-03,Harga Selisih
BJBR,2021-11-04,Harga Selisih
BJBR,2021-11-05,Harga Selisih
BJBR,2021-11-08,Harga Selisih
BJBR,2021-11-09,Harga Selisih
BJBR,2021-11-10,Harga Selisih
BJBR,2021-11-11,Harga Selisih
BJBR,2021-11-12,Harga Selisih
BJBR,2021-11-15,Harga Selisih
BJBR,2021-11-16,Harga Selisih
BJBR,2021-11-17,Harga Selisih
BJBR,2021-11-18,Harga Selisih
BJBR,2021-11-19,Harga Selisih
BJBR,2021-11-22,Harga Selisih
BJBR,2021-11-23,Harga Selisih
BJBR,2021-11-24,Harga Selisih
BJBR,2021-11-25,Harga Selisih
BJBR,2021-11-26,Harga Selisih
BJBR,2021-11-29,Harga Selisih
BJBR,2021-11-30,Harga Selisih
BJBR,2021-12-01,Harga Selisih
BJBR,2021-12-02,Harga Selisih
BJBR,2021-12-03,Harga Selisih
BJBR,2021-12-06,Harga Selisih
BJBR,2021-12-07,Harga Selisih
BJBR,2021-12-08,Harga Selisih
BJBR,2021-12-09,Harga Selisih
BJBR,2021-12-10,Harga Selisih
BJBR,2021-12-13,Harga Selisih
BJBR,2021-12-14,Harga Selisih
BJBR,2021-12-15,Harga Selisih
BJBR,2021-12-16,Harga Selisih
BJBR,2021-12-17,Harga Selisih
BJBR,2021-12-20,Harga Selisih
BJBR,2021-12-21,Harga Selisih
BJBR,2021-12-22,Harga Selisih
BJBR,2021-12-23,Harga Selisih
BJBR,2021-12-24,Harga Selisih
BJBR,2021-12-27,Harga Selisih
BJBR,2021-12-28,Harga Selisih
BJBR,2021-12-29,Harga Selisih
BJBR,2021-12-30,Harga Selisih
BJBR,2022-01-03,Harga Selisih
BJBR,2022-01-04,Harga Selisih
BJBR,2022-01-05,Harga Selisih
BJBR,2022-01-06,Harga Selisih
BJBR,2022-01-07,Harga Selisih
BJBR,2022-01-10,Harga Selisih
BJBR,2022-01-11,Harga Selisih
BJBR,2022-01-12,Harga Selisih
BJBR,2022-01-13,Harga Selisih
BJBR,2022-01-14,Harga Selisih
BJBR,2022-01-17,Harga Selisih
BJBR,2022-01-18,Harga Selisih
BJBR,2022-01-19,Harga Selisih
BJBR,2022-01-20,Harga Selisih
BJBR,2022-01-21,Harga Selisih
BJBR,2022-01-24,Harga Selisih
BJBR,2022-01-25,Harga Selisih
BJBR,2022-01-26,Harga Selisih
BJBR,2022-01-27,Harga Selisih
BJBR,2022-01-28,Harga Selisih
BJBR,2022-01-31,Harga Selisih
BJBR,2022-02-02,Harga Selisih
BJBR,2022-02-03,Harga Selisih
BJBR,2022-02-04,Harga Selisih
BJBR,2022-02-07,Harga Selisih
BJBR,2022-02-08,Harga Selisih
BJBR,2022-02-09,Harga Selisih
BJBR,2022-02-10,Harga Selisih
BJBR,2022-02-11,Harga Selisih
BJBR,2022-02-14,Harga Selisih
BJBR,2022-02-15,Harga Selisih
BJBR,2022-02-16,Harga Selisih
BJBR,2022-02-17,Harga Selisih
BJBR,2022-02-18,Harga Selisih
BJBR,2022-02-21,Harga Selisih
BJBR,2022-02-22,Harga Selisih
BJBR,2022-02-23,Harga Selisih
BJBR,2022-02-24,Harga Selisih
BJBR,2022-02-25,Harga Selisih
BJBR,2022-03-01,Harga Selisih
BJBR,2022-03-02,Harga Selisih
BJBR,2022-03-04,Harga Selisih
BJBR,2022-03-07,Harga Selisih
BJBR,2022-03-08,Harga Selisih
BJBR,2022-03-09,Harga Selisih
BJBR,2022-03-10,Harga Selisih
BJBR,2022-03-11,Harga Selisih
BJBR,2022-03-14,Harga Selisih
BJBR,2022-03-15,Harga Selisih
BJBR,2022-03-16,Harga Selisih
BJBR,2022-03-17,Harga Selisih
BJBR,2022-03-18,Harga Selisih
BJBR,2022-03-21,Harga Selisih
BJBR,2022-03-22,Harga Selisih
BJBR,2022-03-23,Harga Selisih
BJBR,2022-03-24,Harga Selisih
BJBR,2022-03-25,Harga Selisih
BJBR,2022-03-28,Harga Selisih
BJBR,2022-03-29,Harga Selisih
BJBR,2022-03-30,Harga Selisih
BJBR,2022-03-31,Harga Selisih
BJBR,2022-04-01,Harga Selisih
BJBR,2022-04-04,Harga Selisih
BJBR,2022-04-05,Harga Selisih
BJBR,2022-04-06,Harga Selisih
BJBR,2022-04-07,Harga Selisih
BJBR,2022-04-08,Harga Selisih
BJBR,2022-04-11,Harga Selisih
BJBR,2022-04-12,Harga Selisih
BJBR,2022-04-13,Harga Selisih
BJBR,2022-04-14,Harga Selisih
BJBR,2022-04-18,Harga Selisih
BJBR,2022-04-19,Harga Selisih
BJBR,2022-04-20,Harga Selisih
BJBR,2022-04-21,Harga Selisih
BJBR,2022-04-22,Harga Selisih
BJBR,2022-04-25,Harga Selisih
BJBR,2022-04-26,Harga Selisih
BJBR,2022-04-27,Harga Selisih
BJBR,2022-04-28,Harga Selisih
BJBR,2022-05-09,Harga Selisih
BJBR,2022-05-10,Harga Selisih
BJBR,2022-05-11,Harga Selisih
BJBR,2022-05-12,Harga Selisih
BJBR,2022-05-13,Harga Selisih
BJBR,2022-05-17,Harga Selisih
BJBR,2022-05-18,Harga Selisih
BJBR,2022-05-19,Harga Selisih
BJBR,2022-05-20,Harga Selisih
BJBR,2022-05-23,Harga Selisih
BJBR,2022-05-24,Harga Selisih
BJBR,2022-05-25,Harga Selisih
BJBR,2022-05-27,Harga Selisih
BJBR,2022-05-30,Harga Selisih
BJBR,2022-05-31,Harga Selisih
BJBR,2022-06-02,Harga Selisih
BJBR,2022-06-03,Harga Selisih
BJBR,2022-06-06,Harga Selisih
BJBR,2022-06-07,Harga Selisih
BJBR,2022-06-08,Harga Selisih
BJBR,2022-06-09,Harga Selisih
BJBR,2022-06-10,Harga Selisih
BJBR,2022-06-13,Harga Selisih
BJBR,2022-06-14,Harga Selisih
BJBR,2022-06-15,Harga Selisih
BJBR,2022-06-16,Harga Selisih
BJBR,2022-06-17,Harga Selisih
BJBR,2022-06-20,Harga Selisih
BJBR,2022-06-21,Harga Selisih
BJBR,2022-06-22,Harga Selisih
BJBR,2022-06-23,Harga Selisih
BJBR,2022-06-24,Harga Selisih
BJBR,2022-06-27,Harga Selisih
BJBR,2022-06-28,Harga Selisih
BJBR,2022-06-29,Harga Selisih
BJBR,2022-06-30,Harga Selisih
BJBR,2022-07-01,Harga Selisih
BJBR,2022-07-04,Harga Selisih
BJBR,2022-07-05,Harga Selisih
BJBR,2022-07-06,Harga Selisih
BJBR,2022-07-07,Harga Selisih
BJBR,2022-07-08,Harga Selisih
BJBR,2022-07-11,Harga Selisih
BJBR,2022-07-12,Harga Selisih
BJBR,2022-07-13,Harga Selisih
BJBR,2022-07-14,Harga Selisih
BJBR,2022-07-15,Harga Selisih
BJBR,2022-07-18,Harga Selisih
BJBR,2022-07-19,Harga Selisih
BJBR,2022-07-20,Harga Selisih
BJBR,2022-07-21,Harga Selisih
BJBR,2022-07-22,Harga Selisih
BJBR,2022-07-25,Harga Selisih
BJBR,2022-07-26,Harga Selisih
BJBR,2022-07-27,Harga Selisih
BJBR,2022-07-28,Harga Selisih
BJBR,2022-07-29,Harga Selisih
BJBR,2022-08-01,Harga Selisih
BJBR,2022-08-02,Harga Selisih
BJBR,2022-08-03,Harga Selisih
BJBR,2022-08-04,Harga Selisih
BJBR,2022-08-05,Harga Selisih
BJBR,2022-08-08,Harga Selisih
BJBR,2022-08-09,Harga Selisih
BJBR,2022-08-10,Harga Selisih
BJBR,2022-08-11,Harga Selisih
BJBR,2022-08-12,Harga Selisih
BJBR,2022-08-15,Harga Selisih
BJBR,2022-08-16,Harga Selisih
BJBR,2022-08-18,Harga Selisih
BJBR,2022-08-19,Harga Selisih
BJBR,2022-08-22,Harga Selisih
BJBR,2022-08-23,Harga Selisih
BJBR,2022-08-24,Harga Selisih
BJBR,2022-08-25,Harga Selisih
BJBR,2022-08-26,Harga Selisih
BJBR,2022-08-29,Harga Selisih
BJBR,2022-08-30,Harga Selisih
BJBR,2022-08-31,Harga Selisih
BJBR,2022-09-01,Harga Selisih
BJBR,2022-09-02,Harga Selisih
BJBR,2022-09-05,Harga Selisih
BJBR,2022-09-06,Harga Selisih
BJBR,2022-09-07,Harga Selisih
BJBR,2022-09-08,Harga Selisih
BJBR,2022-09-09,Harga Selisih
BJBR,2022-09-12,Harga Selisih
BJBR,2022-09-13,Harga Selisih
BJBR,2022-09-14,Harga Selisih
BJBR,2022-09-15,Harga Selisih
BJBR,2022-09-16,Harga Selisih
BJBR,2022-09-19,Harga Selisih
BJBR,2022-09-20,Harga Selisih
BJBR,2022-09-21,Harga Selisih
BJBR,2022-09-22,Harga Selisih
BJBR,2022-09-23,Harga Selisih
BJBR,2022-09-26,Harga Selisih
BJBR,2022-09-27,Harga Selisih
BJBR,2022-09-28,Harga Selisih
BJBR,2022-09-29,Harga Selisih
BJBR,2022-09-30,Harga Selisih
BJBR,2022-10-03,Harga Selisih
BJBR,2022-10-04,Harga Selisih
BJBR,2022-10-05,Harga Selisih
BJBR,2022-10-06,Harga Selisih
BJBR,2022-10-07,Harga Selisih
BJBR,2022-10-10,Harga Selisih
BJBR,2022-10-11,Harga Selisih
BJBR,2022-10-12,Harga Selisih
BJBR,2022-10-13,Harga Selisih
BJBR,2022-10-14,Harga Selisih
BJBR,2022-10-17,Harga Selisih
BJBR,2022-10-18,Harga Selisih
BJBR,2022-10-19,Harga Selisih
BJBR,2022-10-20,Harga Selisih
BJBR,2022-10-21,Harga Selisih
BJBR,2022-10-24,Harga Selisih
BJBR,2022-10-25,Harga Selisih
BJBR,2022-10-26,Harga Selisih
BJBR,2022-10-27,Harga Selisih
BJBR,2022-10-28,Harga Selisih
BJBR,2022-10-31,Harga Selisih
BJBR,2022-11-01,Harga Selisih
BJBR,2022-11-02,Harga Selisih
BJBR,2022-11-03,Harga Selisih
BJBR,2022-11-04,Harga Selisih
BJBR,2022-11-07,Harga Selisih
BJBR,2022-11-08,Harga Selisih
BJBR,2022-11-09,Harga Selisih
BJBR,2022-11-10,Harga Selisih
BJBR,2022-11-11,Harga Selisih
BJBR,2022-11-14,Harga Selisih
BJBR,2022-11-15,Harga Selisih
BJBR,2022-11-16,Harga Selisih
BJBR,2022-11-17,Harga Selisih
BJBR,2022-11-18,Harga Selisih
BJBR,2022-11-21,Harga Selisih
BJBR,2022-11-22,Harga Selisih
BJBR,2022-11-23,Harga Selisih
BJBR,2022-11-24,Harga Selisih
BJBR,2022-11-25,Harga Selisih
BJBR,2022-11-28,Harga Selisih
BJBR,2022-11-29,Harga Selisih
BJBR,2022-11-30,Harga Selisih
BJBR,2022-12-01,Harga Selisih
BJBR,2022-12-02,Harga Selisih
BJBR,2022-12-05,Harga Selisih
BJBR,2022-12-06,Harga Selisih
BJBR,2022-12-07,Harga Selisih
BJBR,2022-12-08,Harga Selisih
BJBR,2022-12-09,Harga Selisih
BJBR,2022-12-12,Harga Selisih
BJBR,2022-12-13,Harga Selisih
BJBR,2022-12-14,Harga Selisih
BJBR,2022-12-15,Harga Selisih
BJBR,2022-12-16,Harga Selisih
BJBR,2022-12-19,Harga Selisih
BJBR,2022-12-20,Harga Selisih
BJBR,2022-12-21,Harga Selisih
BJBR,2022-12-22,Harga Selisih
BJBR,2022-12-23,Harga Selisih
BJBR,2022-12-26,Harga Selisih
BJBR,2022-12-27,Harga Selisih
BJBR,2022-12-28,Harga Selisih
BJBR,2022-12-29,Harga Selisih
BJBR,2022-12-30,Harga Selisih
BJBR,2023-01-02,Harga Selisih
BJBR,2023-01-03,Harga Selisih
BJBR,2023-01-04,Harga Selisih
BJBR,2023-01-05,Harga Selisih
BJBR,2023-01-06,Harga Selisih
BJBR,2023-01-09,Harga Selisih
BJBR,2023-01-10,Harga Selisih
BJBR,2023-01-11,Harga Selisih
BJBR,2023-01-12,Harga Selisih
BJBR,2023-01-13,Harga Selisih
BJBR,2023-01-16,Harga Selisih
BJBR,2023-01-17,Harga Selisih
BJBR,2023-01-18,Harga Selisih
BJBR,2023-01-19,Harga Selisih
BJBR,2023-01-20,Harga Selisih
BJBR,2023-01-24,Harga Selisih
BJBR,2023-01-25,Harga Selisih
BJBR,2023-01-26,Harga Selisih
BJBR,2023-01-27,Harga Selisih
BJBR,2023-01-30,Harga Selisih
BJBR,2023-01-31,Harga Selisih
BJBR,2023-02-01,Harga Selisih
BJBR,2023-02-02,Harga Selisih
BJBR,2023-02-03,Harga Selisih
BJBR,2023-02-06,Harga Selisih
BJBR,2023-02-07,Harga Selisih
BJBR,2023-02-08,Harga Selisih
BJBR,2023-02-09,Harga Selisih
BJBR,2023-02-10,Harga Selisih
BJBR,2023-02-13,Harga Selisih
BJBR,2023-02-14,Harga Selisih
BJBR,2023-02-15,Harga Selisih
BJBR,2023-02-16,Harga Selisih
BJBR,2023-02-17,Harga Selisih
BJBR,2023-02-20,Harga Selisih
BJBR,2023-02-21,Harga Selisih
BJBR,2023-02-22,Harga Selisih
BJBR,2023-02-23,Harga Selisih
BJBR,2023-02-24,Harga Selisih
BJBR,2023-02-27,Harga Selisih
BJBR,2023-02-28,Harga Selisih
BJBR,2023-03-01,Harga Selisih
BJBR,2023-03-02,Harga Selisih
BJBR,2023-03-03,Harga Selisih
BJBR,2023-03-06,Harga Selisih
BJBR,2023-03-07,Harga Selisih
BJBR,2023-03-08,Harga Selisih
BJBR,2023-03-09,Harga Selisih
BJBR,2023-03-10,Harga Selisih
BJBR,2023-03-13,Harga Selisih
BJBR,2023-03-14,Harga Selisih
BJBR,2023-03-15,Harga Selisih
BJBR,2023-03-16,Harga Selisih
BJBR,2023-03-17,Harga Selisih
BJBR,2023-03-20,Harga Selisih
BJBR,2023-03-21,Harga Selisih
BJBR,2023-03-24,Harga Selisih
BJBR,2023-03-27,Harga Selisih
BJBR,2023-03-28,Harga Selisih
BJBR,2023-03-29,Harga Selisih
BJBR,2023-03-30,Harga Selisih
BJBR,2023-03-31,Harga Selisih
BJBR,2023-04-03,Harga Selisih
BJBR,2023-04-04,Harga Selisih
BJBR,2023-04-05,Harga Selisih
BJBR,2023-04-06,Harga Selisih
BJBR,2023-04-10,Harga Selisih
BJBR,2023-04-11,Harga Selisih
BJBR,2023-04-12,Harga Selisih
BJBR,2023-04-13,Harga Selisih
BJBR,2023-04-14,Harga Selisih
BJBR,2023-04-17,Harga Selisih
BJBR,2023-04-18,Harga Selisih
BJBR,2023-04-26,Harga Selisih
BJBR,2023-04-27,Harga Selisih
BJBR,2023-04-28,Harga Selisih
BJBR,2023-05-02,Harga Selisih
BJBR,2023-05-03,Harga Selisih
BJBR,2023-05-04,Harga Selisih
BJBR,2023-05-05,Harga Selisih
BJBR,2023-05-08,Harga Selisih
BJBR,2023-05-09,Harga Selisih
BJBR,2023-05-10,Harga Selisih
BJBR,2023-05-11,Harga Selisih
BJBR,2023-05-12,Harga Selisih
BJBR,2023-05-15,Harga Selisih
BJBR,2023-05-16,Harga Selisih
BJBR,2023-05-17,Harga Selisih
BJBR,2023-05-19,Harga Selisih
BJBR,2023-05-22,Harga Selisih
BJBR,2023-05-23,Harga Selisih
BJBR,2023-05-24,Harga Selisih
BJBR,2023-05-25,Harga Selisih
BJBR,2023-05-26,Harga Selisih
BJBR,2023-05-29,Harga Selisih
BJBR,2023-05-30,Harga Selisih
BJBR,2023-05-31,Harga Selisih
BJBR,2023-06-05,Harga Selisih
BJBR,2023-06-06,Harga Selisih
BJBR,2023-06-07,Harga Selisih
BJBR,2023-06-08,Harga Selisih
BJBR,2023-06-09,Harga Selisih
BJBR,2023-06-12,Harga Selisih
BJBR,2023-06-13,Harga Selisih
BJBR,2023-06-14,Harga Selisih
BJBR,2023-06-15,Harga Selisih
BJBR,2023-06-16,Harga Selisih
BJBR,2023-06-19,Harga Selisih
BJBR,2023-06-20,Harga Selisih
BJBR,2023-06-21,Harga Selisih
BJBR,2023-06-22,Harga Selisih
BJBR,2023-06-23,Harga Selisih
BJBR,2023-06-26,Harga Selisih
BJBR,2023-06-27,Harga Selisih
BJBR,2023-07-03,Harga Selisih
BJBR,2023-07-04,Harga Selisih
BJBR,2023-07-05,Harga Selisih
BJBR,2023-07-06,Harga Selisih
BJBR,2023-07-07,Harga Selisih
BJBR,2023-07-10,Harga Selisih
BJBR,2023-07-11,Harga Selisih
BJBR,2023-07-12,Harga Selisih
BJBR,2023-07-13,Harga Selisih
BJBR,2023-07-14,Harga Selisih
BJBR,2023-07-17,Harga Selisih
BJBR,2023-07-18,Harga Selisih
BJBR,2023-07-20,Harga Selisih
BJBR,2023-07-21,Harga Selisih
BJBR,2023-07-24,Harga Selisih
BJBR,2023-07-25,Harga Selisih
BJBR,2023-07-26,Harga Selisih
BJBR,2023-07-27,Harga Selisih
BJBR,2023-07-28,Harga Selisih
BJBR,2023-07-31,Harga Selisih
BJBR,2023-08-01,Harga Selisih
BJBR,2023-08-02,Harga Selisih
BJBR,2023-08-03,Harga Selisih
BJBR,2023-08-04,Harga Selisih
BJBR,2023-08-07,Harga Selisih
BJBR,2023-08-08,Harga Selisih
BJBR,2023-08-09,Harga Selisih
BJBR,2023-08-10,Harga Selisih
BJBR,2023-08-11,Harga Selisih
BJBR,2023-08-14,Harga Selisih
BJBR,2023-08-15,Harga Selisih
BJBR,2023-08-16,Harga Selisih
BJBR,2023-08-18,Harga Selisih
BJBR,2023-08-21,Harga Selisih
BJBR,2023-08-22,Harga Selisih
BJBR,2023-08-23,Harga Selisih
BJBR,2023-08-24,Harga Selisih
BJBR,2023-08-25,Harga Selisih
BJBR,2023-08-28,Harga Selisih
BJBR,2023-08-29,Harga Selisih
BJBR,2023-08-30,Harga Selisih
BJBR,2023-08-31,Harga Selisih
BJBR,2023-09-01,Harga Selisih
BJBR,2023-09-04,Harga Selisih
BJBR,2023-09-05,Harga Selisih
BJBR,2023-09-06,Harga Selisih
BJBR,2023-09-07,Harga Selisih
BJBR,2023-09-08,Harga Selisih
BJBR,2023-09-11,Harga Selisih
BJBR,2023-09-12,Harga Selisih
BJBR,2023-09-13,Harga Selisih
BJBR,2023-09-14,Harga Selisih
BJBR,2023-09-15,Harga Selisih
BJBR,2023-09-18,Harga Selisih
BJBR,2023-09-19,Harga Selisih
BJBR,2023-09-20,Harga Selisih
BJBR,2023-09-21,Harga Selisih
BJBR,2023-09-22,Harga Selisih
BJBR,2023-09-25,Harga Selisih
BJBR,2023-09-26,Harga Selisih
BJBR,2023-09-27,Harga Selisih
BJBR,2023-09-29,Harga Selisih
BJBR,2023-10-02,Harga Selisih
BJBR,2023-10-03,Harga Selisih
BJBR,2023-10-04,Harga Selisih
BJBR,2023-10-05,Harga Selisih
BJBR,2023-10-06,Harga Selisih
BJBR,2023-10-09,Harga Selisih
BJBR,2023-10-10,Harga Selisih
BJBR,2023-10-11,Harga Selisih
BJBR,2023-10-12,Harga Selisih
BJBR,2023-10-13,Harga Selisih
BJBR,2023-10-16,Harga Selisih
BJBR,2023-10-17,Harga Selisih
BJBR,2023-10-18,Harga Selisih
BJBR,2023-10-19,Harga Selisih
BJBR,2023-10-20,Harga Selisih
BJBR,2023-10-23,Harga Selisih
BJBR,2023-10-24,Harga Selisih
BJBR,2023-10-25,Harga Selisih
BJBR,2023-10-26,Harga Selisih
BJBR,2023-10-27,Harga Selisih
BJBR,2023-10-30,Harga Selisih
BJBR,2023-10-31,Harga Selisih
BJBR,2023-11-01,Harga Selisih
BJBR,2023-11-02,Harga Selisih
BJBR,2023-11-03,Harga Selisih
BJBR,2023-11-06,Harga Selisih
BJBR,2023-11-07,Harga Selisih
BJBR,2023-11-08,Harga Selisih
BJBR,2023-11-09,Harga Selisih
BJBR,2023-11-10,Harga Selisih
BJBR,2023-11-13,Harga Selisih
BJBR,2023-11-14,Harga Selisih
BJBR,2023-11-15,Harga Selisih
BJBR,2023-11-16,Harga Selisih
BJBR,2023-11-17,Harga Selisih
BJBR,2023-11-20,Harga Selisih
BJBR,2023-11-21,Harga Selisih
BJBR,2023-11-22,Harga Selisih
BJBR,2023-11-23,Harga Selisih
BJBR,2023-11-24,Harga Selisih
BJBR,2023-11-27,Harga Selisih
BJBR,2023-11-28,Harga Selisih
BJBR,2023-11-29,Harga Selisih
BJBR,2023-11-30,Harga Selisih
BJBR,2023-12-01,Harga Selisih
BJBR,2023-12-04,Harga Selisih
BJBR,2023-12-05,Harga Selisih
BJBR,2023-12-06,Harga Selisih
BJBR,2023-12-07,Harga Selisih
BJBR,2023-12-08,Harga Selisih
BJBR,2023-12-11,Harga Selisih
BJBR,2023-12-12,Harga Selisih
BJBR,2023-12-13,Harga Selisih
BJBR,2023-12-14,Harga Selisih
BJBR,2023-12-15,Harga Selisih
BJBR,2023-12-18,Harga Selisih
BJBR,2023-12-19,Harga Selisih
BJBR,2023-12-20,Harga Selisih
BJBR,2023-12-21,Harga Selisih
BJBR,2023-12-22,Harga Selisih
BJTM,2019-12-26,Harga Selisih
BJTM,2019-12-27,Harga Selisih
BJTM,2019-12-30,Harga Selisih
BJTM,2020-01-02,Harga Selisih
BJTM,2020-01-03,Harga Selisih
BJTM,2020-01-06,Harga Selisih
BJTM,2020-01-07,Harga Selisih
BJTM,2020-01-08,Harga Selisih
BJTM,2020-01-09,Harga Selisih
BJTM,2020-01-10,Harga Selisih
BJTM,2020-01-13,Harga Selisih
BJTM,2020-01-14,Harga Selisih
BJTM,2020-01-15,Harga Selisih
BJTM,2020-01-16,Harga Selisih
BJTM,2020-01-17,Harga Selisih
BJTM,2020-01-20,Harga Selisih
BJTM,2020-01-21,Harga Selisih
BJTM,2020-01-22,Harga Selisih
BJTM,2020-01-23,Harga Selisih
BJTM,2020-01-24,Harga Selisih
BJTM,2020-01-27,Harga Selisih
BJTM,2020-01-28,Harga Selisih
BJTM,2020-01-29,Harga Selisih
BJTM,2020-01-30,Harga Selisih
BJTM,2020-01-31,Harga Selisih
BJTM,2020-02-03,Harga Selisih
BJTM,2020-02-04,Harga Selisih
BJTM,2020-02-05,Harga Selisih
BJTM,2020-02-06,Harga Selisih
BJTM,2020-02-07,Harga Selisih
BJTM,2020-02-10,Harga Selisih
BJTM,2020-02-11,Harga Selisih
BJTM,2020-02-12,Harga Selisih
BJTM,2020-02-13,Harga Selisih
BJTM,2020-02-14,Harga Selisih
BJTM,2020-02-17,Harga Selisih
BJTM,2020-02-18,Harga Selisih
BJTM,2020-02-19,Harga Selisih
BJTM,2020-02-20,Harga Selisih
BJTM,2020-02-21,Harga Selisih
BJTM,2020-02-24,Harga Selisih
BJTM,2020-02-25,Harga Selisih
BJTM,2020-02-26,Harga Selisih
BJTM,2020-02-27,Harga Selisih
BJTM,2020-02-28,Harga Selisih
BJTM,2020-03-02,Harga Selisih
BJTM,2020-03-03,Harga Selisih
BJTM,2020-03-04,Harga Selisih
BJTM,2020-03-05,Harga Selisih
BJTM,2020-03-06,Harga Selisih
BJTM,2020-03-09,Harga Selisih
BJTM,2020-03-10,Harga Selisih
BJTM,2020-03-11,Harga Selisih
BJTM,2020-03-12,Harga Selisih
BJTM,2020-03-13,Harga Selisih
BJTM,2020-03-16,Harga Selisih
BJTM,2020-03-17,Harga Selisih
BJTM,2020-03-18,Harga Selisih
BJTM,2020-03-19,Harga Selisih
BJTM,2020-03-20,Harga Selisih
BJTM,2020-03-23,Harga Selisih
BJTM,2020-03-24,Harga Selisih
BJTM,2020-03-26,Harga Selisih
BJTM,2020-03-27,Harga Selisih
BJTM,2020-03-30,Harga Selisih
BJTM,2020-03-31,Harga Selisih
BJTM,2020-04-01,Harga Selisih
BJTM,2020-04-02,Harga Selisih
BJTM,2020-04-03,Harga Selisih
BJTM,2020-04-06,Harga Selisih
BJTM,2020-04-07,Harga Selisih
BJTM,2020-04-08,Harga Selisih
BJTM,2020-04-09,Harga Selisih
BJTM,2020-04-13,Harga Selisih
BJTM,2020-04-14,Harga Selisih
BJTM,2020-04-15,Harga Selisih
BJTM,2020-04-16,Harga Selisih
BJTM,2020-04-17,Harga Selisih
BJTM,2020-04-20,Harga Selisih
BJTM,2020-04-21,Harga Selisih
BJTM,2020-04-22,Harga Selisih
BJTM,2020-04-23,Harga Selisih
BJTM,2020-04-24,Harga Selisih
BJTM,2020-04-27,Harga Selisih
BJTM,2020-04-28,Harga Selisih
BJTM,2020-04-29,Harga Selisih
BJTM,2020-04-30,Harga Selisih
BJTM,2020-05-04,Harga Selisih
BJTM,2020-05-05,Harga Selisih
BJTM,2020-05-06,Harga Selisih
BJTM,2020-05-08,Harga Selisih
BJTM,2020-05-11,Harga Selisih
BJTM,2020-05-12,Harga Selisih
BJTM,2020-05-13,Harga Selisih
BJTM,2020-05-14,Harga Selisih
BJTM,2020-05-15,Harga Selisih
BJTM,2020-05-18,Harga Selisih
BJTM,2020-05-19,Harga Selisih
BJTM,2020-05-20,Harga Selisih
BJTM,2020-05-26,Harga Selisih
BJTM,2020-05-27,Harga Selisih
BJTM,2020-05-28,Harga Selisih
BJTM,2020-05-29,Harga Selisih
BJTM,2020-06-02,Harga Selisih
BJTM,2020-06-03,Harga Selisih
BJTM,2020-06-04,Harga Selisih
BJTM,2020-06-05,Harga Selisih
BJTM,2020-06-08,Harga Selisih
BJTM,2020-06-09,Harga Selisih
BJTM,2020-06-10,Harga Selisih
BJTM,2020-06-11,Harga Selisih
BJTM,2020-06-12,Harga Selisih
BJTM,2020-06-15,Harga Selisih
BJTM,2020-06-16,Harga Selisih
BJTM,2020-06-17,Harga Selisih
BJTM,2020-06-18,Harga Selisih
BJTM,2020-06-19,Harga Selisih
BJTM,2020-06-22,Harga Selisih
BJTM,2020-06-23,Harga Selisih
BJTM,2020-06-24,Harga Selisih
BJTM,2020-06-25,Harga Selisih
BJTM,2020-06-26,Harga Selisih
BJTM,2020-06-29,Harga Selisih
BJTM,2020-06-30,Harga Selisih
BJTM,2020-07-01,Harga Selisih
BJTM,2020-07-02,Harga Selisih
BJTM,2020-07-03,Harga Selisih
BJTM,2020-07-06,Harga Selisih
BJTM,2020-07-07,Harga Selisih
BJTM,2020-07-08,Harga Selisih
BJTM,2020-07-09,Harga Selisih
BJTM,2020-07-10,Harga Selisih
BJTM,2020-07-13,Harga Selisih
BJTM,2020-07-14,Harga Selisih
BJTM,2020-07-15,Harga Selisih
BJTM,2020-07-16,Harga Selisih
BJTM,2020-07-17,Harga Selisih
BJTM,2020-07-20,Harga Selisih
BJTM,2020-07-21,Harga Selisih
BJTM,2020-07-22,Harga Selisih
BJTM,2020-07-23,Harga Selisih
BJTM,2020-07-24,Harga Selisih
BJTM,2020-07-27,Harga Selisih
BJTM,2020-07-28,Harga Selisih
BJTM,2020-07-29,Harga Selisih
BJTM,2020-07-30,Harga Selisih
BJTM,2020-08-03,Harga Selisih
BJTM,2020-08-04,Harga Selisih
BJTM,2020-08-05,Harga Selisih
BJTM,2020-08-06,Harga Selisih
BJTM,2020-08-07,Harga Selisih
BJTM,2020-08-10,Harga Selisih
BJTM,2020-08-11,Harga Selisih
BJTM,2020-08-12,Harga Selisih
BJTM,2020-08-13,Harga Selisih
BJTM,2020-08-14,Harga Selisih
BJTM,2020-08-18,Harga Selisih
BJTM,2020-08-19,Harga Selisih
BJTM,2020-08-24,Harga Selisih
BJTM,2020-08-25,Harga Selisih
BJTM,2020-08-26,Harga Selisih
BJTM,2020-08-27,Harga Selisih
BJTM,2020-08-28,Harga Selisih
BJTM,2020-08-31,Harga Selisih
BJTM,2020-09-01,Harga Selisih
BJTM,2020-09-02,Harga Selisih
BJTM,2020-09-03,Harga Selisih
BJTM,2020-09-04,Harga Selisih
BJTM,2020-09-07,Harga Selisih
BJTM,2020-09-08,Harga Selisih
BJTM,2020-09-09,Harga Selisih
BJTM,2020-09-10,Harga Selisih
BJTM,2020-09-11,Harga Selisih
BJTM,2020-09-14,Harga Selisih
BJTM,2020-09-15,Harga Selisih
BJTM,2020-09-16,Harga Selisih
BJTM,2020-09-17,Harga Selisih
BJTM,2020-09-18,Harga Selisih
BJTM,2020-09-21,Harga Selisih
BJTM,2020-09-22,Harga Selisih
BJTM,2020-09-23,Harga Selisih
BJTM,2020-09-24,Harga Selisih
BJTM,2020-09-25,Harga Selisih
BJTM,2020-09-28,Harga Selisih
BJTM,2020-09-29,Harga Selisih
BJTM,2020-09-30,Harga Selisih
BJTM,2020-10-01,Harga Selisih
BJTM,2020-10-02,Harga Selisih
BJTM,2020-10-05,Harga Selisih
BJTM,2020-10-06,Harga Selisih
BJTM,2020-10-07,Harga Selisih
BJTM,2020-10-08,Harga Selisih
BJTM,2020-10-09,Harga Selisih
BJTM,2020-10-12,Harga Selisih
BJTM,2020-10-13,Harga Selisih
BJTM,2020-10-14,Harga Selisih
BJTM,2020-10-15,Harga Selisih
BJTM,2020-10-16,Harga Selisih
BJTM,2020-10-19,Harga Selisih
BJTM,2020-10-20,Harga Selisih
BJTM,2020-10-21,Harga Selisih
BJTM,2020-10-22,Harga Selisih
BJTM,2020-10-23,Harga Selisih
BJTM,2020-10-26,Harga Selisih
BJTM,2020-10-27,Harga Selisih
BJTM,2020-11-02,Harga Selisih
BJTM,2020-11-03,Harga Selisih
BJTM,2020-11-04,Harga Selisih
BJTM,2020-11-05,Harga Selisih
BJTM,2020-11-06,Harga Selisih
BJTM,2020-11-09,Harga Selisih
BJTM,2020-11-10,Harga Selisih
BJTM,2020-11-11,Harga Selisih
BJTM,2020-11-12,Harga Selisih
BJTM,2020-11-13,Harga Selisih
BJTM,2020-11-16,Harga Selisih
BJTM,2020-11-17,Harga Selisih
BJTM,2020-11-18,Harga Selisih
BJTM,2020-11-19,Harga Selisih
BJTM,2020-11-20,Harga Selisih
BJTM,2020-11-23,Harga Selisih
BJTM,2020-11-24,Harga Selisih
BJTM,2020-11-25,Harga Selisih
BJTM,2020-11-26,Harga Selisih
BJTM,2020-11-27,Harga Selisih
BJTM,2020-11-30,Harga Selisih
BJTM,2020-12-01,Harga Selisih
BJTM,2020-12-02,Harga Selisih
BJTM,2020-12-03,Harga Selisih
BJTM,2020-12-04,Harga Selisih
BJTM,2020-12-07,Harga Selisih
BJTM,2020-12-08,Harga Selisih
BJTM,2020-12-10,Harga Selisih
BJTM,2020-12-11,Harga Selisih
BJTM,2020-12-14,Harga Selisih
BJTM,2020-12-15,Harga Selisih
BJTM,2020-12-16,Harga Selisih
BJTM,2020-12-17,Harga Selisih
BJTM,2020-12-18,Harga Selisih
BJTM,2020-12-21,Harga Selisih
BJTM,2020-12-22,Harga Selisih
BJTM,2020-12-23,Harga Selisih
BJTM,2020-12-28,Harga Selisih
BJTM,2020-12-29,Harga Selisih
BJTM,2020-12-30,Harga Selisih
BJTM,2021-01-04,Harga Selisih
BJTM,2021-01-05,Harga Selisih
BJTM,2021-01-06,Harga Selisih
BJTM,2021-01-07,Harga Selisih
BJTM,2021-01-08,Harga Selisih
BJTM,2021-01-11,Harga Selisih
BJTM,2021-01-12,Harga Selisih
BJTM,2021-01-13,Harga Selisih
BJTM,2021-01-14,Harga Selisih
BJTM,2021-01-15,Harga Selisih
BJTM,2021-01-18,Harga Selisih
BJTM,2021-01-19,Harga Selisih
BJTM,2021-01-20,Harga Selisih
BJTM,2021-01-21,Harga Selisih
BJTM,2021-01-22,Harga Selisih
BJTM,2021-01-25,Harga Selisih
BJTM,2021-01-26,Harga Selisih
BJTM,2021-01-27,Harga Selisih
BJTM,2021-01-28,Harga Selisih
BJTM,2021-01-29,Harga Selisih
BJTM,2021-02-01,Harga Selisih
BJTM,2021-02-02,Harga Selisih
BJTM,2021-02-03,Harga Selisih
BJTM,2021-02-04,Harga Selisih
BJTM,2021-02-05,Harga Selisih
BJTM,2021-02-08,Harga Selisih
BJTM,2021-02-09,Harga Selisih
BJTM,2021-02-10,Harga Selisih
BJTM,2021-02-11,Harga Selisih
BJTM,2021-02-15,Harga Selisih
BJTM,2021-02-16,Harga Selisih
BJTM,2021-02-17,Harga Selisih
BJTM,2021-02-18,Harga Selisih
BJTM,2021-02-19,Harga Selisih
BJTM,2021-02-22,Harga Selisih
BJTM,2021-02-23,Harga Selisih
BJTM,2021-02-24,Harga Selisih
BJTM,2021-02-25,Harga Selisih
BJTM,2021-02-26,Harga Selisih
BJTM,2021-03-01,Harga Selisih
BJTM,2021-03-02,Harga Selisih
BJTM,2021-03-03,Harga Selisih
BJTM,2021-03-04,Harga Selisih
BJTM,2021-03-05,Harga Selisih
BJTM,2021-03-08,Harga Selisih
BJTM,2021-03-09,Harga Selisih
BJTM,2021-03-10,Harga Selisih
BJTM,2021-03-12,Harga Selisih
BJTM,2021-03-15,Harga Selisih
BJTM,2021-03-16,Harga Selisih
BJTM,2021-03-17,Harga Selisih
BJTM,2021-03-18,Harga Selisih
BJTM,2021-03-19,Harga Selisih
BJTM,2021-03-22,Harga Selisih
BJTM,2021-03-23,Harga Selisih
BJTM,2021-03-24,Harga Selisih
BJTM,2021-03-25,Harga Selisih
BJTM,2021-03-26,Harga Selisih
BJTM,2021-03-29,Harga Selisih
BJTM,2021-03-30,Harga Selisih
BJTM,2021-03-31,Harga Selisih
BJTM,2021-04-01,Harga Selisih
BJTM,2021-04-05,Harga Selisih
BJTM,2021-04-06,Harga Selisih
BJTM,2021-04-07,Harga Selisih
BJTM,2021-04-08,Harga Selisih
BJTM,2021-04-09,Harga Selisih
BJTM,2021-04-12,Harga Selisih
BJTM,2021-04-13,Harga Selisih
BJTM,2021-04-14,Harga Selisih
BJTM,2021-04-15,Harga Selisih
BJTM,2021-04-16,Harga Selisih
BJTM,2021-04-19,Harga Selisih
BJTM,2021-04-20,Harga Selisih
BJTM,2021-04-21,Harga Selisih
BJTM,2021-04-22,Harga Selisih
BJTM,2021-04-23,Harga Selisih
BJTM,2021-04-26,Harga Selisih
BJTM,2021-04-27,Harga Selisih
BJTM,2021-04-28,Harga Selisih
BJTM,2021-04-29,Harga Selisih
BJTM,2021-04-30,Harga Selisih
BJTM,2021-05-03,Harga Selisih
BJTM,2021-05-04,Harga Selisih
BJTM,2021-05-05,Harga Selisih
BJTM,2021-05-06,Harga Selisih
BJTM,2021-05-07,Harga Selisih
BJTM,2021-05-10,Harga Selisih
BJTM,2021-05-11,Harga Selisih
BJTM,2021-05-17,Harga Selisih
BJTM,2021-05-18,Harga Selisih
BJTM,2021-05-19,Harga Selisih
BJTM,2021-05-20,Harga Selisih
BJTM,2021-05-21,Harga Selisih
BJTM,2021-05-24,Harga Selisih
BJTM,2021-05-25,Harga Selisih
BJTM,2021-05-27,Harga Selisih
BJTM,2021-05-28,Harga Selisih
BJTM,2021-05-31,Harga Selisih
BJTM,2021-06-02,Harga Selisih
BJTM,2021-06-03,Harga Selisih
BJTM,2021-06-04,Harga Selisih
BJTM,2021-06-07,Harga Selisih
BJTM,2021-06-08,Harga Selisih
BJTM,2021-06-09,Harga Selisih
BJTM,2021-06-10,Harga Selisih
BJTM,2021-06-11,Harga Selisih
BJTM,2021-06-14,Harga Selisih
BJTM,2021-06-15,Harga Selisih
BJTM,2021-06-16,Harga Selisih
BJTM,2021-06-17,Harga Selisih
BJTM,2021-06-18,Harga Selisih
BJTM,2021-06-21,Harga Selisih
BJTM,2021-06-22,Harga Selisih
BJTM,2021-06-23,Harga Selisih
BJTM,2021-06-24,Harga Selisih
BJTM,2021-06-25,Harga Selisih
BJTM,2021-06-28,Harga Selisih
BJTM,2021-06-29,Harga Selisih
BJTM,2021-06-30,Harga Selisih
BJTM,2021-07-01,Harga Selisih
BJTM,2021-07-02,Harga Selisih
BJTM,2021-07-05,Harga Selisih
BJTM,2021-07-06,Harga Selisih
BJTM,2021-07-07,Harga Selisih
BJTM,2021-07-08,Harga Selisih
BJTM,2021-07-09,Harga Selisih
BJTM,2021-07-12,Harga Selisih
BJTM,2021-07-13,Harga Selisih
BJTM,2021-07-14,Harga Selisih
BJTM,2021-07-15,Harga Selisih
BJTM,2021-07-16,Harga Selisih
BJTM,2021-07-19,Harga Selisih
BJTM,2021-07-21,Harga Selisih
BJTM,2021-07-22,Harga Selisih
BJTM,2021-07-23,Harga Selisih
BJTM,2021-07-26,Harga Selisih
BJTM,2021-07-27,Harga Selisih
BJTM,2021-07-28,Harga Selisih
BJTM,2021-07-29,Harga Selisih
BJTM,2021-07-30,Harga Selisih
BJTM,2021-08-02,Harga Selisih
BJTM,2021-08-03,Harga Selisih
BJTM,2021-08-04,Harga Selisih
BJTM,2021-08-05,Harga Selisih
BJTM,2021-08-06,Harga Selisih
BJTM,2021-08-09,Harga Selisih
BJTM,2021-08-10,Harga Selisih
BJTM,2021-08-12,Harga Selisih
BJTM,2021-08-13,Harga Selisih
BJTM,2021-08-16,Harga Selisih
BJTM,2021-08-18,Harga Selisih
BJTM,2021-08-19,Harga Selisih
BJTM,2021-08-20,Harga Selisih
BJTM,2021-08-23,Harga Selisih
BJTM,2021-08-24,Harga Selisih
BJTM,2021-08-25,Harga Selisih
BJTM,2021-08-26,Harga Selisih
BJTM,2021-08-27,Harga Selisih
BJTM,2021-08-30,Harga Selisih
BJTM,2021-08-31,Harga Selisih
BJTM,2021-09-01,Harga Selisih
BJTM,2021-09-02,Harga Selisih
BJTM,2021-09-03,Harga Selisih
BJTM,2021-09-06,Harga Selisih
BJTM,2021-09-07,Harga Selisih
BJTM,2021-09-08,Harga Selisih
BJTM,2021-09-09,Harga Selisih
BJTM,2021-09-10,Harga Selisih
BJTM,2021-09-13,Harga Selisih
BJTM,2021-09-14,Harga Selisih
BJTM,2021-09-15,Harga Selisih
BJTM,2021-09-16,Harga Selisih
BJTM,2021-09-17,Harga Selisih
BJTM,2021-09-20,Harga Selisih
BJTM,2021-09-21,Harga Selisih
BJTM,2021-09-22,Harga Selisih
BJTM,2021-09-23,Harga Selisih
BJTM,2021-09-24,Harga Selisih
BJTM,2021-09-27,Harga Selisih
BJTM,2021-09-28,Harga Selisih
BJTM,2021-09-29,Harga Selisih
BJTM,2021-09-30,Harga Selisih
BJTM,2021-10-01,Harga Selisih
BJTM,2021-10-04,Harga Selisih
BJTM,2021-10-05,Harga Selisih
BJTM,2021-10-06,Harga Selisih
BJTM,2021-10-07,Harga Selisih
BJTM,2021-10-08,Harga Selisih
BJTM,2021-10-11,Harga Selisih
BJTM,2021-10-12,Harga Selisih
BJTM,2021-10-13,Harga Selisih
BJTM,2021-10-14,Harga Selisih
BJTM,2021-10-15,Harga Selisih
BJTM,2021-10-18,Harga Selisih
BJTM,2021-10-19,Harga Selisih
BJTM,2021-10-21,Harga Selisih
BJTM,2021-10-22,Harga Selisih
BJTM,2021-10-25,Harga Selisih
BJTM,2021-10-26,Harga Selisih
BJTM,2021-10-27,Harga Selisih
BJTM,2021-10-28,Harga Selisih
BJTM,2021-10-29,Harga Selisih
BJTM,2021-11-01,Harga Selisih
BJTM,2021-11-02,Harga Selisih
BJTM,2021-11-03,Harga Selisih
BJTM,2021-11-04,Harga Selisih
BJTM,2021-11-05,Harga Selisih
BJTM,2021-11-08,Harga Selisih
BJTM,2021-11-09,Harga Selisih
BJTM,2021-11-10,Harga Selisih
BJTM,2021-11-11,Harga Selisih
BJTM,2021-11-12,Harga Selisih
BJTM,2021-11-15,Harga Selisih
BJTM,2021-11-16,Harga Selisih
BJTM,2021-11-17,Harga Selisih
BJTM,2021-11-18,Harga Selisih
BJTM,2021-11-19,Harga Selisih
BJTM,2021-11-22,Harga Selisih
BJTM,2021-11-23,Harga Selisih
BJTM,2021-11-24,Harga Selisih
BJTM,2021-11-25,Harga Selisih
BJTM,2021-11-26,Harga Selisih
BJTM,2021-11-29,Harga Selisih
BJTM,2021-11-30,Harga Selisih
BJTM,2021-12-01,Harga Selisih
BJTM,2021-12-02,Harga Selisih
BJTM,2021-12-03,Harga Selisih
BJTM,2021-12-06,Harga Selisih
BJTM,2021-12-07,Harga Selisih
BJTM,2021-12-08,Harga Selisih
BJTM,2021-12-09,Harga Selisih
BJTM,2021-12-10,Harga Selisih
BJTM,2021-12-13,Harga Selisih
BJTM,2021-12-14,Harga Selisih
BJTM,2021-12-15,Harga Selisih
BJTM,2021-12-16,Harga Selisih
BJTM,2021-12-17,Harga Selisih
BJTM,2021-12-20,Harga Selisih
BJTM,2021-12-21,Harga Selisih
BJTM,2021-12-22,Harga Selisih
BJTM,2021-12-23,Harga Selisih
BJTM,2021-12-24,Harga Selisih
BJTM,2021-12-27,Harga Selisih
BJTM,2021-12-28,Harga Selisih
BJTM,2021-12-29,Harga Selisih
BJTM,2021-12-30,Harga Selisih
BJTM,2022-01-03,Harga Selisih
BJTM,2022-01-04,Harga Selisih
BJTM,2022-01-05,Harga Selisih
BJTM,2022-01-06,Harga Selisih
BJTM,2022-01-07,Harga Selisih
BJTM,2022-01-10,Harga Selisih
BJTM,2022-01-11,Harga Selisih
BJTM,2022-01-12,Harga Selisih
BJTM,2022-01-13,Harga Selisih
BJTM,2022-01-14,Harga Selisih
BJTM,2022-01-17,Harga Selisih
BJTM,2022-01-18,Harga Selisih
BJTM,2022-01-19,Harga Selisih
BJTM,2022-01-20,Harga Selisih
BJTM,2022-01-21,Harga Selisih
BJTM,2022-01-24,Harga Selisih
BJTM,2022-01-25,Harga Selisih
BJTM,2022-01-26,Harga Selisih
BJTM,2022-01-27,Harga Selisih
BJTM,2022-01-28,Harga Selisih
BJTM,2022-01-31,Harga Selisih
BJTM,2022-02-02,Harga Selisih
BJTM,2022-02-03,Harga Selisih
BJTM,2022-02-04,Harga Selisih
BJTM,2022-02-07,Harga Selisih
BJTM,2022-02-08,Harga Selisih
BJTM,2022-02-09,Harga Selisih
BJTM,2022-02-10,Harga Selisih
BJTM,2022-02-11,Harga Selisih
BJTM,2022-02-14,Harga Selisih
BJTM,2022-02-15,Harga Selisih
BJTM,2022-02-16,Harga Selisih
BJTM,2022-02-17,Harga Selisih
BJTM,2022-02-18,Harga Selisih
BJTM,2022-02-21,Harga Selisih
BJTM,2022-02-22,Harga Selisih
BJTM,2022-02-23,Harga Selisih
BJTM,2022-02-24,Harga Selisih
BJTM,2022-02-25,Harga Selisih
BJTM,2022-03-01,Harga Selisih
BJTM,2022-03-02,Harga Selisih
BJTM,2022-03-04,Harga Selisih
BJTM,2022-03-07,Harga Selisih
BJTM,2022-03-08,Harga Selisih
BJTM,2022-03-09,Harga Selisih
BJTM,2022-03-10,Harga Selisih
BJTM,2022-03-11,Harga Selisih
BJTM,2022-03-14,Harga Selisih
BJTM,2022-03-15,Harga Selisih
BJTM,2022-03-16,Harga Selisih
BJTM,2022-03-17,Harga Selisih
BJTM,2022-03-18,Harga Selisih
BJTM,2022-03-21,Harga Selisih
BJTM,2022-03-22,Harga Selisih
BJTM,2022-03-23,Harga Selisih
BJTM,2022-03-24,Harga Selisih
BJTM,2022-03-25,Harga Selisih
BJTM,2022-03-28,Harga Selisih
BJTM,2022-03-29,Harga Selisih
BJTM,2022-03-30,Harga Selisih
BJTM,2022-03-31,Harga Selisih
BJTM,2022-04-01,Harga Selisih
BJTM,2022-04-04,Harga Selisih
BJTM,2022-04-05,Harga Selisih
BJTM,2022-04-06,Harga Selisih
BJTM,2022-04-07,Harga Selisih
BJTM,2022-04-08,Harga Selisih
BJTM,2022-04-11,Harga Selisih
BJTM,2022-04-12,Harga Selisih
BJTM,2022-04-13,Harga Selisih
BJTM,2022-04-14,Harga Selisih
BJTM,2022-04-18,Harga Selisih
BJTM,2022-04-19,Harga Selisih
BJTM,2022-04-20,Harga Selisih
BJTM,2022-04-21,Harga Selisih
BJTM,2022-04-22,Harga Selisih
BJTM,2022-04-25,Harga Selisih
BJTM,2022-04-26,Harga Selisih
BJTM,2022-04-27,Harga Selisih
BJTM,2022-04-28,Harga Selisih
BJTM,2022-05-09,Harga Selisih
BJTM,2022-05-10,Harga Selisih
BJTM,2022-05-11,Harga Selisih
BJTM,2022-05-12,Harga Selisih
BJTM,2022-05-13,Harga Selisih
BJTM,2022-05-17,Harga Selisih
BJTM,2022-05-18,Harga Selisih
BJTM,2022-05-19,Harga Selisih
BJTM,2022-05-20,Harga Selisih
BJTM,2022-05-23,Harga Selisih
BJTM,2022-05-24,Harga Selisih
BJTM,2022-05-25,Harga Selisih
BJTM,2022-05-27,Harga Selisih
BJTM,2022-05-30,Harga Selisih
BJTM,2022-05-31,Harga Selisih
BJTM,2022-06-02,Harga Selisih
BJTM,2022-06-03,Harga Selisih
BJTM,2022-06-06,Harga Selisih
BJTM,2022-06-07,Harga Selisih
BJTM,2022-06-08,Harga Selisih
BJTM,2022-06-09,Harga Selisih
BJTM,2022-06-10,Harga Selisih
BJTM,2022-06-13,Harga Selisih
BJTM,2022-06-14,Harga Selisih
BJTM,2022-06-15,Harga Selisih
BJTM,2022-06-16,Harga Selisih
BJTM,2022-06-17,Harga Selisih
BJTM,2022-06-20,Harga Selisih
BJTM,2022-06-21,Harga Selisih
BJTM,2022-06-22,Harga Selisih
BJTM,2022-06-23,Harga Selisih
BJTM,2022-06-24,Harga Selisih
BJTM,2022-06-27,Harga Selisih
BJTM,2022-06-28,Harga Selisih
BJTM,2022-06-29,Harga Selisih
BJTM,2022-06-30,Harga Selisih
BJTM,2022-07-01,Harga Selisih
BJTM,2022-07-04,Harga Selisih
BJTM,2022-07-05,Harga Selisih
BJTM,2022-07-06,Harga Selisih
BJTM,2022-07-07,Harga Selisih
BJTM,2022-07-08,Harga Selisih
BJTM,2022-07-11,Harga Selisih
BJTM,2022-07-12,Harga Selisih
BJTM,2022-07-13,Harga Selisih
BJTM,2022-07-14,Harga Selisih
BJTM,2022-07-15,Harga Selisih
BJTM,2022-07-18,Harga Selisih
BJTM,2022-07-19,Harga Selisih
BJTM,2022-07-20,Harga Selisih
BJTM,2022-07-21,Harga Selisih
BJTM,2022-07-22,Harga Selisih
BJTM,2022-07-25,Harga Selisih
BJTM,2022-07-26,Harga Selisih
BJTM,2022-07-27,Harga Selisih
BJTM,2022-07-28,Harga Selisih
BJTM,2022-07-29,Harga Selisih
BJTM,2022-08-01,Harga Selisih
BJTM,2022-08-02,Harga Selisih
BJTM,2022-08-03,Harga Selisih
BJTM,2022-08-04,Harga Selisih
BJTM,2022-08-05,Harga Selisih
BJTM,2022-08-08,Harga Selisih
BJTM,2022-08-09,Harga Selisih
BJTM,2022-08-10,Harga Selisih
BJTM,2022-08-11,Harga Selisih
BJTM,2022-08-12,Harga Selisih
BJTM,2022-08-15,Harga Selisih
BJTM,2022-08-16,Harga Selisih
BJTM,2022-08-18,Harga Selisih
BJTM,2022-08-19,Harga Selisih
BJTM,2022-08-22,Harga Selisih
BJTM,2022-08-23,Harga Selisih
BJTM,2022-08-24,Harga Selisih
BJTM,2022-08-25,Harga Selisih
BJTM,2022-08-26,Harga Selisih
BJTM,2022-08-29,Harga Selisih
BJTM,2022-08-30,Harga Selisih
BJTM,2022-08-31,Harga Selisih
BJTM,2022-09-01,Harga Selisih
BJTM,2022-09-02,Harga Selisih
BJTM,2022-09-05,Harga Selisih
BJTM,2022-09-06,Harga Selisih
BJTM,2022-09-07,Harga Selisih
BJTM,2022-09-08,Harga Selisih
BJTM,2022-09-09,Harga Selisih
BJTM,2022-09-12,Harga Selisih
BJTM,2022-09-13,Harga Selisih
BJTM,2022-09-14,Harga Selisih
BJTM,2022-09-15,Harga Selisih
BJTM,2022-09-16,Harga Selisih
BJTM,2022-09-19,Harga Selisih
BJTM,2022-09-20,Harga Selisih
BJTM,2022-09-21,Harga Selisih
BJTM,2022-09-22,Harga Selisih
BJTM,2022-09-23,Harga Selisih
BJTM,2022-09-26,Harga Selisih
BJTM,2022-09-27,Harga Selisih
BJTM,2022-09-28,Harga Selisih
BJTM,2022-09-29,Harga Selisih
BJTM,2022-09-30,Harga Selisih
BJTM,2022-10-03,Harga Selisih
BJTM,2022-10-04,Harga Selisih
BJTM,2022-10-05,Harga Selisih
BJTM,2022-10-06,Harga Selisih
BJTM,2022-10-07,Harga Selisih
BJTM,2022-10-10,Harga Selisih
BJTM,2022-10-11,Harga Selisih
BJTM,2022-10-12,Harga Selisih
BJTM,2022-10-13,Harga Selisih
BJTM,2022-10-14,Harga Selisih
BJTM,2022-10-17,Harga Selisih
BJTM,2022-10-18,Harga Selisih
BJTM,2022-10-19,Harga Selisih
BJTM,2022-10-20,Harga Selisih
BJTM,2022-10-21,Harga Selisih
BJTM,2022-10-24,Harga Selisih
BJTM,2022-10-25,Harga Selisih
BJTM,2022-10-26,Harga Selisih
BJTM,2022-10-27,Harga Selisih
BJTM,2022-10-28,Harga Selisih
BJTM,2022-10-31,Harga Selisih
BJTM,2022-11-01,Harga Selisih
BJTM,2022-11-02,Harga Selisih
BJTM,2022-11-03,Harga Selisih
BJTM,2022-11-04,Harga Selisih
BJTM,2022-11-07,Harga Selisih
BJTM,2022-11-08,Harga Selisih
BJTM,2022-11-09,Harga Selisih
BJTM,2022-11-10,Harga Selisih
BJTM,2022-11-11,Harga Selisih
BJTM,2022-11-14,Harga Selisih
BJTM,2022-11-15,Harga Selisih
BJTM,2022-11-16,Harga Selisih
BJTM,2022-11-17,Harga Selisih
BJTM,2022-11-18,Harga Selisih
BJTM,2022-11-21,Harga Selisih
BJTM,2022-11-22,Harga Selisih
BJTM,2022-11-23,Harga Selisih
BJTM,2022-11-24,Harga Selisih
BJTM,2022-11-25,Harga Selisih
BJTM,2022-11-28,Harga Selisih
BJTM,2022-11-29,Harga Selisih
BJTM,2022-11-30,Harga Selisih
BJTM,2022-12-01,Harga Selisih
BJTM,2022-12-02,Harga Selisih
BJTM,2022-12-05,Harga Selisih
BJTM,2022-12-06,Harga Selisih
BJTM,2022-12-07,Harga Selisih
BJTM,2022-12-08,Harga Selisih
BJTM,2022-12-09,Harga Selisih
BJTM,2022-12-12,Harga Selisih
BJTM,2022-12-13,Harga Selisih
BJTM,2022-12-14,Harga Selisih
BJTM,2022-12-15,Harga Selisih
BJTM,2022-12-16,Harga Selisih
BJTM,2022-12-19,Harga Selisih
BJTM,2022-12-20,Harga Selisih
BJTM,2022-12-21,Harga Selisih
BJTM,2022-12-22,Harga Selisih
BJTM,2022-12-23,Harga Selisih
BJTM,2022-12-26,Harga Selisih
BJTM,2022-12-27,Harga Selisih
BJTM,2022-12-28,Harga Selisih
BJTM,2022-12-29,Harga Selisih
BJTM,2022-12-30,Harga Selisih
BJTM,2023-01-02,Harga Selisih
BJTM,2023-01-03,Harga Selisih
BJTM,2023-01-04,Harga Selisih
BJTM,2023-01-05,Harga Selisih
BJTM,2023-01-06,Harga Selisih
BJTM,2023-01-09,Harga Selisih
BJTM,2023-01-10,Harga Selisih
BJTM,2023-01-11,Harga Selisih
BJTM,2023-01-12,Harga Selisih
BJTM,2023-01-13,Harga Selisih
BJTM,2023-01-16,Harga Selisih
BJTM,2023-01-17,Harga Selisih
BJTM,2023-01-18,Harga Selisih
BJTM,2023-01-19,Harga Selisih
BJTM,2023-01-20,Harga Selisih
BJTM,2023-01-24,Harga Selisih
BJTM,2023-01-25,Harga Selisih
BJTM,2023-01-26,Harga Selisih
BJTM,2023-01-27,Harga Selisih
BJTM,2023-01-30,Harga Selisih
BJTM,2023-01-31,Harga Selisih
BJTM,2023-02-01,Harga Selisih
BJTM,2023-02-02,Harga Selisih
BJTM,2023-02-03,Harga Selisih
BJTM,2023-02-06,Harga Selisih
BJTM,2023-02-07,Harga Selisih
BJTM,2023-02-08,Harga Selisih
BJTM,2023-02-09,Harga Selisih
BJTM,2023-02-10,Harga Selisih
BJTM,2023-02-13,Harga Selisih
BJTM,2023-02-14,Harga Selisih
BJTM,2023-02-15,Harga Selisih
BJTM,2023-02-16,Harga Selisih
BJTM,2023-02-17,Harga Selisih
BJTM,2023-02-20,Harga Selisih
BJTM,2023-02-21,Harga Selisih
BJTM,2023-02-22,Harga Selisih
BJTM,2023-02-23,Harga Selisih
BJTM,2023-02-24,Harga Selisih
BJTM,2023-02-27,Harga Selisih
BJTM,2023-02-28,Harga Selisih
BJTM,2023-03-01,Harga Selisih
BJTM,2023-03-02,Harga Selisih
BJTM,2023-03-03,Harga Selisih
BJTM,2023-03-06,Harga Selisih
BJTM,2023-03-07,Harga Selisih
BJTM,2023-03-08,Harga Selisih
BJTM,2023-03-09,Harga Selisih
BJTM,2023-03-10,Harga Selisih
BJTM,2023-03-13,Harga Selisih
BJTM,2023-03-14,Harga Selisih
BJTM,2023-03-15,Harga Selisih
BJTM,2023-03-16,Harga Selisih
BJTM,2023-03-17,Harga Selisih
BJTM,2023-03-20,Harga Selisih
BJTM,2023-03-21,Harga Selisih
BJTM,2023-03-24,Harga Selisih
BJTM,2023-03-27,Harga Selisih
BJTM,2023-03-28,Harga Selisih
BJTM,2023-03-29,Harga Selisih
BJTM,2023-03-30,Harga Selisih
BJTM,2023-03-31,Harga Selisih
BJTM,2023-04-03,Harga Selisih
BJTM,2023-04-04,Harga Selisih
BJTM,2023-04-05,Harga Selisih
BJTM,2023-04-06,Harga Selisih
BJTM,2023-04-10,Harga Selisih
BJTM,2023-04-11,Harga Selisih
BJTM,2023-04-12,Harga Selisih
BJTM,2023-04-13,Harga Selisih
BJTM,2023-04-14,Harga Selisih
BJTM,2023-04-17,Harga Selisih
BJTM,2023-04-18,Harga Selisih
BJTM,2023-04-26,Harga Selisih
BJTM,2023-04-27,Harga Selisih
BJTM,2023-04-28,Harga Selisih
BJTM,2023-05-02,Harga Selisih
BJTM,2023-05-03,Harga Selisih
BJTM,2023-05-04,Harga Selisih
BJTM,2023-05-05,Harga Selisih
BJTM,2023-05-08,Harga Selisih
BJTM,2023-05-09,Harga Selisih
BJTM,2023-05-10,Harga Selisih
BJTM,2023-05-11,Harga Selisih
BJTM,2023-05-12,Harga Selisih
BJTM,2023-05-15,Harga Selisih
BJTM,2023-05-16,Harga Selisih
BJTM,2023-05-17,Harga Selisih
BJTM,2023-05-19,Harga Selisih
BJTM,2023-05-22,Harga Selisih
BJTM,2023-05-23,Harga Selisih
BJTM,2023-05-24,Harga Selisih
BJTM,2023-05-25,Harga Selisih
BJTM,2023-05-26,Harga Selisih
BJTM,2023-05-29,Harga Selisih
BJTM,2023-05-30,Harga Selisih
BJTM,2023-05-31,Harga Selisih
BJTM,2023-06-05,Harga Selisih
BJTM,2023-06-06,Harga Selisih
BJTM,2023-06-07,Harga Selisih
BJTM,2023-06-08,Harga Selisih
BJTM,2023-06-09,Harga Selisih
BJTM,2023-06-12,Harga Selisih
BJTM,2023-06-13,Harga Selisih
BJTM,2023-06-14,Harga Selisih
BJTM,2023-06-15,Harga Selisih
BJTM,2023-06-16,Harga Selisih
BJTM,2023-06-19,Harga Selisih
BJTM,2023-06-20,Harga Selisih
BJTM,2023-06-21,Harga Selisih
BJTM,2023-06-22,Harga Selisih
BJTM,2023-06-23,Harga Selisih
BJTM,2023-06-26,Harga Selisih
BJTM,2023-06-27,Harga Selisih
BJTM,2023-07-03,Harga Selisih
BJTM,2023-07-04,Harga Selisih
BJTM,2023-07-05,Harga Selisih
BJTM,2023-07-06,Harga Selisih
BJTM,2023-07-07,Harga Selisih
BJTM,2023-07-10,Harga Selisih
BJTM,2023-07-11,Harga Selisih
BJTM,2023-07-12,Harga Selisih
BJTM,2023-07-13,Harga Selisih
BJTM,2023-07-14,Harga Selisih
BJTM,2023-07-17,Harga Selisih
BJTM,2023-07-18,Harga Selisih
BJTM,2023-07-20,Harga Selisih
BJTM,2023-07-21,Harga Selisih
BJTM,2023-07-24,Harga Selisih
BJTM,2023-07-25,Harga Selisih
BJTM,2023-07-26,Harga Selisih
BJTM,2023-07-27,Harga Selisih
BJTM,2023-07-28,Harga Selisih
BJTM,2023-07-31,Harga Selisih
BJTM,2023-08-01,Harga Selisih
BJTM,2023-08-02,Harga Selisih
BJTM,2023-08-03,Harga Selisih
BJTM,2023-08-04,Harga Selisih
BJTM,2023-08-07,Harga Selisih
BJTM,2023-08-08,Harga Selisih
BJTM,2023-08-09,Harga Selisih
BJTM,2023-08-10,Harga Selisih
BJTM,2023-08-11,Harga Selisih
BJTM,2023-08-14,Harga Selisih
BJTM,2023-08-15,Harga Selisih
BJTM,2023-08-16,Harga Selisih
BJTM,2023-08-18,Harga Selisih
BJTM,2023-08-21,Harga Selisih
BJTM,2023-08-22,Harga Selisih
BJTM,2023-08-23,Harga Selisih
BJTM,2023-08-24,Harga Selisih
BJTM,2023-08-25,Harga Selisih
BJTM,2023-08-28,Harga Selisih
BJTM,2023-08-29,Harga Selisih
BJTM,2023-08-30,Harga Selisih
BJTM,2023-08-31,Harga Selisih
BJTM,2023-09-01,Harga Selisih
BJTM,2023-09-04,Harga Selisih
BJTM,2023-09-05,Harga Selisih
BJTM,2023-09-06,Harga Selisih
BJTM,2023-09-07,Harga Selisih
BJTM,2023-09-08,Harga Selisih
BJTM,2023-09-11,Harga Selisih
BJTM,2023-09-12,Harga Selisih
BJTM,2023-09-13,Harga Selisih
BJTM,2023-09-14,Harga Selisih
BJTM,2023-09-15,Harga Selisih
BJTM,2023-09-18,Harga Selisih
BJTM,2023-09-19,Harga Selisih
BJTM,2023-09-20,Harga Selisih
BJTM,2023-09-21,Harga Selisih
BJTM,2023-09-22,Harga Selisih
BJTM,2023-09-25,Harga Selisih
BJTM,2023-09-26,Harga Selisih
BJTM,2023-09-27,Harga Selisih
BJTM,2023-09-29,Harga Selisih
BJTM,2023-10-02,Harga Selisih
BJTM,2023-10-03,Harga Selisih
BJTM,2023-10-04,Harga Selisih
BJTM,2023-10-05,Harga Selisih
BJTM,2023-10-06,Harga Selisih
BJTM,2023-10-09,Harga Selisih
BJTM,2023-10-10,Harga Selisih
BJTM,2023-10-11,Harga Selisih
BJTM,2023-10-12,Harga Selisih
BJTM,2023-10-13,Harga Selisih
BJTM,2023-10-16,Harga Selisih
BJTM,2023-10-17,Harga Selisih
BJTM,2023-10-18,Harga Selisih
BJTM,2023-10-19,Harga Selisih
BJTM,2023-10-20,Harga Selisih
BJTM,2023-10-23,Harga Selisih
BJTM,2023-10-24,Harga Selisih
BJTM,2023-10-25,Harga Selisih
BJTM,2023-10-26,Harga Selisih
BJTM,2023-10-27,Harga Selisih
BJTM,2023-10-30,Harga Selisih
BJTM,2023-10-31,Harga Selisih
BJTM,2023-11-01,Harga Selisih
BJTM,2023-11-02,Harga Selisih
BJTM,2023-11-03,Harga Selisih
BJTM,2023-11-06,Harga Selisih
BJTM,2023-11-07,Harga Selisih
BJTM,2023-11-08,Harga Selisih
BJTM,2023-11-09,Harga Selisih
BJTM,2023-11-10,Harga Selisih
BJTM,2023-11-13,Harga Selisih
BJTM,2023-11-14,Harga Selisih
BJTM,2023-11-15,Harga Selisih
BJTM,2023-11-16,Harga Selisih
BJTM,2023-11-17,Harga Selisih
BJTM,2023-11-20,Harga Selisih
BJTM,2023-11-21,Harga Selisih
BJTM,2023-11-22,Harga Selisih
BJTM,2023-11-23,Harga Selisih
BJTM,2023-11-24,Harga Selisih
BJTM,2023-11-27,Harga Selisih
BJTM,2023-11-28,Harga Selisih
BJTM,2023-11-29,Harga Selisih
BJTM,2023-11-30,Harga Selisih
BJTM,2023-12-01,Harga Selisih
BJTM,2023-12-04,Harga Selisih
BJTM,2023-12-05,Harga Selisih
BJTM,2023-12-06,Harga Selisih
BJTM,2023-12-07,Harga Selisih
BJTM,2023-12-08,Harga Selisih
BJTM,2023-12-11,Harga Selisih
BJTM,2023-12-12,Harga Selisih
BJTM,2023-12-13,Harga Selisih
BJTM,2023-12-14,Harga Selisih
BJTM,2023-12-15,Harga Selisih
BJTM,2023-12-18,Harga Selisih
BJTM,2023-12-19,Harga Selisih
BJTM,2023-12-20,Harga Selisih
BJTM,2023-12-21,Harga Selisih
BJTM,2023-12-22,Harga Selisih
BMRI,2019-12-26,Harga Selisih
BMRI,2019-12-27,Harga Selisih
BMRI,2019-12-30,Harga Selisih
BMRI,2020-01-02,Harga Selisih
BMRI,2020-01-03,Harga Selisih
BMRI,2020-01-06,Harga Selisih
BMRI,2020-01-07,Harga Selisih
BMRI,2020-01-08,Harga Selisih
BMRI,2020-01-09,Harga Selisih
BMRI,2020-01-10,Harga Selisih
BMRI,2020-01-13,Harga Selisih
BMRI,2020-01-14,Harga Selisih
BMRI,2020-01-15,Harga Selisih
BMRI,2020-01-16,Harga Selisih
BMRI,2020-01-17,Harga Selisih
BMRI,2020-01-20,Harga Selisih
BMRI,2020-01-21,Harga Selisih
BMRI,2020-01-22,Harga Selisih
BMRI,2020-01-23,Harga Selisih
BMRI,2020-01-24,Harga Selisih
BMRI,2020-01-27,Harga Selisih
BMRI,2020-01-28,Harga Selisih
BMRI,2020-01-29,Harga Selisih
BMRI,2020-01-30,Harga Selisih
BMRI,2020-01-31,Harga Selisih
BMRI,2020-02-03,Harga Selisih
BMRI,2020-02-04,Harga Selisih
BMRI,2020-02-05,Harga Selisih
BMRI,2020-02-06,Harga Selisih
BMRI,2020-02-07,Harga Selisih
BMRI,2020-02-10,Harga Selisih
BMRI,2020-02-11,Harga Selisih
BMRI,2020-02-12,Harga Selisih
BMRI,2020-02-13,Harga Selisih
BMRI,2020-02-14,Harga Selisih
BMRI,2020-02-17,Harga Selisih
BMRI,2020-02-18,Harga Selisih
BMRI,2020-02-19,Harga Selisih
BMRI,2020-02-20,Harga Selisih
BMRI,2020-02-21,Harga Selisih
BMRI,2020-02-24,Harga Selisih
BMRI,2020-02-25,Harga Selisih
BMRI,2020-02-26,Harga Selisih
BMRI,2020-02-27,Harga Selisih
BMRI,2020-02-28,Harga Selisih
BMRI,2020-03-02,Harga Selisih
BMRI,2020-03-03,Harga Selisih
BMRI,2020-03-04,Harga Selisih
BMRI,2020-03-05,Harga Selisih
BMRI,2020-03-06,Harga Selisih
BMRI,2020-03-09,Harga Selisih
BMRI,2020-03-10,Harga Selisih
BMRI,2020-03-11,Harga Selisih
BMRI,2020-03-12,Harga Selisih
BMRI,2020-03-13,Harga Selisih
BMRI,2020-03-16,Harga Selisih
BMRI,2020-03-17,Harga Selisih
BMRI,2020-03-18,Harga Selisih
BMRI,2020-03-19,Harga Selisih
BMRI,2020-03-20,Harga Selisih
BMRI,2020-03-23,Harga Selisih
BMRI,2020-03-24,Harga Selisih
BMRI,2020-03-26,Harga Selisih
BMRI,2020-03-27,Harga Selisih
BMRI,2020-03-30,Harga Selisih
BMRI,2020-03-31,Harga Selisih
BMRI,2020-04-01,Harga Selisih
BMRI,2020-04-02,Harga Selisih
BMRI,2020-04-03,Harga Selisih
BMRI,2020-04-06,Harga Selisih
BMRI,2020-04-07,Harga Selisih
BMRI,2020-04-08,Harga Selisih
BMRI,2020-04-09,Harga Selisih
BMRI,2020-04-13,Harga Selisih
BMRI,2020-04-14,Harga Selisih
BMRI,2020-04-15,Harga Selisih
BMRI,2020-04-16,Harga Selisih
BMRI,2020-04-17,Harga Selisih
BMRI,2020-04-20,Harga Selisih
BMRI,2020-04-21,Harga Selisih
BMRI,2020-04-22,Harga Selisih
BMRI,2020-04-23,Harga Selisih
BMRI,2020-04-24,Harga Selisih
BMRI,2020-04-27,Harga Selisih
BMRI,2020-04-28,Harga Selisih
BMRI,2020-04-29,Harga Selisih
BMRI,2020-04-30,Harga Selisih
BMRI,2020-05-04,Harga Selisih
BMRI,2020-05-05,Harga Selisih
BMRI,2020-05-06,Harga Selisih
BMRI,2020-05-08,Harga Selisih
BMRI,2020-05-11,Harga Selisih
BMRI,2020-05-12,Harga Selisih
BMRI,2020-05-13,Harga Selisih
BMRI,2020-05-14,Harga Selisih
BMRI,2020-05-15,Harga Selisih
BMRI,2020-05-18,Harga Selisih
BMRI,2020-05-19,Harga Selisih
BMRI,2020-05-20,Harga Selisih
BMRI,2020-05-26,Harga Selisih
BMRI,2020-05-27,Harga Selisih
BMRI,2020-05-28,Harga Selisih
BMRI,2020-05-29,Harga Selisih
BMRI,2020-06-02,Harga Selisih
BMRI,2020-06-03,Harga Selisih
BMRI,2020-06-04,Harga Selisih
BMRI,2020-06-05,Harga Selisih
BMRI,2020-06-08,Harga Selisih
BMRI,2020-06-09,Harga Selisih
BMRI,2020-06-10,Harga Selisih
BMRI,2020-06-11,Harga Selisih
BMRI,2020-06-12,Harga Selisih
BMRI,2020-06-15,Harga Selisih
BMRI,2020-06-16,Harga Selisih
BMRI,2020-06-17,Harga Selisih
BMRI,2020-06-18,Harga Selisih
BMRI,2020-06-19,Harga Selisih
BMRI,2020-06-22,Harga Selisih
BMRI,2020-06-23,Harga Selisih
BMRI,2020-06-24,Harga Selisih
BMRI,2020-06-25,Harga Selisih
BMRI,2020-06-26,Harga Selisih
BMRI,2020-06-29,Harga Selisih
BMRI,2020-06-30,Harga Selisih
BMRI,2020-07-01,Harga Selisih
BMRI,2020-07-02,Harga Selisih
BMRI,2020-07-03,Harga Selisih
BMRI,2020-07-06,Harga Selisih
BMRI,2020-07-07,Harga Selisih
BMRI,2020-07-08,Harga Selisih
BMRI,2020-07-09,Harga Selisih
BMRI,2020-07-10,Harga Selisih
BMRI,2020-07-13,Harga Selisih
BMRI,2020-07-14,Harga Selisih
BMRI,2020-07-15,Harga Selisih
BMRI,2020-07-16,Harga Selisih
BMRI,2020-07-17,Harga Selisih
BMRI,2020-07-20,Harga Selisih
BMRI,2020-07-21,Harga Selisih
BMRI,2020-07-22,Harga Selisih
BMRI,2020-07-23,Harga Selisih
BMRI,2020-07-24,Harga Selisih
BMRI,2020-07-27,Harga Selisih
BMRI,2020-07-28,Harga Selisih
BMRI,2020-07-29,Harga Selisih
BMRI,2020-07-30,Harga Selisih
BMRI,2020-08-03,Harga Selisih
BMRI,2020-08-04,Harga Selisih
BMRI,2020-08-05,Harga Selisih
BMRI,2020-08-06,Harga Selisih
BMRI,2020-08-07,Harga Selisih
BMRI,2020-08-10,Harga Selisih
BMRI,2020-08-11,Harga Selisih
BMRI,2020-08-12,Harga Selisih
BMRI,2020-08-13,Harga Selisih
BMRI,2020-08-14,Harga Selisih
BMRI,2020-08-18,Harga Selisih
BMRI,2020-08-19,Harga Selisih
BMRI,2020-08-24,Harga Selisih
BMRI,2020-08-25,Harga Selisih
BMRI,2020-08-26,Harga Selisih
BMRI,2020-08-27,Harga Selisih
BMRI,2020-08-28,Harga Selisih
BMRI,2020-08-31,Harga Selisih
BMRI,2020-09-01,Harga Selisih
BMRI,2020-09-02,Harga Selisih
BMRI,2020-09-03,Harga Selisih
BMRI,2020-09-04,Harga Selisih
BMRI,2020-09-07,Harga Selisih
BMRI,2020-09-08,Harga Selisih
BMRI,2020-09-09,Harga Selisih
BMRI,2020-09-10,Harga Selisih
BMRI,2020-09-11,Harga Selisih
BMRI,2020-09-14,Harga Selisih
BMRI,2020-09-15,Harga Selisih
BMRI,2020-09-16,Harga Selisih
BMRI,2020-09-17,Harga Selisih
BMRI,2020-09-18,Harga Selisih
BMRI,2020-09-21,Harga Selisih
BMRI,2020-09-22,Harga Selisih
BMRI,2020-09-23,Harga Selisih
BMRI,2020-09-24,Harga Selisih
BMRI,2020-09-25,Harga Selisih
BMRI,2020-09-28,Harga Selisih
BMRI,2020-09-29,Harga Selisih
BMRI,2020-09-30,Harga Selisih
BMRI,2020-10-01,Harga Selisih
BMRI,2020-10-02,Harga Selisih
BMRI,2020-10-05,Harga Selisih
BMRI,2020-10-06,Harga Selisih
BMRI,2020-10-07,Harga Selisih
BMRI,2020-10-08,Harga Selisih
BMRI,2020-10-09,Harga Selisih
BMRI,2020-10-12,Harga Selisih
BMRI,2020-10-13,Harga Selisih
BMRI,2020-10-14,Harga Selisih
BMRI,2020-10-15,Harga Selisih
BMRI,2020-10-16,Harga Selisih
BMRI,2020-10-19,Harga Selisih
BMRI,2020-10-20,Harga Selisih
BMRI,2020-10-21,Harga Selisih
BMRI,2020-10-22,Harga Selisih
BMRI,2020-10-23,Harga Selisih
BMRI,2020-10-26,Harga Selisih
BMRI,2020-10-27,Harga Selisih
BMRI,2020-11-02,Harga Selisih
BMRI,2020-11-03,Harga Selisih
BMRI,2020-11-04,Harga Selisih
BMRI,2020-11-05,Harga Selisih
BMRI,2020-11-06,Harga Selisih
BMRI,2020-11-09,Harga Selisih
BMRI,2020-11-10,Harga Selisih
BMRI,2020-11-11,Harga Selisih
BMRI,2020-11-12,Harga Selisih
BMRI,2020-11-13,Harga Selisih
BMRI,2020-11-16,Harga Selisih
BMRI,2020-11-17,Harga Selisih
BMRI,2020-11-18,Harga Selisih
BMRI,2020-11-19,Harga Selisih
BMRI,2020-11-20,Harga Selisih
BMRI,2020-11-23,Harga Selisih
BMRI,2020-11-24,Harga Selisih
BMRI,2020-11-25,Harga Selisih
BMRI,2020-11-26,Harga Selisih
BMRI,2020-11-27,Harga Selisih
BMRI,2020-11-30,Harga Selisih
BMRI,2020-12-01,Harga Selisih
BMRI,2020-12-02,Harga Selisih
BMRI,2020-12-03,Harga Selisih
BMRI,2020-12-04,Harga Selisih
BMRI,2020-12-07,Harga Selisih
BMRI,2020-12-08,Harga Selisih
BMRI,2020-12-10,Harga Selisih
BMRI,2020-12-11,Harga Selisih
BMRI,2020-12-14,Harga Selisih
BMRI,2020-12-15,Harga Selisih
BMRI,2020-12-16,Harga Selisih
BMRI,2020-12-17,Harga Selisih
BMRI,2020-12-18,Harga Selisih
BMRI,2020-12-21,Harga Selisih
BMRI,2020-12-22,Harga Selisih
BMRI,2020-12-23,Harga Selisih
BMRI,2020-12-28,Harga Selisih
BMRI,2020-12-29,Harga Selisih
BMRI,2020-12-30,Harga Selisih
BMRI,2021-01-04,Harga Selisih
BMRI,2021-01-05,Harga Selisih
BMRI,2021-01-06,Harga Selisih
BMRI,2021-01-07,Harga Selisih
BMRI,2021-01-08,Harga Selisih
BMRI,2021-01-11,Harga Selisih
BMRI,2021-01-12,Harga Selisih
BMRI,2021-01-13,Harga Selisih
BMRI,2021-01-14,Harga Selisih
BMRI,2021-01-15,Harga Selisih
BMRI,2021-01-18,Harga Selisih
BMRI,2021-01-19,Harga Selisih
BMRI,2021-01-20,Harga Selisih
BMRI,2021-01-21,Harga Selisih
BMRI,2021-01-22,Harga Selisih
BMRI,2021-01-25,Harga Selisih
BMRI,2021-01-26,Harga Selisih
BMRI,2021-01-27,Harga Selisih
BMRI,2021-01-28,Harga Selisih
BMRI,2021-01-29,Harga Selisih
BMRI,2021-02-01,Harga Selisih
BMRI,2021-02-02,Harga Selisih
BMRI,2021-02-03,Harga Selisih
BMRI,2021-02-04,Harga Selisih
BMRI,2021-02-05,Harga Selisih
BMRI,2021-02-08,Harga Selisih
BMRI,2021-02-09,Harga Selisih
BMRI,2021-02-10,Harga Selisih
BMRI,2021-02-11,Harga Selisih
BMRI,2021-02-15,Harga Selisih
BMRI,2021-02-16,Harga Selisih
BMRI,2021-02-17,Harga Selisih
BMRI,2021-02-18,Harga Selisih
BMRI,2021-02-19,Harga Selisih
BMRI,2021-02-22,Harga Selisih
BMRI,2021-02-23,Harga Selisih
BMRI,2021-02-24,Harga Selisih
BMRI,2021-02-25,Harga Selisih
BMRI,2021-02-26,Harga Selisih
BMRI,2021-03-01,Harga Selisih
BMRI,2021-03-02,Harga Selisih
BMRI,2021-03-03,Harga Selisih
BMRI,2021-03-04,Harga Selisih
BMRI,2021-03-05,Harga Selisih
BMRI,2021-03-08,Harga Selisih
BMRI,2021-03-09,Harga Selisih
BMRI,2021-03-10,Harga Selisih
BMRI,2021-03-12,Harga Selisih
BMRI,2021-03-15,Harga Selisih
BMRI,2021-03-16,Harga Selisih
BMRI,2021-03-17,Harga Selisih
BMRI,2021-03-18,Harga Selisih
BMRI,2021-03-19,Harga Selisih
BMRI,2021-03-22,Harga Selisih
BMRI,2021-03-23,Harga Selisih
BMRI,2021-03-24,Harga Selisih
BMRI,2021-03-25,Harga Selisih
BMRI,2021-03-26,Harga Selisih
BMRI,2021-03-29,Harga Selisih
BMRI,2021-03-30,Harga Selisih
BMRI,2021-03-31,Harga Selisih
BMRI,2021-04-01,Harga Selisih
BMRI,2021-04-05,Harga Selisih
BMRI,2021-04-06,Harga Selisih
BMRI,2021-04-07,Harga Selisih
BMRI,2021-04-08,Harga Selisih
BMRI,2021-04-09,Harga Selisih
BMRI,2021-04-12,Harga Selisih
BMRI,2021-04-13,Harga Selisih
BMRI,2021-04-14,Harga Selisih
BMRI,2021-04-15,Harga Selisih
BMRI,2021-04-16,Harga Selisih
BMRI,2021-04-19,Harga Selisih
BMRI,2021-04-20,Harga Selisih
BMRI,2021-04-21,Harga Selisih
BMRI,2021-04-22,Harga Selisih
BMRI,2021-04-23,Harga Selisih
BMRI,2021-04-26,Harga Selisih
BMRI,2021-04-27,Harga Selisih
BMRI,2021-04-28,Harga Selisih
BMRI,2021-04-29,Harga Selisih
BMRI,2021-04-30,Harga Selisih
BMRI,2021-05-03,Harga Selisih
BMRI,2021-05-04,Harga Selisih
BMRI,2021-05-05,Harga Selisih
BMRI,2021-05-06,Harga Selisih
BMRI,2021-05-07,Harga Selisih
BMRI,2021-05-10,Harga Selisih
BMRI,2021-05-11,Harga Selisih
BMRI,2021-05-17,Harga Selisih
BMRI,2021-05-18,Harga Selisih
BMRI,2021-05-19,Harga Selisih
BMRI,2021-05-20,Harga Selisih
BMRI,2021-05-21,Harga Selisih
BMRI,2021-05-24,Harga Selisih
BMRI,2021-05-25,Harga Selisih
BMRI,2021-05-27,Harga Selisih
BMRI,2021-05-28,Harga Selisih
BMRI,2021-05-31,Harga Selisih
BMRI,2021-06-02,Harga Selisih
BMRI,2021-06-03,Harga Selisih
BMRI,2021-06-04,Harga Selisih
BMRI,2021-06-07,Harga Selisih
BMRI,2021-06-08,Harga Selisih
BMRI,2021-06-09,Harga Selisih
BMRI,2021-06-10,Harga Selisih
BMRI,2021-06-11,Harga Selisih
BMRI,2021-06-14,Harga Selisih
BMRI,2021-06-15,Harga Selisih
BMRI,2021-06-16,Harga Selisih
BMRI,2021-06-17,Harga Selisih
BMRI,2021-06-18,Harga Selisih
BMRI,2021-06-21,Harga Selisih
BMRI,2021-06-22,Harga Selisih
BMRI,2021-06-23,Harga Selisih
BMRI,2021-06-24,Harga Selisih
BMRI,2021-06-25,Harga Selisih
BMRI,2021-06-28,Harga Selisih
BMRI,2021-06-29,Harga Selisih
BMRI,2021-06-30,Harga Selisih
BMRI,2021-07-01,Harga Selisih
BMRI,2021-07-02,Harga Selisih
BMRI,2021-07-05,Harga Selisih
BMRI,2021-07-06,Harga Selisih
BMRI,2021-07-07,Harga Selisih
BMRI,2021-07-08,Harga Selisih
BMRI,2021-07-09,Harga Selisih
BMRI,2021-07-12,Harga Selisih
BMRI,2021-07-13,Harga Selisih
BMRI,2021-07-14,Harga Selisih
BMRI,2021-07-15,Harga Selisih
BMRI,2021-07-16,Harga Selisih
BMRI,2021-07-19,Harga Selisih
BMRI,2021-07-21,Harga Selisih
BMRI,2021-07-22,Harga Selisih
BMRI,2021-07-23,Harga Selisih
BMRI,2021-07-26,Harga Selisih
BMRI,2021-07-27,Harga Selisih
BMRI,2021-07-28,Harga Selisih
BMRI,2021-07-29,Harga Selisih
BMRI,2021-07-30,Harga Selisih
BMRI,2021-08-02,Harga Selisih
BMRI,2021-08-03,Harga Selisih
BMRI,2021-08-04,Harga Selisih
BMRI,2021-08-05,Harga Selisih
BMRI,2021-08-06,Harga Selisih
BMRI,2021-08-09,Harga Selisih
BMRI,2021-08-10,Harga Selisih
BMRI,2021-08-12,Harga Selisih
BMRI,2021-08-13,Harga Selisih
BMRI,2021-08-16,Harga Selisih
BMRI,2021-08-18,Harga Selisih
BMRI,2021-08-19,Harga Selisih
BMRI,2021-08-20,Harga Selisih
BMRI,2021-08-23,Harga Selisih
BMRI,2021-08-24,Harga Selisih
BMRI,2021-08-25,Harga Selisih
BMRI,2021-08-26,Harga Selisih
BMRI,2021-08-27,Harga Selisih
BMRI,2021-08-30,Harga Selisih
BMRI,2021-08-31,Harga Selisih
BMRI,2021-09-01,Harga Selisih
BMRI,2021-09-02,Harga Selisih
BMRI,2021-09-03,Harga Selisih
BMRI,2021-09-06,Harga Selisih
BMRI,2021-09-07,Harga Selisih
BMRI,2021-09-08,Harga Selisih
BMRI,2021-09-09,Harga Selisih
BMRI,2021-09-10,Harga Selisih
BMRI,2021-09-13,Harga Selisih
BMRI,2021-09-14,Harga Selisih
BMRI,2021-09-15,Harga Selisih
BMRI,2021-09-16,Harga Selisih
BMRI,2021-09-17,Harga Selisih
BMRI,2021-09-20,Harga Selisih
BMRI,2021-09-21,Harga Selisih
BMRI,2021-09-22,Harga Selisih
BMRI,2021-09-23,Harga Selisih
BMRI,2021-09-24,Harga Selisih
BMRI,2021-09-27,Harga Selisih
BMRI,2021-09-28,Harga Selisih
BMRI,2021-09-29,Harga Selisih
BMRI,2021-09-30,Harga Selisih
BMRI,2021-10-01,Harga Selisih
BMRI,2021-10-04,Harga Selisih
BMRI,2021-10-05,Harga Selisih
BMRI,2021-10-06,Harga Selisih
BMRI,2021-10-07,Harga Selisih
BMRI,2021-10-08,Harga Selisih
BMRI,2021-10-11,Harga Selisih
BMRI,2021-10-12,Harga Selisih
BMRI,2021-10-13,Harga Selisih
BMRI,2021-10-14,Harga Selisih
BMRI,2021-10-15,Harga Selisih
BMRI,2021-10-18,Harga Selisih
BMRI,2021-10-19,Harga Selisih
BMRI,2021-10-21,Harga Selisih
BMRI,2021-10-22,Harga Selisih
BMRI,2021-10-25,Harga Selisih
BMRI,2021-10-26,Harga Selisih
BMRI,2021-10-27,Harga Selisih
BMRI,2021-10-28,Harga Selisih
BMRI,2021-10-29,Harga Selisih
BMRI,2021-11-01,Harga Selisih
BMRI,2021-11-02,Harga Selisih
BMRI,2021-11-03,Harga Selisih
BMRI,2021-11-04,Harga Selisih
BMRI,2021-11-05,Harga Selisih
BMRI,2021-11-08,Harga Selisih
BMRI,2021-11-09,Harga Selisih
BMRI,2021-11-10,Harga Selisih
BMRI,2021-11-11,Harga Selisih
BMRI,2021-11-12,Harga Selisih
BMRI,2021-11-15,Harga Selisih
BMRI,2021-11-16,Harga Selisih
BMRI,2021-11-17,Harga Selisih
BMRI,2021-11-18,Harga Selisih
BMRI,2021-11-19,Harga Selisih
BMRI,2021-11-22,Harga Selisih
BMRI,2021-11-23,Harga Selisih
BMRI,2021-11-24,Harga Selisih
BMRI,2021-11-25,Harga Selisih
BMRI,2021-11-26,Harga Selisih
BMRI,2021-11-29,Harga Selisih
BMRI,2021-11-30,Harga Selisih
BMRI,2021-12-01,Harga Selisih
BMRI,2021-12-02,Harga Selisih
BMRI,2021-12-03,Harga Selisih
BMRI,2021-12-06,Harga Selisih
BMRI,2021-12-07,Harga Selisih
BMRI,2021-12-08,Harga Selisih
BMRI,2021-12-09,Harga Selisih
BMRI,2021-12-10,Harga Selisih
BMRI,2021-12-13,Harga Selisih
BMRI,2021-12-14,Harga Selisih
BMRI,2021-12-15,Harga Selisih
BMRI,2021-12-16,Harga Selisih
BMRI,2021-12-17,Harga Selisih
BMRI,2021-12-20,Harga Selisih
BMRI,2021-12-21,Harga Selisih
BMRI,2021-12-22,Harga Selisih
BMRI,2021-12-23,Harga Selisih
BMRI,2021-12-24,Harga Selisih
BMRI,2021-12-27,Harga Selisih
BMRI,2021-12-28,Harga Selisih
BMRI,2021-12-29,Harga Selisih
BMRI,2021-12-30,Harga Selisih
BMRI,2022-01-03,Harga Selisih
BMRI,2022-01-04,Harga Selisih
BMRI,2022-01-05,Harga Selisih
BMRI,2022-01-06,Harga Selisih
BMRI,2022-01-07,Harga Selisih
BMRI,2022-01-10,Harga Selisih
BMRI,2022-01-11,Harga Selisih
BMRI,2022-01-12,Harga Selisih
BMRI,2022-01-13,Harga Selisih
BMRI,2022-01-14,Harga Selisih
BMRI,2022-01-17,Harga Selisih
BMRI,2022-01-18,Harga Selisih
BMRI,2022-01-19,Harga Selisih
BMRI,2022-01-20,Harga Selisih
BMRI,2022-01-21,Harga Selisih
BMRI,2022-01-24,Harga Selisih
BMRI,2022-01-25,Harga Selisih
BMRI,2022-01-26,Harga Selisih
BMRI,2022-01-27,Harga Selisih
BMRI,2022-01-28,Harga Selisih
BMRI,2022-01-31,Harga Selisih
BMRI,2022-02-02,Harga Selisih
BMRI,2022-02-03,Harga Selisih
BMRI,2022-02-04,Harga Selisih
BMRI,2022-02-07,Harga Selisih
BMRI,2022-02-08,Harga Selisih
BMRI,2022-02-09,Harga Selisih
BMRI,2022-02-10,Harga Selisih
BMRI,2022-02-11,Harga Selisih
BMRI,2022-02-14,Harga Selisih
BMRI,2022-02-15,Harga Selisih
BMRI,2022-02-16,Harga Selisih
BMRI,2022-02-17,Harga Selisih
BMRI,2022-02-18,Harga Selisih
BMRI,2022-02-21,Harga Selisih
BMRI,2022-02-22,Harga Selisih
BMRI,2022-02-23,Harga Selisih
BMRI,2022-02-24,Harga Selisih
BMRI,2022-02-25,Harga Selisih
BMRI,2022-03-01,Harga Selisih
BMRI,2022-03-02,Harga Selisih
BMRI,2022-03-04,Harga Selisih
BMRI,2022-03-07,Harga Selisih
BMRI,2022-03-08,Harga Selisih
BMRI,2022-03-09,Harga Selisih
BMRI,2022-03-10,Harga Selisih
BMRI,2022-03-11,Harga Selisih
BMRI,2022-03-14,Harga Selisih
BMRI,2022-03-15,Harga Selisih
BMRI,2022-03-16,Harga Selisih
BMRI,2022-03-17,Harga Selisih
BMRI,2022-03-18,Harga Selisih
BMRI,2022-03-21,Harga Selisih
BMRI,2022-03-22,Harga Selisih
BMRI,2022-03-23,Harga Selisih
BMRI,2022-03-24,Harga Selisih
BMRI,2022-03-25,Harga Selisih
BMRI,2022-03-28,Harga Selisih
BMRI,2022-03-29,Harga Selisih
BMRI,2022-03-30,Harga Selisih
BMRI,2022-03-31,Harga Selisih
BMRI,2022-04-01,Harga Selisih
BMRI,2022-04-04,Harga Selisih
BMRI,2022-04-05,Harga Selisih
BMRI,2022-04-06,Harga Selisih
BMRI,2022-04-07,Harga Selisih
BMRI,2022-04-08,Harga Selisih
BMRI,2022-04-11,Harga Selisih
BMRI,2022-04-12,Harga Selisih
BMRI,2022-04-13,Harga Selisih
BMRI,2022-04-14,Harga Selisih
BMRI,2022-04-18,Harga Selisih
BMRI,2022-04-19,Harga Selisih
BMRI,2022-04-20,Harga Selisih
BMRI,2022-04-21,Harga Selisih
BMRI,2022-04-22,Harga Selisih
BMRI,2022-04-25,Harga Selisih
BMRI,2022-04-26,Harga Selisih
BMRI,2022-04-27,Harga Selisih
BMRI,2022-04-28,Harga Selisih
BMRI,2022-05-09,Harga Selisih
BMRI,2022-05-10,Harga Selisih
BMRI,2022-05-11,Harga Selisih
BMRI,2022-05-12,Harga Selisih
BMRI,2022-05-13,Harga Selisih
BMRI,2022-05-17,Harga Selisih
BMRI,2022-05-18,Harga Selisih
BMRI,2022-05-19,Harga Selisih
BMRI,2022-05-20,Harga Selisih
BMRI,2022-05-23,Harga Selisih
BMRI,2022-05-24,Harga Selisih
BMRI,2022-05-25,Harga Selisih
BMRI,2022-05-27,Harga Selisih
BMRI,2022-05-30,Harga Selisih
BMRI,2022-05-31,Harga Selisih
BMRI,2022-06-02,Harga Selisih
BMRI,2022-06-03,Harga Selisih
BMRI,2022-06-06,Harga Selisih
BMRI,2022-06-07,Harga Selisih
BMRI,2022-06-08,Harga Selisih
BMRI,2022-06-09,Harga Selisih
BMRI,2022-06-10,Harga Selisih
BMRI,2022-06-13,Harga Selisih
BMRI,2022-06-14,Harga Selisih
BMRI,2022-06-15,Harga Selisih
BMRI,2022-06-16,Harga Selisih
BMRI,2022-06-17,Harga Selisih
BMRI,2022-06-20,Harga Selisih
BMRI,2022-06-21,Harga Selisih
BMRI,2022-06-22,Harga Selisih
BMRI,2022-06-23,Harga Selisih
BMRI,2022-06-24,Harga Selisih
BMRI,2022-06-27,Harga Selisih
BMRI,2022-06-28,Harga Selisih
BMRI,2022-06-29,Harga Selisih
BMRI,2022-06-30,Harga Selisih
BMRI,2022-07-01,Harga Selisih
BMRI,2022-07-04,Harga Selisih
BMRI,2022-07-05,Harga Selisih
BMRI,2022-07-06,Harga Selisih
BMRI,2022-07-07,Harga Selisih
BMRI,2022-07-08,Harga Selisih
BMRI,2022-07-11,Harga Selisih
BMRI,2022-07-12,Harga Selisih
BMRI,2022-07-13,Harga Selisih
BMRI,2022-07-14,Harga Selisih
BMRI,2022-07-15,Harga Selisih
BMRI,2022-07-18,Harga Selisih
BMRI,2022-07-19,Harga Selisih
BMRI,2022-07-20,Harga Selisih
BMRI,2022-07-21,Harga Selisih
BMRI,2022-07-22,Harga Selisih
BMRI,2022-07-25,Harga Selisih
BMRI,2022-07-26,Harga Selisih
BMRI,2022-07-27,Harga Selisih
BMRI,2022-07-28,Harga Selisih
BMRI,2022-07-29,Harga Selisih
BMRI,2022-08-01,Harga Selisih
BMRI,2022-08-02,Harga Selisih
BMRI,2022-08-03,Harga Selisih
BMRI,2022-08-04,Harga Selisih
BMRI,2022-08-05,Harga Selisih
BMRI,2022-08-08,Harga Selisih
BMRI,2022-08-09,Harga Selisih
BMRI,2022-08-10,Harga Selisih
BMRI,2022-08-11,Harga Selisih
BMRI,2022-08-12,Harga Selisih
BMRI,2022-08-15,Harga Selisih
BMRI,2022-08-16,Harga Selisih
BMRI,2022-08-18,Harga Selisih
BMRI,2022-08-19,Harga Selisih
BMRI,2022-08-22,Harga Selisih
BMRI,2022-08-23,Harga Selisih
BMRI,2022-08-24,Harga Selisih
BMRI,2022-08-25,Harga Selisih
BMRI,2022-08-26,Harga Selisih
BMRI,2022-08-29,Harga Selisih
BMRI,2022-08-30,Harga Selisih
BMRI,2022-08-31,Harga Selisih
BMRI,2022-09-01,Harga Selisih
BMRI,2022-09-02,Harga Selisih
BMRI,2022-09-05,Harga Selisih
BMRI,2022-09-06,Harga Selisih
BMRI,2022-09-07,Harga Selisih
BMRI,2022-09-08,Harga Selisih
BMRI,2022-09-09,Harga Selisih
BMRI,2022-09-12,Harga Selisih
BMRI,2022-09-13,Harga Selisih
BMRI,2022-09-14,Harga Selisih
BMRI,2022-09-15,Harga Selisih
BMRI,2022-09-16,Harga Selisih
BMRI,2022-09-19,Harga Selisih
BMRI,2022-09-20,Harga Selisih
BMRI,2022-09-21,Harga Selisih
BMRI,2022-09-22,Harga Selisih
BMRI,2022-09-23,Harga Selisih
BMRI,2022-09-26,Harga Selisih
BMRI,2022-09-27,Harga Selisih
BMRI,2022-09-28,Harga Selisih
BMRI,2022-09-29,Harga Selisih
BMRI,2022-09-30,Harga Selisih
BMRI,2022-10-03,Harga Selisih
BMRI,2022-10-04,Harga Selisih
BMRI,2022-10-05,Harga Selisih
BMRI,2022-10-06,Harga Selisih
BMRI,2022-10-07,Harga Selisih
BMRI,2022-10-10,Harga Selisih
BMRI,2022-10-11,Harga Selisih
BMRI,2022-10-12,Harga Selisih
BMRI,2022-10-13,Harga Selisih
BMRI,2022-10-14,Harga Selisih
BMRI,2022-10-17,Harga Selisih
BMRI,2022-10-18,Harga Selisih
BMRI,2022-10-19,Harga Selisih
BMRI,2022-10-20,Harga Selisih
BMRI,2022-10-21,Harga Selisih
BMRI,2022-10-24,Harga Selisih
BMRI,2022-10-25,Harga Selisih
BMRI,2022-10-26,Harga Selisih
BMRI,2022-10-27,Harga Selisih
BMRI,2022-10-28,Harga Selisih
BMRI,2022-10-31,Harga Selisih
BMRI,2022-11-01,Harga Selisih
BMRI,2022-11-02,Harga Selisih
BMRI,2022-11-03,Harga Selisih
BMRI,2022-11-04,Harga Selisih
BMRI,2022-11-07,Harga Selisih
BMRI,2022-11-08,Harga Selisih
BMRI,2022-11-09,Harga Selisih
BMRI,2022-11-10,Harga Selisih
BMRI,2022-11-11,Harga Selisih
BMRI,2022-11-14,Harga Selisih
BMRI,2022-11-15,Harga Selisih
BMRI,2022-11-16,Harga Selisih
BMRI,2022-11-17,Harga Selisih
BMRI,2022-11-18,Harga Selisih
BMRI,2022-11-21,Harga Selisih
BMRI,2022-11-22,Harga Selisih
BMRI,2022-11-23,Harga Selisih
BMRI,2022-11-24,Harga Selisih
BMRI,2022-11-25,Harga Selisih
BMRI,2022-11-28,Harga Selisih
BMRI,2022-11-29,Harga Selisih
BMRI,2022-11-30,Harga Selisih
BMRI,2022-12-01,Harga Selisih
BMRI,2022-12-02,Harga Selisih
BMRI,2022-12-05,Harga Selisih
BMRI,2022-12-06,Harga Selisih
BMRI,2022-12-07,Harga Selisih
BMRI,2022-12-08,Harga Selisih
BMRI,2022-12-09,Harga Selisih
BMRI,2022-12-12,Harga Selisih
BMRI,2022-12-13,Harga Selisih
BMRI,2022-12-14,Harga Selisih
BMRI,2022-12-15,Harga Selisih
BMRI,2022-12-16,Harga Selisih
BMRI,2022-12-19,Harga Selisih
BMRI,2022-12-20,Harga Selisih
BMRI,2022-12-21,Harga Selisih
BMRI,2022-12-22,Harga Selisih
BMRI,2022-12-23,Harga Selisih
BMRI,2022-12-26,Harga Selisih
BMRI,2022-12-27,Harga Selisih
BMRI,2022-12-28,Harga Selisih
BMRI,2022-12-29,Harga Selisih
BMRI,2022-12-30,Harga Selisih
BMRI,2023-01-02,Harga Selisih
BMRI,2023-01-03,Harga Selisih
BMRI,2023-01-04,Harga Selisih
BMRI,2023-01-05,Harga Selisih
BMRI,2023-01-06,Harga Selisih
BMRI,2023-01-09,Harga Selisih
BMRI,2023-01-10,Harga Selisih
BMRI,2023-01-11,Harga Selisih
BMRI,2023-01-12,Harga Selisih
BMRI,2023-01-13,Harga Selisih
BMRI,2023-01-16,Harga Selisih
BMRI,2023-01-17,Harga Selisih
BMRI,2023-01-18,Harga Selisih
BMRI,2023-01-19,Harga Selisih
BMRI,2023-01-20,Harga Selisih
BMRI,2023-01-24,Harga Selisih
BMRI,2023-01-25,Harga Selisih
BMRI,2023-01-26,Harga Selisih
BMRI,2023-01-27,Harga Selisih
BMRI,2023-01-30,Harga Selisih
BMRI,2023-01-31,Harga Selisih
BMRI,2023-02-01,Harga Selisih
BMRI,2023-02-02,Harga Selisih
BMRI,2023-02-03,Harga Selisih
BMRI,2023-02-06,Harga Selisih
BMRI,2023-02-07,Harga Selisih
BMRI,2023-02-08,Harga Selisih
BMRI,2023-02-09,Harga Selisih
BMRI,2023-02-10,Harga Selisih
BMRI,2023-02-13,Harga Selisih
BMRI,2023-02-14,Harga Selisih
BMRI,2023-02-15,Harga Selisih
BMRI,2023-02-16,Harga Selisih
BMRI,2023-02-17,Harga Selisih
BMRI,2023-02-20,Harga Selisih
BMRI,2023-02-21,Harga Selisih
BMRI,2023-02-22,Harga Selisih
BMRI,2023-02-23,Harga Selisih
BMRI,2023-02-24,Harga Selisih
BMRI,2023-02-27,Harga Selisih
BMRI,2023-02-28,Harga Selisih
BMRI,2023-03-01,Harga Selisih
BMRI,2023-03-02,Harga Selisih
BMRI,2023-03-03,Harga Selisih
BMRI,2023-03-06,Harga Selisih
BMRI,2023-03-07,Harga Selisih
BMRI,2023-03-08,Harga Selisih
BMRI,2023-03-09,Harga Selisih
BMRI,2023-03-10,Harga Selisih
BMRI,2023-03-13,Harga Selisih
BMRI,2023-03-14,Harga Selisih
BMRI,2023-03-15,Harga Selisih
BMRI,2023-03-16,Harga Selisih
BMRI,2023-03-17,Harga Selisih
BMRI,2023-03-20,Harga Selisih
BMRI,2023-03-21,Harga Selisih
BMRI,2023-03-24,Harga Selisih
BMRI,2023-03-27,Harga Selisih
BMRI,2023-03-28,Harga Selisih
BMRI,2023-03-29,Harga Selisih
BMRI,2023-03-30,Harga Selisih
BMRI,2023-03-31,Harga Selisih
BMRI,2023-04-03,Harga Selisih
BMRI,2023-04-04,Harga Selisih
BMRI,2023-04-05,Harga Selisih
BMRI,2023-04-06,Harga Selisih
BMRI,2023-04-10,Harga Selisih
BMRI,2023-04-11,Harga Selisih
BMRI,2023-04-12,Harga Selisih
BMRI,2023-04-13,Harga Selisih
BMRI,2023-04-14,Harga Selisih
BMRI,2023-04-17,Harga Selisih
BMRI,2023-04-18,Harga Selisih
BMRI,2023-04-26,Harga Selisih
BMRI,2023-04-27,Harga Selisih
BMRI,2023-04-28,Harga Selisih
BMRI,2023-05-02,Harga Selisih
BMRI,2023-05-03,Harga Selisih
BMRI,2023-05-04,Harga Selisih
BMRI,2023-05-05,Harga Selisih
BMRI,2023-05-08,Harga Selisih
BMRI,2023-05-09,Harga Selisih
BMRI,2023-05-10,Harga Selisih
BMRI,2023-05-11,Harga Selisih
BMRI,2023-05-12,Harga Selisih
BMRI,2023-05-15,Harga Selisih
BMRI,2023-05-16,Harga Selisih
BMRI,2023-05-17,Harga Selisih
BMRI,2023-05-19,Harga Selisih
BMRI,2023-05-22,Harga Selisih
BMRI,2023-05-23,Harga Selisih
BMRI,2023-05-24,Harga Selisih
BMRI,2023-05-25,Harga Selisih
BMRI,2023-05-26,Harga Selisih
BMRI,2023-05-29,Harga Selisih
BMRI,2023-05-30,Harga Selisih
BMRI,2023-05-31,Harga Selisih
BMRI,2023-06-05,Harga Selisih
BMRI,2023-06-06,Harga Selisih
BMRI,2023-06-07,Harga Selisih
BMRI,2023-06-08,Harga Selisih
BMRI,2023-06-09,Harga Selisih
BMRI,2023-06-12,Harga Selisih
BMRI,2023-06-13,Harga Selisih
BMRI,2023-06-14,Harga Selisih
BMRI,2023-06-15,Harga Selisih
BMRI,2023-06-16,Harga Selisih
BMRI,2023-06-19,Harga Selisih
BMRI,2023-06-20,Harga Selisih
BMRI,2023-06-21,Harga Selisih
BMRI,2023-06-22,Harga Selisih
BMRI,2023-06-23,Harga Selisih
BMRI,2023-06-26,Harga Selisih
BMRI,2023-06-27,Harga Selisih
BMRI,2023-07-03,Harga Selisih
BMRI,2023-07-04,Harga Selisih
BMRI,2023-07-05,Harga Selisih
BMRI,2023-07-06,Harga Selisih
BMRI,2023-07-07,Harga Selisih
BMRI,2023-07-10,Harga Selisih
BMRI,2023-07-11,Harga Selisih
BMRI,2023-07-12,Harga Selisih
BMRI,2023-07-13,Harga Selisih
BMRI,2023-07-14,Harga Selisih
BMRI,2023-07-17,Harga Selisih
BMRI,2023-07-18,Harga Selisih
BMRI,2023-07-20,Harga Selisih
BMRI,2023-07-21,Harga Selisih
BMRI,2023-07-24,Harga Selisih
BMRI,2023-07-25,Harga Selisih
BMRI,2023-07-26,Harga Selisih
BMRI,2023-07-27,Harga Selisih
BMRI,2023-07-28,Harga Selisih
BMRI,2023-07-31,Harga Selisih
BMRI,2023-08-01,Harga Selisih
BMRI,2023-08-02,Harga Selisih
BMRI,2023-08-03,Harga Selisih
BMRI,2023-08-04,Harga Selisih
BMRI,2023-08-07,Harga Selisih
BMRI,2023-08-08,Harga Selisih
BMRI,2023-08-09,Harga Selisih
BMRI,2023-08-10,Harga Selisih
BMRI,2023-08-11,Harga Selisih
BMRI,2023-08-14,Harga Selisih
BMRI,2023-08-15,Harga Selisih
BMRI,2023-08-16,Harga Selisih
BMRI,2023-08-18,Harga Selisih
BMRI,2023-08-21,Harga Selisih
BMRI,2023-08-22,Harga Selisih
BMRI,2023-08-23,Harga Selisih
BMRI,2023-08-24,Harga Selisih
BMRI,2023-08-25,Harga Selisih
BMRI,2023-08-28,Harga Selisih
BMRI,2023-08-29,Harga Selisih
BMRI,2023-08-30,Harga Selisih
BMRI,2023-08-31,Harga Selisih
BMRI,2023-09-01,Harga Selisih
BMRI,2023-09-04,Harga Selisih
BMRI,2023-09-05,Harga Selisih
BMRI,2023-09-06,Harga Selisih
BMRI,2023-09-07,Harga Selisih
BMRI,2023-09-08,Harga Selisih
BMRI,2023-09-11,Harga Selisih
BMRI,2023-09-12,Harga Selisih
BMRI,2023-09-13,Harga Selisih
BMRI,2023-09-14,Harga Selisih
BMRI,2023-09-15,Harga Selisih
BMRI,2023-09-18,Harga Selisih
BMRI,2023-09-19,Harga Selisih
BMRI,2023-09-20,Harga Selisih
BMRI,2023-09-21,Harga Selisih
BMRI,2023-09-22,Harga Selisih
BMRI,2023-09-25,Harga Selisih
BMRI,2023-09-26,Harga Selisih
BMRI,2023-09-27,Harga Selisih
BMRI,2023-09-29,Harga Selisih
BMRI,2023-10-02,Harga Selisih
BMRI,2023-10-03,Harga Selisih
BMRI,2023-10-04,Harga Selisih
BMRI,2023-10-05,Harga Selisih
BMRI,2023-10-06,Harga Selisih
BMRI,2023-10-09,Harga Selisih
BMRI,2023-10-10,Harga Selisih
BMRI,2023-10-11,Harga Selisih
BMRI,2023-10-12,Harga Selisih
BMRI,2023-10-13,Harga Selisih
BMRI,2023-10-16,Harga Selisih
BMRI,2023-10-17,Harga Selisih
BMRI,2023-10-18,Harga Selisih
BMRI,2023-10-19,Harga Selisih
BMRI,2023-10-20,Harga Selisih
BMRI,2023-10-23,Harga Selisih
BMRI,2023-10-24,Harga Selisih
BMRI,2023-10-25,Harga Selisih
BMRI,2023-10-26,Harga Selisih
BMRI,2023-10-27,Harga Selisih
BMRI,2023-10-30,Harga Selisih
BMRI,2023-10-31,Harga Selisih
BMRI,2023-11-01,Harga Selisih
BMRI,2023-11-02,Harga Selisih
BMRI,2023-11-03,Harga Selisih
BMRI,2023-11-06,Harga Selisih
BMRI,2023-11-07,Harga Selisih
BMRI,2023-11-08,Harga Selisih
BMRI,2023-11-09,Harga Selisih
BMRI,2023-11-10,Harga Selisih
BMRI,2023-11-13,Harga Selisih
BMRI,2023-11-14,Harga Selisih
BMRI,2023-11-15,Harga Selisih
BMRI,2023-11-16,Harga Selisih
BMRI,2023-11-17,Harga Selisih
BMRI,2023-11-20,Harga Selisih
BMRI,2023-11-21,Harga Selisih
BMRI,2023-11-22,Harga Selisih
BMRI,2023-11-23,Harga Selisih
BMRI,2023-11-24,Harga Selisih
BMRI,2023-11-27,Harga Selisih
BMRI,2023-11-28,Harga Selisih
BMRI,2023-11-29,Harga Selisih
BMRI,2023-11-30,Harga Selisih
BMRI,2023-12-01,Harga Selisih
BMRI,2023-12-04,Harga Selisih
BMRI,2023-12-05,Harga Selisih
BMRI,2023-12-06,Harga Selisih
BMRI,2023-12-07,Harga Selisih
BMRI,2023-12-08,Harga Selisih
BMRI,2023-12-11,Harga Selisih
BMRI,2023-12-12,Harga Selisih
BMRI,2023-12-13,Harga Selisih
BMRI,2023-12-14,Harga Selisih
BMRI,2023-12-15,Harga Selisih
BMRI,2023-12-18,Harga Selisih
BMRI,2023-12-19,Harga Selisih
BMRI,2023-12-20,Harga Selisih
BMRI,2023-12-21,Harga Selisih
BMRI,2023-12-22,Harga Selisih
BNGA,2019-12-26,Harga Selisih
BNGA,2019-12-27,Harga Selisih
BNGA,2019-12-30,Harga Selisih
BNGA,2020-01-02,Harga Selisih
BNGA,2020-01-03,Harga Selisih
BNGA,2020-01-06,Harga Selisih
BNGA,2020-01-07,Harga Selisih
BNGA,2020-01-08,Harga Selisih
BNGA,2020-01-09,Harga Selisih
BNGA,2020-01-10,Harga Selisih
BNGA,2020-01-13,Harga Selisih
BNGA,2020-01-14,Harga Selisih
BNGA,2020-01-15,Harga Selisih
BNGA,2020-01-16,Harga Selisih
BNGA,2020-01-17,Harga Selisih
BNGA,2020-01-20,Harga Selisih
BNGA,2020-01-21,Harga Selisih
BNGA,2020-01-22,Harga Selisih
BNGA,2020-01-23,Harga Selisih
BNGA,2020-01-24,Harga Selisih
BNGA,2020-01-27,Harga Selisih
BNGA,2020-01-28,Harga Selisih
BNGA,2020-01-29,Harga Selisih
BNGA,2020-01-30,Harga Selisih
BNGA,2020-01-31,Harga Selisih
BNGA,2020-02-03,Harga Selisih
BNGA,2020-02-04,Harga Selisih
BNGA,2020-02-05,Harga Selisih
BNGA,2020-02-06,Harga Selisih
BNGA,2020-02-07,Harga Selisih
BNGA,2020-02-10,Harga Selisih
BNGA,2020-02-11,Harga Selisih
BNGA,2020-02-12,Harga Selisih
BNGA,2020-02-13,Harga Selisih
BNGA,2020-02-14,Harga Selisih
BNGA,2020-02-17,Harga Selisih
BNGA,2020-02-18,Harga Selisih
BNGA,2020-02-19,Harga Selisih
BNGA,2020-02-20,Harga Selisih
BNGA,2020-02-21,Harga Selisih
BNGA,2020-02-24,Harga Selisih
BNGA,2020-02-25,Harga Selisih
BNGA,2020-02-26,Harga Selisih
BNGA,2020-02-27,Harga Selisih
BNGA,2020-02-28,Harga Selisih
BNGA,2020-03-02,Harga Selisih
BNGA,2020-03-03,Harga Selisih
BNGA,2020-03-04,Harga Selisih
BNGA,2020-03-05,Harga Selisih
BNGA,2020-03-06,Harga Selisih
BNGA,2020-03-09,Harga Selisih
BNGA,2020-03-10,Harga Selisih
BNGA,2020-03-11,Harga Selisih
BNGA,2020-03-12,Harga Selisih
BNGA,2020-03-13,Harga Selisih
BNGA,2020-03-16,Harga Selisih
BNGA,2020-03-17,Harga Selisih
BNGA,2020-03-18,Harga Selisih
BNGA,2020-03-19,Harga Selisih
BNGA,2020-03-20,Harga Selisih
BNGA,2020-03-23,Harga Selisih
BNGA,2020-03-24,Harga Selisih
BNGA,2020-03-26,Harga Selisih
BNGA,2020-03-27,Harga Selisih
BNGA,2020-03-30,Harga Selisih
BNGA,2020-03-31,Harga Selisih
BNGA,2020-04-01,Harga Selisih
BNGA,2020-04-02,Harga Selisih
BNGA,2020-04-03,Harga Selisih
BNGA,2020-04-06,Harga Selisih
BNGA,2020-04-07,Harga Selisih
BNGA,2020-04-08,Harga Selisih
BNGA,2020-04-09,Harga Selisih
BNGA,2020-04-13,Harga Selisih
BNGA,2020-04-14,Harga Selisih
BNGA,2020-04-15,Harga Selisih
BNGA,2020-04-16,Harga Selisih
BNGA,2020-04-17,Harga Selisih
BNGA,2020-04-20,Harga Selisih
BNGA,2020-04-21,Harga Selisih
BNGA,2020-04-22,Harga Selisih
BNGA,2020-04-23,Harga Selisih
BNGA,2020-04-24,Harga Selisih
BNGA,2020-04-27,Harga Selisih
BNGA,2020-04-28,Harga Selisih
BNGA,2020-04-29,Harga Selisih
BNGA,2020-04-30,Harga Selisih
BNGA,2020-05-04,Harga Selisih
BNGA,2020-05-05,Harga Selisih
BNGA,2020-05-06,Harga Selisih
BNGA,2020-05-08,Harga Selisih
BNGA,2020-05-11,Harga Selisih
BNGA,2020-05-12,Harga Selisih
BNGA,2020-05-13,Harga Selisih
BNGA,2020-05-14,Harga Selisih
BNGA,2020-05-15,Harga Selisih
BNGA,2020-05-18,Harga Selisih
BNGA,2020-05-19,Harga Selisih
BNGA,2020-05-20,Harga Selisih
BNGA,2020-05-26,Harga Selisih
BNGA,2020-05-27,Harga Selisih
BNGA,2020-05-28,Harga Selisih
BNGA,2020-05-29,Harga Selisih
BNGA,2020-06-02,Harga Selisih
BNGA,2020-06-03,Harga Selisih
BNGA,2020-06-04,Harga Selisih
BNGA,2020-06-05,Harga Selisih
BNGA,2020-06-08,Harga Selisih
BNGA,2020-06-09,Harga Selisih
BNGA,2020-06-10,Harga Selisih
BNGA,2020-06-11,Harga Selisih
BNGA,2020-06-12,Harga Selisih
BNGA,2020-06-15,Harga Selisih
BNGA,2020-06-16,Harga Selisih
BNGA,2020-06-17,Harga Selisih
BNGA,2020-06-18,Harga Selisih
BNGA,2020-06-19,Harga Selisih
BNGA,2020-06-22,Harga Selisih
BNGA,2020-06-23,Harga Selisih
BNGA,2020-06-24,Harga Selisih
BNGA,2020-06-25,Harga Selisih
BNGA,2020-06-26,Harga Selisih
BNGA,2020-06-29,Harga Selisih
BNGA,2020-06-30,Harga Selisih
BNGA,2020-07-01,Harga Selisih
BNGA,2020-07-02,Harga Selisih
BNGA,2020-07-03,Harga Selisih
BNGA,2020-07-06,Harga Selisih
BNGA,2020-07-07,Harga Selisih
BNGA,2020-07-08,Harga Selisih
BNGA,2020-07-09,Harga Selisih
BNGA,2020-07-10,Harga Selisih
BNGA,2020-07-13,Harga Selisih
BNGA,2020-07-14,Harga Selisih
BNGA,2020-07-15,Harga Selisih
BNGA,2020-07-16,Harga Selisih
BNGA,2020-07-17,Harga Selisih
BNGA,2020-07-20,Harga Selisih
BNGA,2020-07-21,Harga Selisih
BNGA,2020-07-22,Harga Selisih
BNGA,2020-07-23,Harga Selisih
BNGA,2020-07-24,Harga Selisih
BNGA,2020-07-27,Harga Selisih
BNGA,2020-07-28,Harga Selisih
BNGA,2020-07-29,Harga Selisih
BNGA,2020-07-30,Harga Selisih
BNGA,2020-08-03,Harga Selisih
BNGA,2020-08-04,Harga Selisih
BNGA,2020-08-05,Harga Selisih
BNGA,2020-08-06,Harga Selisih
BNGA,2020-08-07,Harga Selisih
BNGA,2020-08-10,Harga Selisih
BNGA,2020-08-11,Harga Selisih
BNGA,2020-08-12,Harga Selisih
BNGA,2020-08-13,Harga Selisih
BNGA,2020-08-14,Harga Selisih
BNGA,2020-08-18,Harga Selisih
BNGA,2020-08-19,Harga Selisih
BNGA,2020-08-24,Harga Selisih
BNGA,2020-08-25,Harga Selisih
BNGA,2020-08-26,Harga Selisih
BNGA,2020-08-27,Harga Selisih
BNGA,2020-08-28,Harga Selisih
BNGA,2020-08-31,Harga Selisih
BNGA,2020-09-01,Harga Selisih
BNGA,2020-09-02,Harga Selisih
BNGA,2020-09-03,Harga Selisih
BNGA,2020-09-04,Harga Selisih
BNGA,2020-09-07,Harga Selisih
BNGA,2020-09-08,Harga Selisih
BNGA,2020-09-09,Harga Selisih
BNGA,2020-09-10,Harga Selisih
BNGA,2020-09-11,Harga Selisih
BNGA,2020-09-14,Harga Selisih
BNGA,2020-09-15,Harga Selisih
BNGA,2020-09-16,Harga Selisih
BNGA,2020-09-17,Harga Selisih
BNGA,2020-09-18,Harga Selisih
BNGA,2020-09-21,Harga Selisih
BNGA,2020-09-22,Harga Selisih
BNGA,2020-09-23,Harga Selisih
BNGA,2020-09-24,Harga Selisih
BNGA,2020-09-25,Harga Selisih
BNGA,2020-09-28,Harga Selisih
BNGA,2020-09-29,Harga Selisih
BNGA,2020-09-30,Harga Selisih
BNGA,2020-10-01,Harga Selisih
BNGA,2020-10-02,Harga Selisih
BNGA,2020-10-05,Harga Selisih
BNGA,2020-10-06,Harga Selisih
BNGA,2020-10-07,Harga Selisih
BNGA,2020-10-08,Harga Selisih
BNGA,2020-10-09,Harga Selisih
BNGA,2020-10-12,Harga Selisih
BNGA,2020-10-13,Harga Selisih
BNGA,2020-10-14,Harga Selisih
BNGA,2020-10-15,Harga Selisih
BNGA,2020-10-16,Harga Selisih
BNGA,2020-10-19,Harga Selisih
BNGA,2020-10-20,Harga Selisih
BNGA,2020-10-21,Harga Selisih
BNGA,2020-10-22,Harga Selisih
BNGA,2020-10-23,Harga Selisih
BNGA,2020-10-26,Harga Selisih
BNGA,2020-10-27,Harga Selisih
BNGA,2020-11-02,Harga Selisih
BNGA,2020-11-03,Harga Selisih
BNGA,2020-11-04,Harga Selisih
BNGA,2020-11-05,Harga Selisih
BNGA,2020-11-06,Harga Selisih
BNGA,2020-11-09,Harga Selisih
BNGA,2020-11-10,Harga Selisih
BNGA,2020-11-11,Harga Selisih
BNGA,2020-11-12,Harga Selisih
BNGA,2020-11-13,Harga Selisih
BNGA,2020-11-16,Harga Selisih
BNGA,2020-11-17,Harga Selisih
BNGA,2020-11-18,Harga Selisih
BNGA,2020-11-19,Harga Selisih
BNGA,2020-11-20,Harga Selisih
BNGA,2020-11-23,Harga Selisih
BNGA,2020-11-24,Harga Selisih
BNGA,2020-11-25,Harga Selisih
BNGA,2020-11-26,Harga Selisih
BNGA,2020-11-27,Harga Selisih
BNGA,2020-11-30,Harga Selisih
BNGA,2020-12-01,Harga Selisih
BNGA,2020-12-02,Harga Selisih
BNGA,2020-12-03,Harga Selisih
BNGA,2020-12-04,Harga Selisih
BNGA,2020-12-07,Harga Selisih
BNGA,2020-12-08,Harga Selisih
BNGA,2020-12-10,Harga Selisih
BNGA,2020-12-11,Harga Selisih
BNGA,2020-12-14,Harga Selisih
BNGA,2020-12-15,Harga Selisih
BNGA,2020-12-16,Harga Selisih
BNGA,2020-12-17,Harga Selisih
BNGA,2020-12-18,Harga Selisih
BNGA,2020-12-21,Harga Selisih
BNGA,2020-12-22,Harga Selisih
BNGA,2020-12-23,Harga Selisih
BNGA,2020-12-28,Harga Selisih
BNGA,2020-12-29,Harga Selisih
BNGA,2020-12-30,Harga Selisih
BNGA,2021-01-04,Harga Selisih
BNGA,2021-01-05,Harga Selisih
BNGA,2021-01-06,Harga Selisih
BNGA,2021-01-07,Harga Selisih
BNGA,2021-01-08,Harga Selisih
BNGA,2021-01-11,Harga Selisih
BNGA,2021-01-12,Harga Selisih
BNGA,2021-01-13,Harga Selisih
BNGA,2021-01-14,Harga Selisih
BNGA,2021-01-15,Harga Selisih
BNGA,2021-01-18,Harga Selisih
BNGA,2021-01-19,Harga Selisih
BNGA,2021-01-20,Harga Selisih
BNGA,2021-01-21,Harga Selisih
BNGA,2021-01-22,Harga Selisih
BNGA,2021-01-25,Harga Selisih
BNGA,2021-01-26,Harga Selisih
BNGA,2021-01-27,Harga Selisih
BNGA,2021-01-28,Harga Selisih
BNGA,2021-01-29,Harga Selisih
BNGA,2021-02-01,Harga Selisih
BNGA,2021-02-02,Harga Selisih
BNGA,2021-02-03,Harga Selisih
BNGA,2021-02-04,Harga Selisih
BNGA,2021-02-05,Harga Selisih
BNGA,2021-02-08,Harga Selisih
BNGA,2021-02-09,Harga Selisih
BNGA,2021-02-10,Harga Selisih
BNGA,2021-02-11,Harga Selisih
BNGA,2021-02-15,Harga Selisih
BNGA,2021-02-16,Harga Selisih
BNGA,2021-02-17,Harga Selisih
BNGA,2021-02-18,Harga Selisih
BNGA,2021-02-19,Harga Selisih
BNGA,2021-02-22,Harga Selisih
BNGA,2021-02-23,Harga Selisih
BNGA,2021-02-24,Harga Selisih
BNGA,2021-02-25,Harga Selisih
BNGA,2021-02-26,Harga Selisih
BNGA,2021-03-01,Harga Selisih
BNGA,2021-03-02,Harga Selisih
BNGA,2021-03-03,Harga Selisih
BNGA,2021-03-04,Harga Selisih
BNGA,2021-03-05,Harga Selisih
BNGA,2021-03-08,Harga Selisih
BNGA,2021-03-09,Harga Selisih
BNGA,2021-03-10,Harga Selisih
BNGA,2021-03-12,Harga Selisih
BNGA,2021-03-15,Harga Selisih
BNGA,2021-03-16,Harga Selisih
BNGA,2021-03-17,Harga Selisih
BNGA,2021-03-18,Harga Selisih
BNGA,2021-03-19,Harga Selisih
BNGA,2021-03-22,Harga Selisih
BNGA,2021-03-23,Harga Selisih
BNGA,2021-03-24,Harga Selisih
BNGA,2021-03-25,Harga Selisih
BNGA,2021-03-26,Harga Selisih
BNGA,2021-03-29,Harga Selisih
BNGA,2021-03-30,Harga Selisih
BNGA,2021-03-31,Harga Selisih
BNGA,2021-04-01,Harga Selisih
BNGA,2021-04-05,Harga Selisih
BNGA,2021-04-06,Harga Selisih
BNGA,2021-04-07,Harga Selisih
BNGA,2021-04-08,Harga Selisih
BNGA,2021-04-09,Harga Selisih
BNGA,2021-04-12,Harga Selisih
BNGA,2021-04-13,Harga Selisih
BNGA,2021-04-14,Harga Selisih
BNGA,2021-04-15,Harga Selisih
BNGA,2021-04-16,Harga Selisih
BNGA,2021-04-19,Harga Selisih
BNGA,2021-04-20,Harga Selisih
BNGA,2021-04-21,Harga Selisih
BNGA,2021-04-22,Harga Selisih
BNGA,2021-04-23,Harga Selisih
BNGA,2021-04-26,Harga Selisih
BNGA,2021-04-27,Harga Selisih
BNGA,2021-04-28,Harga Selisih
BNGA,2021-04-29,Harga Selisih
BNGA,2021-04-30,Harga Selisih
BNGA,2021-05-03,Harga Selisih
BNGA,2021-05-04,Harga Selisih
BNGA,2021-05-05,Harga Selisih
BNGA,2021-05-06,Harga Selisih
BNGA,2021-05-07,Harga Selisih
BNGA,2021-05-10,Harga Selisih
BNGA,2021-05-11,Harga Selisih
BNGA,2021-05-17,Harga Selisih
BNGA,2021-05-18,Harga Selisih
BNGA,2021-05-19,Harga Selisih
BNGA,2021-05-20,Harga Selisih
BNGA,2021-05-21,Harga Selisih
BNGA,2021-05-24,Harga Selisih
BNGA,2021-05-25,Harga Selisih
BNGA,2021-05-27,Harga Selisih
BNGA,2021-05-28,Harga Selisih
BNGA,2021-05-31,Harga Selisih
BNGA,2021-06-02,Harga Selisih
BNGA,2021-06-03,Harga Selisih
BNGA,2021-06-04,Harga Selisih
BNGA,2021-06-07,Harga Selisih
BNGA,2021-06-08,Harga Selisih
BNGA,2021-06-09,Harga Selisih
BNGA,2021-06-10,Harga Selisih
BNGA,2021-06-11,Harga Selisih
BNGA,2021-06-14,Harga Selisih
BNGA,2021-06-15,Harga Selisih
BNGA,2021-06-16,Harga Selisih
BNGA,2021-06-17,Harga Selisih
BNGA,2021-06-18,Harga Selisih
BNGA,2021-06-21,Harga Selisih
BNGA,2021-06-22,Harga Selisih
BNGA,2021-06-23,Harga Selisih
BNGA,2021-06-24,Harga Selisih
BNGA,2021-06-25,Harga Selisih
BNGA,2021-06-28,Harga Selisih
BNGA,2021-06-29,Harga Selisih
BNGA,2021-06-30,Harga Selisih
BNGA,2021-07-01,Harga Selisih
BNGA,2021-07-02,Harga Selisih
BNGA,2021-07-05,Harga Selisih
BNGA,2021-07-06,Harga Selisih
BNGA,2021-07-07,Harga Selisih
BNGA,2021-07-08,Harga Selisih
BNGA,2021-07-09,Harga Selisih
BNGA,2021-07-12,Harga Selisih
BNGA,2021-07-13,Harga Selisih
BNGA,2021-07-14,Harga Selisih
BNGA,2021-07-15,Harga Selisih
BNGA,2021-07-16,Harga Selisih
BNGA,2021-07-19,Harga Selisih
BNGA,2021-07-21,Harga Selisih
BNGA,2021-07-22,Harga Selisih
BNGA,2021-07-23,Harga Selisih
BNGA,2021-07-26,Harga Selisih
BNGA,2021-07-27,Harga Selisih
BNGA,2021-07-28,Harga Selisih
BNGA,2021-07-29,Harga Selisih
BNGA,2021-07-30,Harga Selisih
BNGA,2021-08-02,Harga Selisih
BNGA,2021-08-03,Harga Selisih
BNGA,2021-08-04,Harga Selisih
BNGA,2021-08-05,Harga Selisih
BNGA,2021-08-06,Harga Selisih
BNGA,2021-08-09,Harga Selisih
BNGA,2021-08-10,Harga Selisih
BNGA,2021-08-12,Harga Selisih
BNGA,2021-08-13,Harga Selisih
BNGA,2021-08-16,Harga Selisih
BNGA,2021-08-18,Harga Selisih
BNGA,2021-08-19,Harga Selisih
BNGA,2021-08-20,Harga Selisih
BNGA,2021-08-23,Harga Selisih
BNGA,2021-08-24,Harga Selisih
BNGA,2021-08-25,Harga Selisih
BNGA,2021-08-26,Harga Selisih
BNGA,2021-08-27,Harga Selisih
BNGA,2021-08-30,Harga Selisih
BNGA,2021-08-31,Harga Selisih
BNGA,2021-09-01,Harga Selisih
BNGA,2021-09-02,Harga Selisih
BNGA,2021-09-03,Harga Selisih
BNGA,2021-09-06,Harga Selisih
BNGA,2021-09-07,Harga Selisih
BNGA,2021-09-08,Harga Selisih
BNGA,2021-09-09,Harga Selisih
BNGA,2021-09-10,Harga Selisih
BNGA,2021-09-13,Harga Selisih
BNGA,2021-09-14,Harga Selisih
BNGA,2021-09-15,Harga Selisih
BNGA,2021-09-16,Harga Selisih
BNGA,2021-09-17,Harga Selisih
BNGA,2021-09-20,Harga Selisih
BNGA,2021-09-21,Harga Selisih
BNGA,2021-09-22,Harga Selisih
BNGA,2021-09-23,Harga Selisih
BNGA,2021-09-24,Harga Selisih
BNGA,2021-09-27,Harga Selisih
BNGA,2021-09-28,Harga Selisih
BNGA,2021-09-29,Harga Selisih
BNGA,2021-09-30,Harga Selisih
BNGA,2021-10-01,Harga Selisih
BNGA,2021-10-04,Harga Selisih
BNGA,2021-10-05,Harga Selisih
BNGA,2021-10-06,Harga Selisih
BNGA,2021-10-07,Harga Selisih
BNGA,2021-10-08,Harga Selisih
BNGA,2021-10-11,Harga Selisih
BNGA,2021-10-12,Harga Selisih
BNGA,2021-10-13,Harga Selisih
BNGA,2021-10-14,Harga Selisih
BNGA,2021-10-15,Harga Selisih
BNGA,2021-10-18,Harga Selisih
BNGA,2021-10-19,Harga Selisih
BNGA,2021-10-21,Harga Selisih
BNGA,2021-10-22,Harga Selisih
BNGA,2021-10-25,Harga Selisih
BNGA,2021-10-26,Harga Selisih
BNGA,2021-10-27,Harga Selisih
BNGA,2021-10-28,Harga Selisih
BNGA,2021-10-29,Harga Selisih
BNGA,2021-11-01,Harga Selisih
BNGA,2021-11-02,Harga Selisih
BNGA,2021-11-03,Harga Selisih
BNGA,2021-11-04,Harga Selisih
BNGA,2021-11-05,Harga Selisih
BNGA,2021-11-08,Harga Selisih
BNGA,2021-11-09,Harga Selisih
BNGA,2021-11-10,Harga Selisih
BNGA,2021-11-11,Harga Selisih
BNGA,2021-11-12,Harga Selisih
BNGA,2021-11-15,Harga Selisih
BNGA,2021-11-16,Harga Selisih
BNGA,2021-11-17,Harga Selisih
BNGA,2021-11-18,Harga Selisih
BNGA,2021-11-19,Harga Selisih
BNGA,2021-11-22,Harga Selisih
BNGA,2021-11-23,Harga Selisih
BNGA,2021-11-24,Harga Selisih
BNGA,2021-11-25,Harga Selisih
BNGA,2021-11-26,Harga Selisih
BNGA,2021-11-29,Harga Selisih
BNGA,2021-11-30,Harga Selisih
BNGA,2021-12-01,Harga Selisih
BNGA,2021-12-02,Harga Selisih
BNGA,2021-12-03,Harga Selisih
BNGA,2021-12-06,Harga Selisih
BNGA,2021-12-07,Harga Selisih
BNGA,2021-12-08,Harga Selisih
BNGA,2021-12-09,Harga Selisih
BNGA,2021-12-10,Harga Selisih
BNGA,2021-12-13,Harga Selisih
BNGA,2021-12-14,Harga Selisih
BNGA,2021-12-15,Harga Selisih
BNGA,2021-12-16,Harga Selisih
BNGA,2021-12-17,Harga Selisih
BNGA,2021-12-20,Harga Selisih
BNGA,2021-12-21,Harga Selisih
BNGA,2021-12-22,Harga Selisih
BNGA,2021-12-23,Harga Selisih
BNGA,2021-12-24,Harga Selisih
BNGA,2021-12-27,Harga Selisih
BNGA,2021-12-28,Harga Selisih
BNGA,2021-12-29,Harga Selisih
BNGA,2021-12-30,Harga Selisih
BNGA,2022-01-03,Harga Selisih
BNGA,2022-01-04,Harga Selisih
BNGA,2022-01-05,Harga Selisih
BNGA,2022-01-06,Harga Selisih
BNGA,2022-01-07,Harga Selisih
BNGA,2022-01-10,Harga Selisih
BNGA,2022-01-11,Harga Selisih
BNGA,2022-01-12,Harga Selisih
BNGA,2022-01-13,Harga Selisih
BNGA,2022-01-14,Harga Selisih
BNGA,2022-01-17,Harga Selisih
BNGA,2022-01-18,Harga Selisih
BNGA,2022-01-19,Harga Selisih
BNGA,2022-01-20,Harga Selisih
BNGA,2022-01-21,Harga Selisih
BNGA,2022-01-24,Harga Selisih
BNGA,2022-01-25,Harga Selisih
BNGA,2022-01-26,Harga Selisih
BNGA,2022-01-27,Harga Selisih
BNGA,2022-01-28,Harga Selisih
BNGA,2022-01-31,Harga Selisih
BNGA,2022-02-02,Harga Selisih
BNGA,2022-02-03,Harga Selisih
BNGA,2022-02-04,Harga Selisih
BNGA,2022-02-07,Harga Selisih
BNGA,2022-02-08,Harga Selisih
BNGA,2022-02-09,Harga Selisih
BNGA,2022-02-10,Harga Selisih
BNGA,2022-02-11,Harga Selisih
BNGA,2022-02-14,Harga Selisih
BNGA,2022-02-15,Harga Selisih
BNGA,2022-02-16,Harga Selisih
BNGA,2022-02-17,Harga Selisih
BNGA,2022-02-18,Harga Selisih
BNGA,2022-02-21,Harga Selisih
BNGA,2022-02-22,Harga Selisih
BNGA,2022-02-23,Harga Selisih
BNGA,2022-02-24,Harga Selisih
BNGA,2022-02-25,Harga Selisih
BNGA,2022-03-01,Harga Selisih
BNGA,2022-03-02,Harga Selisih
BNGA,2022-03-04,Harga Selisih
BNGA,2022-03-07,Harga Selisih
BNGA,2022-03-08,Harga Selisih
BNGA,2022-03-09,Harga Selisih
BNGA,2022-03-10,Harga Selisih
BNGA,2022-03-11,Harga Selisih
BNGA,2022-03-14,Harga Selisih
BNGA,2022-03-15,Harga Selisih
BNGA,2022-03-16,Harga Selisih
BNGA,2022-03-17,Harga Selisih
BNGA,2022-03-18,Harga Selisih
BNGA,2022-03-21,Harga Selisih
BNGA,2022-03-22,Harga Selisih
BNGA,2022-03-23,Harga Selisih
BNGA,2022-03-24,Harga Selisih
BNGA,2022-03-25,Harga Selisih
BNGA,2022-03-28,Harga Selisih
BNGA,2022-03-29,Harga Selisih
BNGA,2022-03-30,Harga Selisih
BNGA,2022-03-31,Harga Selisih
BNGA,2022-04-01,Harga Selisih
BNGA,2022-04-04,Harga Selisih
BNGA,2022-04-05,Harga Selisih
BNGA,2022-04-06,Harga Selisih
BNGA,2022-04-07,Harga Selisih
BNGA,2022-04-08,Harga Selisih
BNGA,2022-04-11,Harga Selisih
BNGA,2022-04-12,Harga Selisih
BNGA,2022-04-13,Harga Selisih
BNGA,2022-04-14,Harga Selisih
BNGA,2022-04-18,Harga Selisih
BNGA,2022-04-19,Harga Selisih
BNGA,2022-04-20,Harga Selisih
BNGA,2022-04-21,Harga Selisih
BNGA,2022-04-22,Harga Selisih
BNGA,2022-04-25,Harga Selisih
BNGA,2022-04-26,Harga Selisih
BNGA,2022-04-27,Harga Selisih
BNGA,2022-04-28,Harga Selisih
BNGA,2022-05-09,Harga Selisih
BNGA,2022-05-10,Harga Selisih
BNGA,2022-05-11,Harga Selisih
BNGA,2022-05-12,Harga Selisih
BNGA,2022-05-13,Harga Selisih
BNGA,2022-05-17,Harga Selisih
BNGA,2022-05-18,Harga Selisih
BNGA,2022-05-19,Harga Selisih
BNGA,2022-05-20,Harga Selisih
BNGA,2022-05-23,Harga Selisih
BNGA,2022-05-24,Harga Selisih
BNGA,2022-05-25,Harga Selisih
BNGA,2022-05-27,Harga Selisih
BNGA,2022-05-30,Harga Selisih
BNGA,2022-05-31,Harga Selisih
BNGA,2022-06-02,Harga Selisih
BNGA,2022-06-03,Harga Selisih
BNGA,2022-06-06,Harga Selisih
BNGA,2022-06-07,Harga Selisih
BNGA,2022-06-08,Harga Selisih
BNGA,2022-06-09,Harga Selisih
BNGA,2022-06-10,Harga Selisih
BNGA,2022-06-13,Harga Selisih
BNGA,2022-06-14,Harga Selisih
BNGA,2022-06-15,Harga Selisih
BNGA,2022-06-16,Harga Selisih
BNGA,2022-06-17,Harga Selisih
BNGA,2022-06-20,Harga Selisih
BNGA,2022-06-21,Harga Selisih
BNGA,2022-06-22,Harga Selisih
BNGA,2022-06-23,Harga Selisih
BNGA,2022-06-24,Harga Selisih
BNGA,2022-06-27,Harga Selisih
BNGA,2022-06-28,Harga Selisih
BNGA,2022-06-29,Harga Selisih
BNGA,2022-06-30,Harga Selisih
BNGA,2022-07-01,Harga Selisih
BNGA,2022-07-04,Harga Selisih
BNGA,2022-07-05,Harga Selisih
BNGA,2022-07-06,Harga Selisih
BNGA,2022-07-07,Harga Selisih
BNGA,2022-07-08,Harga Selisih
BNGA,2022-07-11,Harga Selisih
BNGA,2022-07-12,Harga Selisih
BNGA,2022-07-13,Harga Selisih
BNGA,2022-07-14,Harga Selisih
BNGA,2022-07-15,Harga Selisih
BNGA,2022-07-18,Harga Selisih
BNGA,2022-07-19,Harga Selisih
BNGA,2022-07-20,Harga Selisih
BNGA,2022-07-21,Harga Selisih
BNGA,2022-07-22,Harga Selisih
BNGA,2022-07-25,Harga Selisih
BNGA,2022-07-26,Harga Selisih
BNGA,2022-07-27,Harga Selisih
BNGA,2022-07-28,Harga Selisih
BNGA,2022-07-29,Harga Selisih
BNGA,2022-08-01,Harga Selisih
BNGA,2022-08-02,Harga Selisih
BNGA,2022-08-03,Harga Selisih
BNGA,2022-08-04,Harga Selisih
BNGA,2022-08-05,Harga Selisih
BNGA,2022-08-08,Harga Selisih
BNGA,2022-08-09,Harga Selisih
BNGA,2022-08-10,Harga Selisih
BNGA,2022-08-11,Harga Selisih
BNGA,2022-08-12,Harga Selisih
BNGA,2022-08-15,Harga Selisih
BNGA,2022-08-16,Harga Selisih
BNGA,2022-08-18,Harga Selisih
BNGA,2022-08-19,Harga Selisih
BNGA,2022-08-22,Harga Selisih
BNGA,2022-08-23,Harga Selisih
BNGA,2022-08-24,Harga Selisih
BNGA,2022-08-25,Harga Selisih
BNGA,2022-08-26,Harga Selisih
BNGA,2022-08-29,Harga Selisih
BNGA,2022-08-30,Harga Selisih
BNGA,2022-08-31,Harga Selisih
BNGA,2022-09-01,Harga Selisih
BNGA,2022-09-02,Harga Selisih
BNGA,2022-09-05,Harga Selisih
BNGA,2022-09-06,Harga Selisih
BNGA,2022-09-07,Harga Selisih
BNGA,2022-09-08,Harga Selisih
BNGA,2022-09-09,Harga Selisih
BNGA,2022-09-12,Harga Selisih
BNGA,2022-09-13,Harga Selisih
BNGA,2022-09-14,Harga Selisih
BNGA,2022-09-15,Harga Selisih
BNGA,2022-09-16,Harga Selisih
BNGA,2022-09-19,Harga Selisih
BNGA,2022-09-20,Harga Selisih
BNGA,2022-09-21,Harga Selisih
BNGA,2022-09-22,Harga Selisih
BNGA,2022-09-23,Harga Selisih
BNGA,2022-09-26,Harga Selisih
BNGA,2022-09-27,Harga Selisih
BNGA,2022-09-28,Harga Selisih
BNGA,2022-09-29,Harga Selisih
BNGA,2022-09-30,Harga Selisih
BNGA,2022-10-03,Harga Selisih
BNGA,2022-10-04,Harga Selisih
BNGA,2022-10-05,Harga Selisih
BNGA,2022-10-06,Harga Selisih
BNGA,2022-10-07,Harga Selisih
BNGA,2022-10-10,Harga Selisih
BNGA,2022-10-11,Harga Selisih
BNGA,2022-10-12,Harga Selisih
BNGA,2022-10-13,Harga Selisih
BNGA,2022-10-14,Harga Selisih
BNGA,2022-10-17,Harga Selisih
BNGA,2022-10-18,Harga Selisih
BNGA,2022-10-19,Harga Selisih
BNGA,2022-10-20,Harga Selisih
BNGA,2022-10-21,Harga Selisih
BNGA,2022-10-24,Harga Selisih
BNGA,2022-10-25,Harga Selisih
BNGA,2022-10-26,Harga Selisih
BNGA,2022-10-27,Harga Selisih
BNGA,2022-10-28,Harga Selisih
BNGA,2022-10-31,Harga Selisih
BNGA,2022-11-01,Harga Selisih
BNGA,2022-11-02,Harga Selisih
BNGA,2022-11-03,Harga Selisih
BNGA,2022-11-04,Harga Selisih
BNGA,2022-11-07,Harga Selisih
BNGA,2022-11-08,Harga Selisih
BNGA,2022-11-09,Harga Selisih
BNGA,2022-11-10,Harga Selisih
BNGA,2022-11-11,Harga Selisih
BNGA,2022-11-14,Harga Selisih
BNGA,2022-11-15,Harga Selisih
BNGA,2022-11-16,Harga Selisih
BNGA,2022-11-17,Harga Selisih
BNGA,2022-11-18,Harga Selisih
BNGA,2022-11-21,Harga Selisih
BNGA,2022-11-22,Harga Selisih
BNGA,2022-11-23,Harga Selisih
BNGA,2022-11-24,Harga Selisih
BNGA,2022-11-25,Harga Selisih
BNGA,2022-11-28,Harga Selisih
BNGA,2022-11-29,Harga Selisih
BNGA,2022-11-30,Harga Selisih
BNGA,2022-12-01,Harga Selisih
BNGA,2022-12-02,Harga Selisih
BNGA,2022-12-05,Harga Selisih
BNGA,2022-12-06,Harga Selisih
BNGA,2022-12-07,Harga Selisih
BNGA,2022-12-08,Harga Selisih
BNGA,2022-12-09,Harga Selisih
BNGA,2022-12-12,Harga Selisih
BNGA,2022-12-13,Harga Selisih
BNGA,2022-12-14,Harga Selisih
BNGA,2022-12-15,Harga Selisih
BNGA,2022-12-16,Harga Selisih
BNGA,2022-12-19,Harga Selisih
BNGA,2022-12-20,Harga Selisih
BNGA,2022-12-21,Harga Selisih
BNGA,2022-12-22,Harga Selisih
BNGA,2022-12-23,Harga Selisih
BNGA,2022-12-26,Harga Selisih
BNGA,2022-12-27,Harga Selisih
BNGA,2022-12-28,Harga Selisih
BNGA,2022-12-29,Harga Selisih
BNGA,2022-12-30,Harga Selisih
BNGA,2023-01-02,Harga Selisih
BNGA,2023-01-03,Harga Selisih
BNGA,2023-01-04,Harga Selisih
BNGA,2023-01-05,Harga Selisih
BNGA,2023-01-06,Harga Selisih
BNGA,2023-01-09,Harga Selisih
BNGA,2023-01-10,Harga Selisih
BNGA,2023-01-11,Harga Selisih
BNGA,2023-01-12,Harga Selisih
BNGA,2023-01-13,Harga Selisih
BNGA,2023-01-16,Harga Selisih
BNGA,2023-01-17,Harga Selisih
BNGA,2023-01-18,Harga Selisih
BNGA,2023-01-19,Harga Selisih
BNGA,2023-01-20,Harga Selisih
BNGA,2023-01-24,Harga Selisih
BNGA,2023-01-25,Harga Selisih
BNGA,2023-01-26,Harga Selisih
BNGA,2023-01-27,Harga Selisih
BNGA,2023-01-30,Harga Selisih
BNGA,2023-01-31,Harga Selisih
BNGA,2023-02-01,Harga Selisih
BNGA,2023-02-02,Harga Selisih
BNGA,2023-02-03,Harga Selisih
BNGA,2023-02-06,Harga Selisih
BNGA,2023-02-07,Harga Selisih
BNGA,2023-02-08,Harga Selisih
BNGA,2023-02-09,Harga Selisih
BNGA,2023-02-10,Harga Selisih
BNGA,2023-02-13,Harga Selisih
BNGA,2023-02-14,Harga Selisih
BNGA,2023-02-15,Harga Selisih
BNGA,2023-02-16,Harga Selisih
BNGA,2023-02-17,Harga Selisih
BNGA,2023-02-20,Harga Selisih
BNGA,2023-02-21,Harga Selisih
BNGA,2023-02-22,Harga Selisih
BNGA,2023-02-23,Harga Selisih
BNGA,2023-02-24,Harga Selisih
BNGA,2023-02-27,Harga Selisih
BNGA,2023-02-28,Harga Selisih
BNGA,2023-03-01,Harga Selisih
BNGA,2023-03-02,Harga Selisih
BNGA,2023-03-03,Harga Selisih
BNGA,2023-03-06,Harga Selisih
BNGA,2023-03-07,Harga Selisih
BNGA,2023-03-08,Harga Selisih
BNGA,2023-03-09,Harga Selisih
BNGA,2023-03-10,Harga Selisih
BNGA,2023-03-13,Harga Selisih
BNGA,2023-03-14,Harga Selisih
BNGA,2023-03-15,Harga Selisih
BNGA,2023-03-16,Harga Selisih
BNGA,2023-03-17,Harga Selisih
BNGA,2023-03-20,Harga Selisih
BNGA,2023-03-21,Harga Selisih
BNGA,2023-03-24,Harga Selisih
BNGA,2023-03-27,Harga Selisih
BNGA,2023-03-28,Harga Selisih
BNGA,2023-03-29,Harga Selisih
BNGA,2023-03-30,Harga Selisih
BNGA,2023-03-31,Harga Selisih
BNGA,2023-04-03,Harga Selisih
BNGA,2023-04-04,Harga Selisih
BNGA,2023-04-05,Harga Selisih
BNGA,2023-04-06,Harga Selisih
BNGA,2023-04-10,Harga Selisih
BNGA,2023-04-11,Harga Selisih
BNGA,2023-04-12,Harga Selisih
BNGA,2023-04-13,Harga Selisih
BNGA,2023-04-14,Harga Selisih
BNGA,2023-04-17,Harga Selisih
BNGA,2023-04-18,Harga Selisih
BNGA,2023-04-26,Harga Selisih
BNGA,2023-04-27,Harga Selisih
BNGA,2023-04-28,Harga Selisih
BNGA,2023-05-02,Harga Selisih
BNGA,2023-05-03,Harga Selisih
BNGA,2023-05-04,Harga Selisih
BNGA,2023-05-05,Harga Selisih
BNGA,2023-05-08,Harga Selisih
BNGA,2023-05-09,Harga Selisih
BNGA,2023-05-10,Harga Selisih
BNGA,2023-05-11,Harga Selisih
BNGA,2023-05-12,Harga Selisih
BNGA,2023-05-15,Harga Selisih
BNGA,2023-05-16,Harga Selisih
BNGA,2023-05-17,Harga Selisih
BNGA,2023-05-19,Harga Selisih
BNGA,2023-05-22,Harga Selisih
BNGA,2023-05-23,Harga Selisih
BNGA,2023-05-24,Harga Selisih
BNGA,2023-05-25,Harga Selisih
BNGA,2023-05-26,Harga Selisih
BNGA,2023-05-29,Harga Selisih
BNGA,2023-05-30,Harga Selisih
BNGA,2023-05-31,Harga Selisih
BNGA,2023-06-05,Harga Selisih
BNGA,2023-06-06,Harga Selisih
BNGA,2023-06-07,Harga Selisih
BNGA,2023-06-08,Harga Selisih
BNGA,2023-06-09,Harga Selisih
BNGA,2023-06-12,Harga Selisih
BNGA,2023-06-13,Harga Selisih
BNGA,2023-06-14,Harga Selisih
BNGA,2023-06-15,Harga Selisih
BNGA,2023-06-16,Harga Selisih
BNGA,2023-06-19,Harga Selisih
BNGA,2023-06-20,Harga Selisih
BNGA,2023-06-21,Harga Selisih
BNGA,2023-06-22,Harga Selisih
BNGA,2023-06-23,Harga Selisih
BNGA,2023-06-26,Harga Selisih
BNGA,2023-06-27,Harga Selisih
BNGA,2023-07-03,Harga Selisih
BNGA,2023-07-04,Harga Selisih
BNGA,2023-07-05,Harga Selisih
BNGA,2023-07-06,Harga Selisih
BNGA,2023-07-07,Harga Selisih
BNGA,2023-07-10,Harga Selisih
BNGA,2023-07-11,Harga Selisih
BNGA,2023-07-12,Harga Selisih
BNGA,2023-07-13,Harga Selisih
BNGA,2023-07-14,Harga Selisih
BNGA,2023-07-17,Harga Selisih
BNGA,2023-07-18,Harga Selisih
BNGA,2023-07-20,Harga Selisih
BNGA,2023-07-21,Harga Selisih
BNGA,2023-07-24,Harga Selisih
BNGA,2023-07-25,Harga Selisih
BNGA,2023-07-26,Harga Selisih
BNGA,2023-07-27,Harga Selisih
BNGA,2023-07-28,Harga Selisih
BNGA,2023-07-31,Harga Selisih
BNGA,2023-08-01,Harga Selisih
BNGA,2023-08-02,Harga Selisih
BNGA,2023-08-03,Harga Selisih
BNGA,2023-08-04,Harga Selisih
BNGA,2023-08-07,Harga Selisih
BNGA,2023-08-08,Harga Selisih
BNGA,2023-08-09,Harga Selisih
BNGA,2023-08-10,Harga Selisih
BNGA,2023-08-11,Harga Selisih
BNGA,2023-08-14,Harga Selisih
BNGA,2023-08-15,Harga Selisih
BNGA,2023-08-16,Harga Selisih
BNGA,2023-08-18,Harga Selisih
BNGA,2023-08-21,Harga Selisih
BNGA,2023-08-22,Harga Selisih
BNGA,2023-08-23,Harga Selisih
BNGA,2023-08-24,Harga Selisih
BNGA,2023-08-25,Harga Selisih
BNGA,2023-08-28,Harga Selisih
BNGA,2023-08-29,Harga Selisih
BNGA,2023-08-30,Harga Selisih
BNGA,2023-08-31,Harga Selisih
BNGA,2023-09-01,Harga Selisih
BNGA,2023-09-04,Harga Selisih
BNGA,2023-09-05,Harga Selisih
BNGA,2023-09-06,Harga Selisih
BNGA,2023-09-07,Harga Selisih
BNGA,2023-09-08,Harga Selisih
BNGA,2023-09-11,Harga Selisih
BNGA,2023-09-12,Harga Selisih
BNGA,2023-09-13,Harga Selisih
BNGA,2023-09-14,Harga Selisih
BNGA,2023-09-15,Harga Selisih
BNGA,2023-09-18,Harga Selisih
BNGA,2023-09-19,Harga Selisih
BNGA,2023-09-20,Harga Selisih
BNGA,2023-09-21,Harga Selisih
BNGA,2023-09-22,Harga Selisih
BNGA,2023-09-25,Harga Selisih
BNGA,2023-09-26,Harga Selisih
BNGA,2023-09-27,Harga Selisih
BNGA,2023-09-29,Harga Selisih
BNGA,2023-10-02,Harga Selisih
BNGA,2023-10-03,Harga Selisih
BNGA,2023-10-04,Harga Selisih
BNGA,2023-10-05,Harga Selisih
BNGA,2023-10-06,Harga Selisih
BNGA,2023-10-09,Harga Selisih
BNGA,2023-10-10,Harga Selisih
BNGA,2023-10-11,Harga Selisih
BNGA,2023-10-12,Harga Selisih
BNGA,2023-10-13,Harga Selisih
BNGA,2023-10-16,Harga Selisih
BNGA,2023-10-17,Harga Selisih
BNGA,2023-10-18,Harga Selisih
BNGA,2023-10-19,Harga Selisih
BNGA,2023-10-20,Harga Selisih
BNGA,2023-10-23,Harga Selisih
BNGA,2023-10-24,Harga Selisih
BNGA,2023-10-25,Harga Selisih
BNGA,2023-10-26,Harga Selisih
BNGA,2023-10-27,Harga Selisih
BNGA,2023-10-30,Harga Selisih
BNGA,2023-10-31,Harga Selisih
BNGA,2023-11-01,Harga Selisih
BNGA,2023-11-02,Harga Selisih
BNGA,2023-11-03,Harga Selisih
BNGA,2023-11-06,Harga Selisih
BNGA,2023-11-07,Harga Selisih
BNGA,2023-11-08,Harga Selisih
BNGA,2023-11-09,Harga Selisih
BNGA,2023-11-10,Harga Selisih
BNGA,2023-11-13,Harga Selisih
BNGA,2023-11-14,Harga Selisih
BNGA,2023-11-15,Harga Selisih
BNGA,2023-11-16,Harga Selisih
BNGA,2023-11-17,Harga Selisih
BNGA,2023-11-20,Harga Selisih
BNGA,2023-11-21,Harga Selisih
BNGA,2023-11-22,Harga Selisih
BNGA,2023-11-23,Harga Selisih
BNGA,2023-11-24,Harga Selisih
BNGA,2023-11-27,Harga Selisih
BNGA,2023-11-28,Harga Selisih
BNGA,2023-11-29,Harga Selisih
BNGA,2023-11-30,Harga Selisih
BNGA,2023-12-01,Harga Selisih
BNGA,2023-12-04,Harga Selisih
BNGA,2023-12-05,Harga Selisih
BNGA,2023-12-06,Harga Selisih
BNGA,2023-12-07,Harga Selisih
BNGA,2023-12-08,Harga Selisih
BNGA,2023-12-11,Harga Selisih
BNGA,2023-12-12,Harga Selisih
BNGA,2023-12-13,Harga Selisih
BNGA,2023-12-14,Harga Selisih
BNGA,2023-12-15,Harga Selisih
BNGA,2023-12-18,Harga Selisih
BNGA,2023-12-19,Harga Selisih
BNGA,2023-12-20,Harga Selisih
BNGA,2023-12-21,Harga Selisih
BNGA,2023-12-22,Harga Selisih
BNII,2019-12-26,Harga Selisih
BNII,2019-12-27,Harga Selisih
BNII,2019-12-30,Harga Selisih
BNII,2020-01-02,Harga Selisih
BNII,2020-01-03,Harga Selisih
BNII,2020-01-06,Harga Selisih
BNII,2020-01-07,Harga Selisih
BNII,2020-01-08,Harga Selisih
BNII,2020-01-09,Harga Selisih
BNII,2020-01-10,Harga Selisih
BNII,2020-01-13,Harga Selisih
BNII,2020-01-14,Harga Selisih
BNII,2020-01-15,Harga Selisih
BNII,2020-01-16,Harga Selisih
BNII,2020-01-17,Harga Selisih
BNII,2020-01-20,Harga Selisih
BNII,2020-01-21,Harga Selisih
BNII,2020-01-22,Harga Selisih
BNII,2020-01-23,Harga Selisih
BNII,2020-01-24,Harga Selisih
BNII,2020-01-27,Harga Selisih
BNII,2020-01-28,Harga Selisih
BNII,2020-01-29,Harga Selisih
BNII,2020-01-30,Harga Selisih
BNII,2020-01-31,Harga Selisih
BNII,2020-02-03,Harga Selisih
BNII,2020-02-04,Harga Selisih
BNII,2020-02-05,Harga Selisih
BNII,2020-02-06,Harga Selisih
BNII,2020-02-07,Harga Selisih
BNII,2020-02-10,Harga Selisih
BNII,2020-02-11,Harga Selisih
BNII,2020-02-12,Harga Selisih
BNII,2020-02-13,Harga Selisih
BNII,2020-02-14,Harga Selisih
BNII,2020-02-17,Harga Selisih
BNII,2020-02-18,Harga Selisih
BNII,2020-02-19,Harga Selisih
BNII,2020-02-20,Harga Selisih
BNII,2020-02-21,Harga Selisih
BNII,2020-02-24,Harga Selisih
BNII,2020-02-25,Harga Selisih
BNII,2020-02-26,Harga Selisih
BNII,2020-02-27,Harga Selisih
BNII,2020-02-28,Harga Selisih
BNII,2020-03-02,Harga Selisih
BNII,2020-03-03,Harga Selisih
BNII,2020-03-04,Harga Selisih
BNII,2020-03-05,Harga Selisih
BNII,2020-03-06,Harga Selisih
BNII,2020-03-09,Harga Selisih
BNII,2020-03-10,Harga Selisih
BNII,2020-03-11,Harga Selisih
BNII,2020-03-12,Harga Selisih
BNII,2020-03-13,Harga Selisih
BNII,2020-03-16,Harga Selisih
BNII,2020-03-17,Harga Selisih
BNII,2020-03-18,Harga Selisih
BNII,2020-03-19,Harga Selisih
BNII,2020-03-20,Harga Selisih
BNII,2020-03-23,Harga Selisih
BNII,2020-03-24,Harga Selisih
BNII,2020-03-26,Harga Selisih
BNII,2020-03-27,Harga Selisih
BNII,2020-03-30,Harga Selisih
BNII,2020-03-31,Harga Selisih
BNII,2020-04-01,Harga Selisih
BNII,2020-04-02,Harga Selisih
BNII,2020-04-03,Harga Selisih
BNII,2020-04-06,Harga Selisih
BNII,2020-04-07,Harga Selisih
BNII,2020-04-08,Harga Selisih
BNII,2020-04-09,Harga Selisih
BNII,2020-04-13,Harga Selisih
BNII,2020-04-14,Harga Selisih
BNII,2020-04-15,Harga Selisih
BNII,2020-04-16,Harga Selisih
BNII,2020-04-17,Harga Selisih
BNII,2020-04-20,Harga Selisih
BNII,2020-04-21,Harga Selisih
BNII,2020-04-22,Harga Selisih
BNII,2020-04-23,Harga Selisih
BNII,2020-04-24,Harga Selisih
BNII,2020-04-27,Harga Selisih
BNII,2020-04-28,Harga Selisih
BNII,2020-04-29,Harga Selisih
BNII,2020-04-30,Harga Selisih
BNII,2020-05-04,Harga Selisih
BNII,2020-05-05,Harga Selisih
BNII,2020-05-06,Harga Selisih
BNII,2020-05-08,Harga Selisih
BNII,2020-05-11,Harga Selisih
BNII,2020-05-12,Harga Selisih
BNII,2020-05-13,Harga Selisih
BNII,2020-05-14,Harga Selisih
BNII,2020-05-15,Harga Selisih
BNII,2020-05-18,Harga Selisih
BNII,2020-05-19,Harga Selisih
BNII,2020-05-20,Harga Selisih
BNII,2020-05-26,Harga Selisih
BNII,2020-05-27,Harga Selisih
BNII,2020-05-28,Harga Selisih
BNII,2020-05-29,Harga Selisih
BNII,2020-06-02,Harga Selisih
BNII,2020-06-03,Harga Selisih
BNII,2020-06-04,Harga Selisih
BNII,2020-06-05,Harga Selisih
BNII,2020-06-08,Harga Selisih
BNII,2020-06-09,Harga Selisih
BNII,2020-06-10,Harga Selisih
BNII,2020-06-11,Harga Selisih
BNII,2020-06-12,Harga Selisih
BNII,2020-06-15,Harga Selisih
BNII,2020-06-16,Harga Selisih
BNII,2020-06-17,Harga Selisih
BNII,2020-06-18,Harga Selisih
BNII,2020-06-19,Harga Selisih
BNII,2020-06-22,Harga Selisih
BNII,2020-06-23,Harga Selisih
BNII,2020-06-24,Harga Selisih
BNII,2020-06-25,Harga Selisih
BNII,2020-06-26,Harga Selisih
BNII,2020-06-29,Harga Selisih
BNII,2020-06-30,Harga Selisih
BNII,2020-07-01,Harga Selisih
BNII,2020-07-02,Harga Selisih
BNII,2020-07-03,Harga Selisih
BNII,2020-07-06,Harga Selisih
BNII,2020-07-07,Harga Selisih
BNII,2020-07-08,Harga Selisih
BNII,2020-07-09,Harga Selisih
BNII,2020-07-10,Harga Selisih
BNII,2020-07-13,Harga Selisih
BNII,2020-07-14,Harga Selisih
BNII,2020-07-15,Harga Selisih
BNII,2020-07-16,Harga Selisih
BNII,2020-07-17,Harga Selisih
BNII,2020-07-20,Harga Selisih
BNII,2020-07-21,Harga Selisih
BNII,2020-07-22,Harga Selisih
BNII,2020-07-23,Harga Selisih
BNII,2020-07-24,Harga Selisih
BNII,2020-07-27,Harga Selisih
BNII,2020-07-28,Harga Selisih
BNII,2020-07-29,Harga Selisih
BNII,2020-07-30,Harga Selisih
BNII,2020-08-03,Harga Selisih
BNII,2020-08-04,Harga Selisih
BNII,2020-08-05,Harga Selisih
BNII,2020-08-06,Harga Selisih
BNII,2020-08-07,Harga Selisih
BNII,2020-08-10,Harga Selisih
BNII,2020-08-11,Harga Selisih
BNII,2020-08-12,Harga Selisih
BNII,2020-08-13,Harga Selisih
BNII,2020-08-14,Harga Selisih
BNII,2020-08-18,Harga Selisih
BNII,2020-08-19,Harga Selisih
BNII,2020-08-24,Harga Selisih
BNII,2020-08-25,Harga Selisih
BNII,2020-08-26,Harga Selisih
BNII,2020-08-27,Harga Selisih
BNII,2020-08-28,Harga Selisih
BNII,2020-08-31,Harga Selisih
BNII,2020-09-01,Harga Selisih
BNII,2020-09-02,Harga Selisih
BNII,2020-09-03,Harga Selisih
BNII,2020-09-04,Harga Selisih
BNII,2020-09-07,Harga Selisih
BNII,2020-09-08,Harga Selisih
BNII,2020-09-09,Harga Selisih
BNII,2020-09-10,Harga Selisih
BNII,2020-09-11,Harga Selisih
BNII,2020-09-14,Harga Selisih
BNII,2020-09-15,Harga Selisih
BNII,2020-09-16,Harga Selisih
BNII,2020-09-17,Harga Selisih
BNII,2020-09-18,Harga Selisih
BNII,2020-09-21,Harga Selisih
BNII,2020-09-22,Harga Selisih
BNII,2020-09-23,Harga Selisih
BNII,2020-09-24,Harga Selisih
BNII,2020-09-25,Harga Selisih
BNII,2020-09-28,Harga Selisih
BNII,2020-09-29,Harga Selisih
BNII,2020-09-30,Harga Selisih
BNII,2020-10-01,Harga Selisih
BNII,2020-10-02,Harga Selisih
BNII,2020-10-05,Harga Selisih
BNII,2020-10-06,Harga Selisih
BNII,2020-10-07,Harga Selisih
BNII,2020-10-08,Harga Selisih
BNII,2020-10-09,Harga Selisih
BNII,2020-10-12,Harga Selisih
BNII,2020-10-13,Harga Selisih
BNII,2020-10-14,Harga Selisih
BNII,2020-10-15,Harga Selisih
BNII,2020-10-16,Harga Selisih
BNII,2020-10-19,Harga Selisih
BNII,2020-10-20,Harga Selisih
BNII,2020-10-21,Harga Selisih
BNII,2020-10-22,Harga Selisih
BNII,2020-10-23,Harga Selisih
BNII,2020-10-26,Harga Selisih
BNII,2020-10-27,Harga Selisih
BNII,2020-11-02,Harga Selisih
BNII,2020-11-03,Harga Selisih
BNII,2020-11-04,Harga Selisih
BNII,2020-11-05,Harga Selisih
BNII,2020-11-06,Harga Selisih
BNII,2020-11-09,Harga Selisih
BNII,2020-11-10,Harga Selisih
BNII,2020-11-11,Harga Selisih
BNII,2020-11-12,Harga Selisih
BNII,2020-11-13,Harga Selisih
BNII,2020-11-16,Harga Selisih
BNII,2020-11-17,Harga Selisih
BNII,2020-11-18,Harga Selisih
BNII,2020-11-19,Harga Selisih
BNII,2020-11-20,Harga Selisih
BNII,2020-11-23,Harga Selisih
BNII,2020-11-24,Harga Selisih
BNII,2020-11-25,Harga Selisih
BNII,2020-11-26,Harga Selisih
BNII,2020-11-27,Harga Selisih
BNII,2020-11-30,Harga Selisih
BNII,2020-12-01,Harga Selisih
BNII,2020-12-02,Harga Selisih
BNII,2020-12-03,Harga Selisih
BNII,2020-12-04,Harga Selisih
BNII,2020-12-07,Harga Selisih
BNII,2020-12-08,Harga Selisih
BNII,2020-12-10,Harga Selisih
BNII,2020-12-11,Harga Selisih
BNII,2020-12-14,Harga Selisih
BNII,2020-12-15,Harga Selisih
BNII,2020-12-16,Harga Selisih
BNII,2020-12-17,Harga Selisih
BNII,2020-12-18,Harga Selisih
BNII,2020-12-21,Harga Selisih
BNII,2020-12-22,Harga Selisih
BNII,2020-12-23,Harga Selisih
BNII,2020-12-28,Harga Selisih
BNII,2020-12-29,Harga Selisih
BNII,2020-12-30,Harga Selisih
BNII,2021-01-04,Harga Selisih
BNII,2021-01-05,Harga Selisih
BNII,2021-01-06,Harga Selisih
BNII,2021-01-07,Harga Selisih
BNII,2021-01-08,Harga Selisih
BNII,2021-01-11,Harga Selisih
BNII,2021-01-12,Harga Selisih
BNII,2021-01-13,Harga Selisih
BNII,2021-01-14,Harga Selisih
BNII,2021-01-15,Harga Selisih
BNII,2021-01-18,Harga Selisih
BNII,2021-01-19,Harga Selisih
BNII,2021-01-20,Harga Selisih
BNII,2021-01-21,Harga Selisih
BNII,2021-01-22,Harga Selisih
BNII,2021-01-25,Harga Selisih
BNII,2021-01-26,Harga Selisih
BNII,2021-01-27,Harga Selisih
BNII,2021-01-28,Harga Selisih
BNII,2021-01-29,Harga Selisih
BNII,2021-02-01,Harga Selisih
BNII,2021-02-02,Harga Selisih
BNII,2021-02-03,Harga Selisih
BNII,2021-02-04,Harga Selisih
BNII,2021-02-05,Harga Selisih
BNII,2021-02-08,Harga Selisih
BNII,2021-02-09,Harga Selisih
BNII,2021-02-10,Harga Selisih
BNII,2021-02-11,Harga Selisih
BNII,2021-02-15,Harga Selisih
BNII,2021-02-16,Harga Selisih
BNII,2021-02-17,Harga Selisih
BNII,2021-02-18,Harga Selisih
BNII,2021-02-19,Harga Selisih
BNII,2021-02-22,Harga Selisih
BNII,2021-02-23,Harga Selisih
BNII,2021-02-24,Harga Selisih
BNII,2021-02-25,Harga Selisih
BNII,2021-02-26,Harga Selisih
BNII,2021-03-01,Harga Selisih
BNII,2021-03-02,Harga Selisih
BNII,2021-03-03,Harga Selisih
BNII,2021-03-04,Harga Selisih
BNII,2021-03-05,Harga Selisih
BNII,2021-03-08,Harga Selisih
BNII,2021-03-09,Harga Selisih
BNII,2021-03-10,Harga Selisih
BNII,2021-03-12,Harga Selisih
BNII,2021-03-15,Harga Selisih
BNII,2021-03-16,Harga Selisih
BNII,2021-03-17,Harga Selisih
BNII,2021-03-18,Harga Selisih
BNII,2021-03-19,Harga Selisih
BNII,2021-03-22,Harga Selisih
BNII,2021-03-23,Harga Selisih
BNII,2021-03-24,Harga Selisih
BNII,2021-03-25,Harga Selisih
BNII,2021-03-26,Harga Selisih
BNII,2021-03-29,Harga Selisih
BNII,2021-03-30,Harga Selisih
BNII,2021-03-31,Harga Selisih
BNII,2021-04-01,Harga Selisih
BNII,2021-04-05,Harga Selisih
BNII,2021-04-06,Harga Selisih
BNII,2021-04-07,Harga Selisih
BNII,2021-04-08,Harga Selisih
BNII,2021-04-09,Harga Selisih
BNII,2021-04-12,Harga Selisih
BNII,2021-04-13,Harga Selisih
BNII,2021-04-14,Harga Selisih
BNII,2021-04-15,Harga Selisih
BNII,2021-04-16,Harga Selisih
BNII,2021-04-19,Harga Selisih
BNII,2021-04-20,Harga Selisih
BNII,2021-04-21,Harga Selisih
BNII,2021-04-22,Harga Selisih
BNII,2021-04-23,Harga Selisih
BNII,2021-04-26,Harga Selisih
BNII,2021-04-27,Harga Selisih
BNII,2021-04-28,Harga Selisih
BNII,2021-04-29,Harga Selisih
BNII,2021-04-30,Harga Selisih
BNII,2021-05-03,Harga Selisih
BNII,2021-05-04,Harga Selisih
BNII,2021-05-05,Harga Selisih
BNII,2021-05-06,Harga Selisih
BNII,2021-05-07,Harga Selisih
BNII,2021-05-10,Harga Selisih
BNII,2021-05-11,Harga Selisih
BNII,2021-05-17,Harga Selisih
BNII,2021-05-18,Harga Selisih
BNII,2021-05-19,Harga Selisih
BNII,2021-05-20,Harga Selisih
BNII,2021-05-21,Harga Selisih
BNII,2021-05-24,Harga Selisih
BNII,2021-05-25,Harga Selisih
BNII,2021-05-27,Harga Selisih
BNII,2021-05-28,Harga Selisih
BNII,2021-05-31,Harga Selisih
BNII,2021-06-02,Harga Selisih
BNII,2021-06-03,Harga Selisih
BNII,2021-06-04,Harga Selisih
BNII,2021-06-07,Harga Selisih
BNII,2021-06-08,Harga Selisih
BNII,2021-06-09,Harga Selisih
BNII,2021-06-10,Harga Selisih
BNII,2021-06-11,Harga Selisih
BNII,2021-06-14,Harga Selisih
BNII,2021-06-15,Harga Selisih
BNII,2021-06-16,Harga Selisih
BNII,2021-06-17,Harga Selisih
BNII,2021-06-18,Harga Selisih
BNII,2021-06-21,Harga Selisih
BNII,2021-06-22,Harga Selisih
BNII,2021-06-23,Harga Selisih
BNII,2021-06-24,Harga Selisih
BNII,2021-06-25,Harga Selisih
BNII,2021-06-28,Harga Selisih
BNII,2021-06-29,Harga Selisih
BNII,2021-06-30,Harga Selisih
BNII,2021-07-01,Harga Selisih
BNII,2021-07-02,Harga Selisih
BNII,2021-07-05,Harga Selisih
BNII,2021-07-06,Harga Selisih
BNII,2021-07-07,Harga Selisih
BNII,2021-07-08,Harga Selisih
BNII,2021-07-09,Harga Selisih
BNII,2021-07-12,Harga Selisih
BNII,2021-07-13,Harga Selisih
BNII,2021-07-14,Harga Selisih
BNII,2021-07-15,Harga Selisih
BNII,2021-07-16,Harga Selisih
BNII,2021-07-19,Harga Selisih
BNII,2021-07-21,Harga Selisih
BNII,2021-07-22,Harga Selisih
BNII,2021-07-23,Harga Selisih
BNII,2021-07-26,Harga Selisih
BNII,2021-07-27,Harga Selisih
BNII,2021-07-28,Harga Selisih
BNII,2021-07-29,Harga Selisih
BNII,2021-07-30,Harga Selisih
BNII,2021-08-02,Harga Selisih
BNII,2021-08-03,Harga Selisih
BNII,2021-08-04,Harga Selisih
BNII,2021-08-05,Harga Selisih
BNII,2021-08-06,Harga Selisih
BNII,2021-08-09,Harga Selisih
BNII,2021-08-10,Harga Selisih
BNII,2021-08-12,Harga Selisih
BNII,2021-08-13,Harga Selisih
BNII,2021-08-16,Harga Selisih
BNII,2021-08-18,Harga Selisih
BNII,2021-08-19,Harga Selisih
BNII,2021-08-20,Harga Selisih
BNII,2021-08-23,Harga Selisih
BNII,2021-08-24,Harga Selisih
BNII,2021-08-25,Harga Selisih
BNII,2021-08-26,Harga Selisih
BNII,2021-08-27,Harga Selisih
BNII,2021-08-30,Harga Selisih
BNII,2021-08-31,Harga Selisih
BNII,2021-09-01,Harga Selisih
BNII,2021-09-02,Harga Selisih
BNII,2021-09-03,Harga Selisih
BNII,2021-09-06,Harga Selisih
BNII,2021-09-07,Harga Selisih
BNII,2021-09-08,Harga Selisih
BNII,2021-09-09,Harga Selisih
BNII,2021-09-10,Harga Selisih
BNII,2021-09-13,Harga Selisih
BNII,2021-09-14,Harga Selisih
BNII,2021-09-15,Harga Selisih
BNII,2021-09-16,Harga Selisih
BNII,2021-09-17,Harga Selisih
BNII,2021-09-20,Harga Selisih
BNII,2021-09-21,Harga Selisih
BNII,2021-09-22,Harga Selisih
BNII,2021-09-23,Harga Selisih
BNII,2021-09-24,Harga Selisih
BNII,2021-09-27,Harga Selisih
BNII,2021-09-28,Harga Selisih
BNII,2021-09-29,Harga Selisih
BNII,2021-09-30,Harga Selisih
BNII,2021-10-01,Harga Selisih
BNII,2021-10-04,Harga Selisih
BNII,2021-10-05,Harga Selisih
BNII,2021-10-06,Harga Selisih
BNII,2021-10-07,Harga Selisih
BNII,2021-10-08,Harga Selisih
BNII,2021-10-11,Harga Selisih
BNII,2021-10-12,Harga Selisih
BNII,2021-10-13,Harga Selisih
BNII,2021-10-14,Harga Selisih
BNII,2021-10-15,Harga Selisih
BNII,2021-10-18,Harga Selisih
BNII,2021-10-19,Harga Selisih
BNII,2021-10-21,Harga Selisih
BNII,2021-10-22,Harga Selisih
BNII,2021-10-25,Harga Selisih
BNII,2021-10-26,Harga Selisih
BNII,2021-10-27,Harga Selisih
BNII,2021-10-28,Harga Selisih
BNII,2021-10-29,Harga Selisih
BNII,2021-11-01,Harga Selisih
BNII,2021-11-02,Harga Selisih
BNII,2021-11-03,Harga Selisih
BNII,2021-11-04,Harga Selisih
BNII,2021-11-05,Harga Selisih
BNII,2021-11-08,Harga Selisih
BNII,2021-11-09,Harga Selisih
BNII,2021-11-10,Harga Selisih
BNII,2021-11-11,Harga Selisih
BNII,2021-11-12,Harga Selisih
BNII,2021-11-15,Harga Selisih
BNII,2021-11-16,Harga Selisih
BNII,2021-11-17,Harga Selisih
BNII,2021-11-18,Harga Selisih
BNII,2021-11-19,Harga Selisih
BNII,2021-11-22,Harga Selisih
BNII,2021-11-23,Harga Selisih
BNII,2021-11-24,Harga Selisih
BNII,2021-11-25,Harga Selisih
BNII,2021-11-26,Harga Selisih
BNII,2021-11-29,Harga Selisih
BNII,2021-11-30,Harga Selisih
BNII,2021-12-01,Harga Selisih
BNII,2021-12-02,Harga Selisih
BNII,2021-12-03,Harga Selisih
BNII,2021-12-06,Harga Selisih
BNII,2021-12-07,Harga Selisih
BNII,2021-12-08,Harga Selisih
BNII,2021-12-09,Harga Selisih
BNII,2021-12-10,Harga Selisih
BNII,2021-12-13,Harga Selisih
BNII,2021-12-14,Harga Selisih
BNII,2021-12-15,Harga Selisih
BNII,2021-12-16,Harga Selisih
BNII,2021-12-17,Harga Selisih
BNII,2021-12-20,Harga Selisih
BNII,2021-12-21,Harga Selisih
BNII,2021-12-22,Harga Selisih
BNII,2021-12-23,Harga Selisih
BNII,2021-12-24,Harga Selisih
BNII,2021-12-27,Harga Selisih
BNII,2021-12-28,Harga Selisih
BNII,2021-12-29,Harga Selisih
BNII,2021-12-30,Harga Selisih
BNII,2022-01-03,Harga Selisih
BNII,2022-01-04,Harga Selisih
BNII,2022-01-05,Harga Selisih
BNII,2022-01-06,Harga Selisih
BNII,2022-01-07,Harga Selisih
BNII,2022-01-10,Harga Selisih
BNII,2022-01-11,Harga Selisih
BNII,2022-01-12,Harga Selisih
BNII,2022-01-13,Harga Selisih
BNII,2022-01-14,Harga Selisih
BNII,2022-01-17,Harga Selisih
BNII,2022-01-18,Harga Selisih
BNII,2022-01-19,Harga Selisih
BNII,2022-01-20,Harga Selisih
BNII,2022-01-21,Harga Selisih
BNII,2022-01-24,Harga Selisih
BNII,2022-01-25,Harga Selisih
BNII,2022-01-26,Harga Selisih
BNII,2022-01-27,Harga Selisih
BNII,2022-01-28,Harga Selisih
BNII,2022-01-31,Harga Selisih
BNII,2022-02-02,Harga Selisih
BNII,2022-02-03,Harga Selisih
BNII,2022-02-04,Harga Selisih
BNII,2022-02-07,Harga Selisih
BNII,2022-02-08,Harga Selisih
BNII,2022-02-09,Harga Selisih
BNII,2022-02-10,Harga Selisih
BNII,2022-02-11,Harga Selisih
BNII,2022-02-14,Harga Selisih
BNII,2022-02-15,Harga Selisih
BNII,2022-02-16,Harga Selisih
BNII,2022-02-17,Harga Selisih
BNII,2022-02-18,Harga Selisih
BNII,2022-02-21,Harga Selisih
BNII,2022-02-22,Harga Selisih
BNII,2022-02-23,Harga Selisih
BNII,2022-02-24,Harga Selisih
BNII,2022-02-25,Harga Selisih
BNII,2022-03-01,Harga Selisih
BNII,2022-03-02,Harga Selisih
BNII,2022-03-04,Harga Selisih
BNII,2022-03-07,Harga Selisih
BNII,2022-03-08,Harga Selisih
BNII,2022-03-09,Harga Selisih
BNII,2022-03-10,Harga Selisih
BNII,2022-03-11,Harga Selisih
BNII,2022-03-14,Harga Selisih
BNII,2022-03-15,Harga Selisih
BNII,2022-03-16,Harga Selisih
BNII,2022-03-17,Harga Selisih
BNII,2022-03-18,Harga Selisih
BNII,2022-03-21,Harga Selisih
BNII,2022-03-22,Harga Selisih
BNII,2022-03-23,Harga Selisih
BNII,2022-03-24,Harga Selisih
BNII,2022-03-25,Harga Selisih
BNII,2022-03-28,Harga Selisih
BNII,2022-03-29,Harga Selisih
BNII,2022-03-30,Harga Selisih
BNII,2022-03-31,Harga Selisih
BNII,2022-04-01,Harga Selisih
BNII,2022-04-04,Harga Selisih
BNII,2022-04-05,Harga Selisih
BNII,2022-04-06,Harga Selisih
BNII,2022-04-07,Harga Selisih
BNII,2022-04-08,Harga Selisih
BNII,2022-04-11,Harga Selisih
BNII,2022-04-12,Harga Selisih
BNII,2022-04-13,Harga Selisih
BNII,2022-04-14,Harga Selisih
BNII,2022-04-18,Harga Selisih
BNII,2022-04-19,Harga Selisih
BNII,2022-04-20,Harga Selisih
BNII,2022-04-21,Harga Selisih
BNII,2022-04-22,Harga Selisih
BNII,2022-04-25,Harga Selisih
BNII,2022-04-26,Harga Selisih
BNII,2022-04-27,Harga Selisih
BNII,2022-04-28,Harga Selisih
BNII,2022-05-09,Harga Selisih
BNII,2022-05-10,Harga Selisih
BNII,2022-05-11,Harga Selisih
BNII,2022-05-12,Harga Selisih
BNII,2022-05-13,Harga Selisih
BNII,2022-05-17,Harga Selisih
BNII,2022-05-18,Harga Selisih
BNII,2022-05-19,Harga Selisih
BNII,2022-05-20,Harga Selisih
BNII,2022-05-23,Harga Selisih
BNII,2022-05-24,Harga Selisih
BNII,2022-05-25,Harga Selisih
BNII,2022-05-27,Harga Selisih
BNII,2022-05-30,Harga Selisih
BNII,2022-05-31,Harga Selisih
BNII,2022-06-02,Harga Selisih
BNII,2022-06-03,Harga Selisih
BNII,2022-06-06,Harga Selisih
BNII,2022-06-07,Harga Selisih
BNII,2022-06-08,Harga Selisih
BNII,2022-06-09,Harga Selisih
BNII,2022-06-10,Harga Selisih
BNII,2022-06-13,Harga Selisih
BNII,2022-06-14,Harga Selisih
BNII,2022-06-15,Harga Selisih
BNII,2022-06-16,Harga Selisih
BNII,2022-06-17,Harga Selisih
BNII,2022-06-20,Harga Selisih
BNII,2022-06-21,Harga Selisih
BNII,2022-06-22,Harga Selisih
BNII,2022-06-23,Harga Selisih
BNII,2022-06-24,Harga Selisih
BNII,2022-06-27,Harga Selisih
BNII,2022-06-28,Harga Selisih
BNII,2022-06-29,Harga Selisih
BNII,2022-06-30,Harga Selisih
BNII,2022-07-01,Harga Selisih
BNII,2022-07-04,Harga Selisih
BNII,2022-07-05,Harga Selisih
BNII,2022-07-06,Harga Selisih
BNII,2022-07-07,Harga Selisih
BNII,2022-07-08,Harga Selisih
BNII,2022-07-11,Harga Selisih
BNII,2022-07-12,Harga Selisih
BNII,2022-07-13,Harga Selisih
BNII,2022-07-14,Harga Selisih
BNII,2022-07-15,Harga Selisih
BNII,2022-07-18,Harga Selisih
BNII,2022-07-19,Harga Selisih
BNII,2022-07-20,Harga Selisih
BNII,2022-07-21,Harga Selisih
BNII,2022-07-22,Harga Selisih
BNII,2022-07-25,Harga Selisih
BNII,2022-07-26,Harga Selisih
BNII,2022-07-27,Harga Selisih
BNII,2022-07-28,Harga Selisih
BNII,2022-07-29,Harga Selisih
BNII,2022-08-01,Harga Selisih
BNII,2022-08-02,Harga Selisih
BNII,2022-08-03,Harga Selisih
BNII,2022-08-04,Harga Selisih
BNII,2022-08-05,Harga Selisih
BNII,2022-08-08,Harga Selisih
BNII,2022-08-09,Harga Selisih
BNII,2022-08-10,Harga Selisih
BNII,2022-08-11,Harga Selisih
BNII,2022-08-12,Harga Selisih
BNII,2022-08-15,Harga Selisih
BNII,2022-08-16,Harga Selisih
BNII,2022-08-18,Harga Selisih
BNII,2022-08-19,Harga Selisih
BNII,2022-08-22,Harga Selisih
BNII,2022-08-23,Harga Selisih
BNII,2022-08-24,Harga Selisih
BNII,2022-08-25,Harga Selisih
BNII,2022-08-26,Harga Selisih
BNII,2022-08-29,Harga Selisih
BNII,2022-08-30,Harga Selisih
BNII,2022-08-31,Harga Selisih
BNII,2022-09-01,Harga Selisih
BNII,2022-09-02,Harga Selisih
BNII,2022-09-05,Harga Selisih
BNII,2022-09-06,Harga Selisih
BNII,2022-09-07,Harga Selisih
BNII,2022-09-08,Harga Selisih
BNII,2022-09-09,Harga Selisih
BNII,2022-09-12,Harga Selisih
BNII,2022-09-13,Harga Selisih
BNII,2022-09-14,Harga Selisih
BNII,2022-09-15,Harga Selisih
BNII,2022-09-16,Harga Selisih
BNII,2022-09-19,Harga Selisih
BNII,2022-09-20,Harga Selisih
BNII,2022-09-21,Harga Selisih
BNII,2022-09-22,Harga Selisih
BNII,2022-09-23,Harga Selisih
BNII,2022-09-26,Harga Selisih
BNII,2022-09-27,Harga Selisih
BNII,2022-09-28,Harga Selisih
BNII,2022-09-29,Harga Selisih
BNII,2022-09-30,Harga Selisih
BNII,2022-10-03,Harga Selisih
BNII,2022-10-04,Harga Selisih
BNII,2022-10-05,Harga Selisih
BNII,2022-10-06,Harga Selisih
BNII,2022-10-07,Harga Selisih
BNII,2022-10-10,Harga Selisih
BNII,2022-10-11,Harga Selisih
BNII,2022-10-12,Harga Selisih
BNII,2022-10-13,Harga Selisih
BNII,2022-10-14,Harga Selisih
BNII,2022-10-17,Harga Selisih
BNII,2022-10-18,Harga Selisih
BNII,2022-10-19,Harga Selisih
BNII,2022-10-20,Harga Selisih
BNII,2022-10-21,Harga Selisih
BNII,2022-10-24,Harga Selisih
BNII,2022-10-25,Harga Selisih
BNII,2022-10-26,Harga Selisih
BNII,2022-10-27,Harga Selisih
BNII,2022-10-28,Harga Selisih
BNII,2022-10-31,Harga Selisih
BNII,2022-11-01,Harga Selisih
BNII,2022-11-02,Harga Selisih
BNII,2022-11-03,Harga Selisih
BNII,2022-11-04,Harga Selisih
BNII,2022-11-07,Harga Selisih
BNII,2022-11-08,Harga Selisih
BNII,2022-11-09,Harga Selisih
BNII,2022-11-10,Harga Selisih
BNII,2022-11-11,Harga Selisih
BNII,2022-11-14,Harga Selisih
BNII,2022-11-15,Harga Selisih
BNII,2022-11-16,Harga Selisih
BNII,2022-11-17,Harga Selisih
BNII,2022-11-18,Harga Selisih
BNII,2022-11-21,Harga Selisih
BNII,2022-11-22,Harga Selisih
BNII,2022-11-23,Harga Selisih
BNII,2022-11-24,Harga Selisih
BNII,2022-11-25,Harga Selisih
BNII,2022-11-28,Harga Selisih
BNII,2022-11-29,Harga Selisih
BNII,2022-11-30,Harga Selisih
BNII,2022-12-01,Harga Selisih
BNII,2022-12-02,Harga Selisih
BNII,2022-12-05,Harga Selisih
BNII,2022-12-06,Harga Selisih
BNII,2022-12-07,Harga Selisih
BNII,2022-12-08,Harga Selisih
BNII,2022-12-09,Harga Selisih
BNII,2022-12-12,Harga Selisih
BNII,2022-12-13,Harga Selisih
BNII,2022-12-14,Harga Selisih
BNII,2022-12-15,Harga Selisih
BNII,2022-12-16,Harga Selisih
BNII,2022-12-19,Harga Selisih
BNII,2022-12-20,Harga Selisih
BNII,2022-12-21,Harga Selisih
BNII,2022-12-22,Harga Selisih
BNII,2022-12-23,Harga Selisih
BNII,2022-12-26,Harga Selisih
BNII,2022-12-27,Harga Selisih
BNII,2022-12-28,Harga Selisih
BNII,2022-12-29,Harga Selisih
BNII,2022-12-30,Harga Selisih
BNII,2023-01-02,Harga Selisih
BNII,2023-01-03,Harga Selisih
BNII,2023-01-04,Harga Selisih
BNII,2023-01-05,Harga Selisih
BNII,2023-01-06,Harga Selisih
BNII,2023-01-09,Harga Selisih
BNII,2023-01-10,Harga Selisih
BNII,2023-01-11,Harga Selisih
BNII,2023-01-12,Harga Selisih
BNII,2023-01-13,Harga Selisih
BNII,2023-01-16,Harga Selisih
BNII,2023-01-17,Harga Selisih
BNII,2023-01-18,Harga Selisih
BNII,2023-01-19,Harga Selisih
BNII,2023-01-20,Harga Selisih
BNII,2023-01-24,Harga Selisih
BNII,2023-01-25,Harga Selisih
BNII,2023-01-26,Harga Selisih
BNII,2023-01-27,Harga Selisih
BNII,2023-01-30,Harga Selisih
BNII,2023-01-31,Harga Selisih
BNII,2023-02-01,Harga Selisih
BNII,2023-02-02,Harga Selisih
BNII,2023-02-03,Harga Selisih
BNII,2023-02-06,Harga Selisih
BNII,2023-02-07,Harga Selisih
BNII,2023-02-08,Harga Selisih
BNII,2023-02-09,Harga Selisih
BNII,2023-02-10,Harga Selisih
BNII,2023-02-13,Harga Selisih
BNII,2023-02-14,Harga Selisih
BNII,2023-02-15,Harga Selisih
BNII,2023-02-16,Harga Selisih
BNII,2023-02-17,Harga Selisih
BNII,2023-02-20,Harga Selisih
BNII,2023-02-21,Harga Selisih
BNII,2023-02-22,Harga Selisih
BNII,2023-02-23,Harga Selisih
BNII,2023-02-24,Harga Selisih
BNII,2023-02-27,Harga Selisih
BNII,2023-02-28,Harga Selisih
BNII,2023-03-01,Harga Selisih
BNII,2023-03-02,Harga Selisih
BNII,2023-03-03,Harga Selisih
BNII,2023-03-06,Harga Selisih
BNII,2023-03-07,Harga Selisih
BNII,2023-03-08,Harga Selisih
BNII,2023-03-09,Harga Selisih
BNII,2023-03-10,Harga Selisih
BNII,2023-03-13,Harga Selisih
BNII,2023-03-14,Harga Selisih
BNII,2023-03-15,Harga Selisih
BNII,2023-03-16,Harga Selisih
BNII,2023-03-17,Harga Selisih
BNII,2023-03-20,Harga Selisih
BNII,2023-03-21,Harga Selisih
BNII,2023-03-24,Harga Selisih
BNII,2023-03-27,Harga Selisih
BNII,2023-03-28,Harga Selisih
BNII,2023-03-29,Harga Selisih
BNII,2023-03-30,Harga Selisih
BNII,2023-03-31,Harga Selisih
BNII,2023-04-03,Harga Selisih
BNII,2023-04-04,Harga Selisih
BNII,2023-04-05,Harga Selisih
BNII,2023-04-06,Harga Selisih
BNII,2023-04-10,Harga Selisih
BNII,2023-04-11,Harga Selisih
BNII,2023-04-12,Harga Selisih
BNII,2023-04-13,Harga Selisih
BNII,2023-04-14,Harga Selisih
BNII,2023-04-17,Harga Selisih
BNII,2023-04-18,Harga Selisih
BNII,2023-04-26,Harga Selisih
BNII,2023-04-27,Harga Selisih
BNII,2023-04-28,Harga Selisih
BNII,2023-05-02,Harga Selisih
BNII,2023-05-03,Harga Selisih
BNII,2023-05-04,Harga Selisih
BNII,2023-05-05,Harga Selisih
BNII,2023-05-08,Harga Selisih
BNII,2023-05-09,Harga Selisih
BNII,2023-05-10,Harga Selisih
BNII,2023-05-11,Harga Selisih
BNII,2023-05-12,Harga Selisih
BNII,2023-05-15,Harga Selisih
BNII,2023-05-16,Harga Selisih
BNII,2023-05-17,Harga Selisih
BNII,2023-05-19,Harga Selisih
BNII,2023-05-22,Harga Selisih
BNII,2023-05-23,Harga Selisih
BNII,2023-05-24,Harga Selisih
BNII,2023-05-25,Harga Selisih
BNII,2023-05-26,Harga Selisih
BNII,2023-05-29,Harga Selisih
BNII,2023-05-30,Harga Selisih
BNII,2023-05-31,Harga Selisih
BNII,2023-06-05,Harga Selisih
BNII,2023-06-06,Harga Selisih
BNII,2023-06-07,Harga Selisih
BNII,2023-06-08,Harga Selisih
BNII,2023-06-09,Harga Selisih
BNII,2023-06-12,Harga Selisih
BNII,2023-06-13,Harga Selisih
BNII,2023-06-14,Harga Selisih
BNII,2023-06-15,Harga Selisih
BNII,2023-06-16,Harga Selisih
BNII,2023-06-19,Harga Selisih
BNII,2023-06-20,Harga Selisih
BNII,2023-06-21,Harga Selisih
BNII,2023-06-22,Harga Selisih
BNII,2023-06-23,Harga Selisih
BNII,2023-06-26,Harga Selisih
BNII,2023-06-27,Harga Selisih
BNII,2023-07-03,Harga Selisih
BNII,2023-07-04,Harga Selisih
BNII,2023-07-05,Harga Selisih
BNII,2023-07-06,Harga Selisih
BNII,2023-07-07,Harga Selisih
BNII,2023-07-10,Harga Selisih
BNII,2023-07-11,Harga Selisih
BNII,2023-07-12,Harga Selisih
BNII,2023-07-13,Harga Selisih
BNII,2023-07-14,Harga Selisih
BNII,2023-07-17,Harga Selisih
BNII,2023-07-18,Harga Selisih
BNII,2023-07-20,Harga Selisih
BNII,2023-07-21,Harga Selisih
BNII,2023-07-24,Harga Selisih
BNII,2023-07-25,Harga Selisih
BNII,2023-07-26,Harga Selisih
BNII,2023-07-27,Harga Selisih
BNII,2023-07-28,Harga Selisih
BNII,2023-07-31,Harga Selisih
BNII,2023-08-01,Harga Selisih
BNII,2023-08-02,Harga Selisih
BNII,2023-08-03,Harga Selisih
BNII,2023-08-04,Harga Selisih
BNII,2023-08-07,Harga Selisih
BNII,2023-08-08,Harga Selisih
BNII,2023-08-09,Harga Selisih
BNII,2023-08-10,Harga Selisih
BNII,2023-08-11,Harga Selisih
BNII,2023-08-14,Harga Selisih
BNII,2023-08-15,Harga Selisih
BNII,2023-08-16,Harga Selisih
BNII,2023-08-18,Harga Selisih
BNII,2023-08-21,Harga Selisih
BNII,2023-08-22,Harga Selisih
BNII,2023-08-23,Harga Selisih
BNII,2023-08-24,Harga Selisih
BNII,2023-08-25,Harga Selisih
BNII,2023-08-28,Harga Selisih
BNII,2023-08-29,Harga Selisih
BNII,2023-08-30,Harga Selisih
BNII,2023-08-31,Harga Selisih
BNII,2023-09-01,Harga Selisih
BNII,2023-09-04,Harga Selisih
BNII,2023-09-05,Harga Selisih
BNII,2023-09-06,Harga Selisih
BNII,2023-09-07,Harga Selisih
BNII,2023-09-08,Harga Selisih
BNII,2023-09-11,Harga Selisih
BNII,2023-09-12,Harga Selisih
BNII,2023-09-13,Harga Selisih
BNII,2023-09-14,Harga Selisih
BNII,2023-09-15,Harga Selisih
BNII,2023-09-18,Harga Selisih
BNII,2023-09-19,Harga Selisih
BNII,2023-09-20,Harga Selisih
BNII,2023-09-21,Harga Selisih
BNII,2023-09-22,Harga Selisih
BNII,2023-09-25,Harga Selisih
BNII,2023-09-26,Harga Selisih
BNII,2023-09-27,Harga Selisih
BNII,2023-09-29,Harga Selisih
BNII,2023-10-02,Harga Selisih
BNII,2023-10-03,Harga Selisih
BNII,2023-10-04,Harga Selisih
BNII,2023-10-05,Harga Selisih
BNII,2023-10-06,Harga Selisih
BNII,2023-10-09,Harga Selisih
BNII,2023-10-10,Harga Selisih
BNII,2023-10-11,Harga Selisih
BNII,2023-10-12,Harga Selisih
BNII,2023-10-13,Harga Selisih
BNII,2023-10-16,Harga Selisih
BNII,2023-10-17,Harga Selisih
BNII,2023-10-18,Harga Selisih
BNII,2023-10-19,Harga Selisih
BNII,2023-10-20,Harga Selisih
BNII,2023-10-23,Harga Selisih
BNII,2023-10-24,Harga Selisih
BNII,2023-10-25,Harga Selisih
BNII,2023-10-26,Harga Selisih
BNII,2023-10-27,Harga Selisih
BNII,2023-10-30,Harga Selisih
BNII,2023-10-31,Harga Selisih
BNII,2023-11-01,Harga Selisih
BNII,2023-11-02,Harga Selisih
BNII,2023-11-03,Harga Selisih
BNII,2023-11-06,Harga Selisih
BNII,2023-11-07,Harga Selisih
BNII,2023-11-08,Harga Selisih
BNII,2023-11-09,Harga Selisih
BNII,2023-11-10,Harga Selisih
BNII,2023-11-13,Harga Selisih
BNII,2023-11-14,Harga Selisih
BNII,2023-11-15,Harga Selisih
BNII,2023-11-16,Harga Selisih
BNII,2023-11-17,Harga Selisih
BNII,2023-11-20,Harga Selisih
BNII,2023-11-21,Harga Selisih
BNII,2023-11-22,Harga Selisih
BNII,2023-11-23,Harga Selisih
BNII,2023-11-24,Harga Selisih
BNII,2023-11-27,Harga Selisih
BNII,2023-11-28,Harga Selisih
BNII,2023-11-29,Harga Selisih
BNII,2023-11-30,Harga Selisih
BNII,2023-12-01,Harga Selisih
BNII,2023-12-04,Harga Selisih
BNII,2023-12-05,Harga Selisih
BNII,2023-12-06,Harga Selisih
BNII,2023-12-07,Harga Selisih
BNII,2023-12-08,Harga Selisih
BNII,2023-12-11,Harga Selisih
BNII,2023-12-12,Harga Selisih
BNII,2023-12-13,Harga Selisih
BNII,2023-12-14,Harga Selisih
BNII,2023-12-15,Harga Selisih
BNII,2023-12-18,Harga Selisih
BNII,2023-12-19,Harga Selisih
BNII,2023-12-20,Harga Selisih
BNII,2023-12-21,Harga Selisih
BNII,2023-12-22,Harga Selisih
BNLI,2019-12-26,Harga Selisih
BNLI,2019-12-27,Harga Selisih
BNLI,2019-12-30,Harga Selisih
BNLI,2020-01-02,Harga Selisih
BNLI,2020-01-03,Harga Selisih
BNLI,2020-01-06,Harga Selisih
BNLI,2020-01-07,Harga Selisih
BNLI,2020-01-08,Harga Selisih
BNLI,2020-01-09,Harga Selisih
BNLI,2020-01-10,Harga Selisih
BNLI,2020-01-13,Harga Selisih
BNLI,2020-01-14,Harga Selisih
BNLI,2020-01-15,Harga Selisih
BNLI,2020-01-16,Harga Selisih
BNLI,2020-01-17,Harga Selisih
BNLI,2020-01-20,Harga Selisih
BNLI,2020-01-21,Harga Selisih
BNLI,2020-01-22,Harga Selisih
BNLI,2020-01-23,Harga Selisih
BNLI,2020-01-24,Harga Selisih
BNLI,2020-01-27,Harga Selisih
BNLI,2020-01-28,Harga Selisih
BNLI,2020-01-29,Harga Selisih
BNLI,2020-01-30,Harga Selisih
BNLI,2020-01-31,Harga Selisih
BNLI,2020-02-03,Harga Selisih
BNLI,2020-02-04,Harga Selisih
BNLI,2020-02-05,Harga Selisih
BNLI,2020-02-06,Harga Selisih
BNLI,2020-02-07,Harga Selisih
BNLI,2020-02-10,Harga Selisih
BNLI,2020-02-11,Harga Selisih
BNLI,2020-02-12,Harga Selisih
BNLI,2020-02-13,Harga Selisih
BNLI,2020-02-14,Harga Selisih
BNLI,2020-02-17,Harga Selisih
BNLI,2020-02-18,Harga Selisih
BNLI,2020-02-19,Harga Selisih
BNLI,2020-02-20,Harga Selisih
BNLI,2020-02-21,Harga Selisih
BNLI,2020-02-24,Harga Selisih
BNLI,2020-02-25,Harga Selisih
BNLI,2020-02-26,Harga Selisih
BNLI,2020-02-27,Harga Selisih
BNLI,2020-02-28,Harga Selisih
BNLI,2020-03-02,Harga Selisih
BNLI,2020-03-03,Harga Selisih
BNLI,2020-03-04,Harga Selisih
BNLI,2020-03-05,Harga Selisih
BNLI,2020-03-06,Harga Selisih
BNLI,2020-03-09,Harga Selisih
BNLI,2020-03-10,Harga Selisih
BNLI,2020-03-11,Harga Selisih
BNLI,2020-03-12,Harga Selisih
BNLI,2020-03-13,Harga Selisih
BNLI,2020-03-16,Harga Selisih
BNLI,2020-03-17,Harga Selisih
BNLI,2020-03-18,Harga Selisih
BNLI,2020-03-19,Harga Selisih
BNLI,2020-03-20,Harga Selisih
BNLI,2020-03-23,Harga Selisih
BNLI,2020-03-24,Harga Selisih
BNLI,2020-03-26,Harga Selisih
BNLI,2020-03-27,Harga Selisih
BNLI,2020-03-30,Harga Selisih
BNLI,2020-03-31,Harga Selisih
BNLI,2020-04-01,Harga Selisih
BNLI,2020-04-02,Harga Selisih
BNLI,2020-04-03,Harga Selisih
BNLI,2020-04-06,Harga Selisih
BNLI,2020-04-07,Harga Selisih
BNLI,2020-04-08,Harga Selisih
BNLI,2020-04-09,Harga Selisih
BNLI,2020-04-13,Harga Selisih
BNLI,2020-04-14,Harga Selisih
BNLI,2020-04-15,Harga Selisih
BNLI,2020-04-16,Harga Selisih
BNLI,2020-04-17,Harga Selisih
BNLI,2020-04-20,Harga Selisih
BNLI,2020-04-21,Harga Selisih
BNLI,2020-04-22,Harga Selisih
BNLI,2020-04-23,Harga Selisih
BNLI,2020-04-24,Harga Selisih
BNLI,2020-04-27,Harga Selisih
BNLI,2020-04-28,Harga Selisih
BNLI,2020-04-29,Harga Selisih
BNLI,2020-04-30,Harga Selisih
BNLI,2020-05-04,Harga Selisih
BNLI,2020-05-05,Harga Selisih
BNLI,2020-05-06,Harga Selisih
BNLI,2020-05-08,Harga Selisih
BNLI,2020-05-11,Harga Selisih
BNLI,2020-05-12,Harga Selisih
BNLI,2020-05-13,Harga Selisih
BNLI,2020-05-14,Harga Selisih
BNLI,2020-05-15,Harga Selisih
BNLI,2020-05-18,Harga Selisih
BNLI,2020-05-19,Harga Selisih
BNLI,2020-05-20,Harga Selisih
BNLI,2020-05-26,Harga Selisih
BNLI,2020-05-27,Harga Selisih
BNLI,2020-05-28,Harga Selisih
BNLI,2020-05-29,Harga Selisih
BNLI,2020-06-02,Harga Selisih
BNLI,2020-06-03,Harga Selisih
BNLI,2020-06-04,Harga Selisih
BNLI,2020-06-05,Harga Selisih
BNLI,2020-06-08,Harga Selisih
BNLI,2020-06-09,Harga Selisih
BNLI,2020-06-10,Harga Selisih
BNLI,2020-06-11,Harga Selisih
BNLI,2020-06-12,Harga Selisih
BNLI,2020-06-15,Harga Selisih
BNLI,2020-06-16,Harga Selisih
BNLI,2020-06-17,Harga Selisih
BNLI,2020-06-18,Harga Selisih
BNLI,2020-06-19,Harga Selisih
BNLI,2020-06-22,Harga Selisih
BNLI,2020-06-23,Harga Selisih
BNLI,2020-06-24,Harga Selisih
BNLI,2020-06-25,Harga Selisih
BNLI,2020-06-26,Harga Selisih
BNLI,2020-06-29,Harga Selisih
BNLI,2020-06-30,Harga Selisih
BNLI,2020-07-01,Harga Selisih
BNLI,2020-07-02,Harga Selisih
BNLI,2020-07-03,Harga Selisih
BNLI,2020-07-06,Harga Selisih
BNLI,2020-07-07,Harga Selisih
BNLI,2020-07-08,Harga Selisih
BNLI,2020-07-09,Harga Selisih
BNLI,2020-07-10,Harga Selisih
BNLI,2020-07-13,Harga Selisih
BNLI,2020-07-14,Harga Selisih
BNLI,2020-07-15,Harga Selisih
BNLI,2020-07-16,Harga Selisih
BNLI,2020-07-17,Harga Selisih
BNLI,2020-07-20,Harga Selisih
BNLI,2020-07-21,Harga Selisih
BNLI,2020-07-22,Harga Selisih
BNLI,2020-07-23,Harga Selisih
BNLI,2020-07-24,Harga Selisih
BNLI,2020-07-27,Harga Selisih
BNLI,2020-07-28,Harga Selisih
BNLI,2020-07-29,Harga Selisih
BNLI,2020-07-30,Harga Selisih
BNLI,2020-08-03,Harga Selisih
BNLI,2020-08-04,Harga Selisih
BNLI,2020-08-05,Harga Selisih
BNLI,2020-08-06,Harga Selisih
BNLI,2020-08-07,Harga Selisih
BNLI,2020-08-10,Harga Selisih
BNLI,2020-08-11,Harga Selisih
BNLI,2020-08-12,Harga Selisih
BNLI,2020-08-13,Harga Selisih
BNLI,2020-08-14,Harga Selisih
BNLI,2020-08-18,Harga Selisih
BNLI,2020-08-19,Harga Selisih
BNLI,2020-08-24,Harga Selisih
BNLI,2020-08-25,Harga Selisih
BNLI,2020-08-26,Harga Selisih
BNLI,2020-08-27,Harga Selisih
BNLI,2020-08-28,Harga Selisih
BNLI,2020-08-31,Harga Selisih
BNLI,2020-09-01,Harga Selisih
BNLI,2020-09-02,Harga Selisih
BNLI,2020-09-03,Harga Selisih
BNLI,2020-09-04,Harga Selisih
BNLI,2020-09-07,Harga Selisih
BNLI,2020-09-08,Harga Selisih
BNLI,2020-09-09,Harga Selisih
BNLI,2020-09-10,Harga Selisih
BNLI,2020-09-11,Harga Selisih
BNLI,2020-09-14,Harga Selisih
BNLI,2020-09-15,Harga Selisih
BNLI,2020-09-16,Harga Selisih
BNLI,2020-09-17,Harga Selisih
BNLI,2020-09-18,Harga Selisih
BNLI,2020-09-21,Harga Selisih
BNLI,2020-09-22,Harga Selisih
BNLI,2020-09-23,Harga Selisih
BNLI,2020-09-24,Harga Selisih
BNLI,2020-09-25,Harga Selisih
BNLI,2020-09-28,Harga Selisih
BNLI,2020-09-29,Harga Selisih
BNLI,2020-09-30,Harga Selisih
BNLI,2020-10-01,Harga Selisih
BNLI,2020-10-02,Harga Selisih
BNLI,2020-10-05,Harga Selisih
BNLI,2020-10-06,Harga Selisih
BNLI,2020-10-07,Harga Selisih
BNLI,2020-10-08,Harga Selisih
BNLI,2020-10-09,Harga Selisih
BNLI,2020-10-12,Harga Selisih
BNLI,2020-10-13,Harga Selisih
BNLI,2020-10-14,Harga Selisih
BNLI,2020-10-15,Harga Selisih
BNLI,2020-10-16,Harga Selisih
BNLI,2020-10-19,Harga Selisih
BNLI,2020-10-20,Harga Selisih
BNLI,2020-10-21,Harga Selisih
BNLI,2020-10-22,Harga Selisih
BNLI,2020-10-23,Harga Selisih
BNLI,2020-10-26,Harga Selisih
BNLI,2020-10-27,Harga Selisih
BNLI,2020-11-02,Harga Selisih
BNLI,2020-11-03,Harga Selisih
BNLI,2020-11-04,Harga Selisih
BNLI,2020-11-05,Harga Selisih
BNLI,2020-11-06,Harga Selisih
BNLI,2020-11-09,Harga Selisih
BNLI,2020-11-10,Harga Selisih
BNLI,2020-11-11,Harga Selisih
BNLI,2020-11-12,Harga Selisih
BNLI,2020-11-13,Harga Selisih
BNLI,2020-11-16,Harga Selisih
BNLI,2020-11-17,Harga Selisih
BNLI,2020-11-18,Harga Selisih
BNLI,2020-11-19,Harga Selisih
BNLI,2020-11-20,Harga Selisih
BNLI,2020-11-23,Harga Selisih
BNLI,2020-11-24,Harga Selisih
BNLI,2020-11-25,Harga Selisih
BNLI,2020-11-26,Harga Selisih
BNLI,2020-11-27,Harga Selisih
BNLI,2020-11-30,Harga Selisih
BNLI,2020-12-01,Harga Selisih
BNLI,2020-12-02,Harga Selisih
BNLI,2020-12-03,Harga Selisih
BNLI,2020-12-04,Harga Selisih
BNLI,2020-12-07,Harga Selisih
BNLI,2020-12-08,Harga Selisih
BNLI,2020-12-10,Harga Selisih
BNLI,2020-12-11,Harga Selisih
BNLI,2020-12-14,Harga Selisih
BNLI,2020-12-15,Harga Selisih
BNLI,2020-12-16,Harga Selisih
BNLI,2020-12-17,Harga Selisih
BNLI,2020-12-18,Harga Selisih
BNLI,2020-12-21,Harga Selisih
BNLI,2020-12-22,Harga Selisih
BNLI,2020-12-23,Harga Selisih
BNLI,2020-12-28,Harga Selisih
BNLI,2020-12-29,Harga Selisih
BNLI,2020-12-30,Harga Selisih
BNLI,2021-01-04,Harga Selisih
BNLI,2021-01-05,Harga Selisih
BNLI,2021-01-06,Harga Selisih
BNLI,2021-01-07,Harga Selisih
BNLI,2021-01-08,Harga Selisih
BNLI,2021-01-11,Harga Selisih
BNLI,2021-01-12,Harga Selisih
BNLI,2021-01-13,Harga Selisih
BNLI,2021-01-14,Harga Selisih
BNLI,2021-01-15,Harga Selisih
BNLI,2021-01-18,Harga Selisih
BNLI,2021-01-19,Harga Selisih
BNLI,2021-01-20,Harga Selisih
BNLI,2021-01-21,Harga Selisih
BNLI,2021-01-22,Harga Selisih
BNLI,2021-01-25,Harga Selisih
BNLI,2021-01-26,Harga Selisih
BNLI,2021-01-27,Harga Selisih
BNLI,2021-01-28,Harga Selisih
BNLI,2021-01-29,Harga Selisih
BNLI,2021-02-01,Harga Selisih
BNLI,2021-02-02,Harga Selisih
BNLI,2021-02-03,Harga Selisih
BNLI,2021-02-04,Harga Selisih
BNLI,2021-02-05,Harga Selisih
BNLI,2021-02-08,Harga Selisih
BNLI,2021-02-09,Harga Selisih
BNLI,2021-02-10,Harga Selisih
BNLI,2021-02-11,Harga Selisih
BNLI,2021-02-15,Harga Selisih
BNLI,2021-02-16,Harga Selisih
BNLI,2021-02-17,Harga Selisih
BNLI,2021-02-18,Harga Selisih
BNLI,2021-02-19,Harga Selisih
BNLI,2021-02-22,Harga Selisih
BNLI,2021-02-23,Harga Selisih
BNLI,2021-02-24,Harga Selisih
BNLI,2021-02-25,Harga Selisih
BNLI,2021-02-26,Harga Selisih
BNLI,2021-03-01,Harga Selisih
BNLI,2021-03-02,Harga Selisih
BNLI,2021-03-03,Harga Selisih
BNLI,2021-03-04,Harga Selisih
BNLI,2021-03-05,Harga Selisih
BNLI,2021-03-08,Harga Selisih
BNLI,2021-03-09,Harga Selisih
BNLI,2021-03-10,Harga Selisih
BNLI,2021-03-12,Harga Selisih
BNLI,2021-03-15,Harga Selisih
BNLI,2021-03-16,Harga Selisih
BNLI,2021-03-17,Harga Selisih
BNLI,2021-03-18,Harga Selisih
BNLI,2021-03-19,Harga Selisih
BNLI,2021-03-22,Harga Selisih
BNLI,2021-03-23,Harga Selisih
BNLI,2021-03-24,Harga Selisih
BNLI,2021-03-25,Harga Selisih
BNLI,2021-03-26,Harga Selisih
BNLI,2021-03-29,Harga Selisih
BNLI,2021-03-30,Harga Selisih
BNLI,2021-03-31,Harga Selisih
BNLI,2021-04-01,Harga Selisih
BNLI,2021-04-05,Harga Selisih
BNLI,2021-04-06,Harga Selisih
BNLI,2021-04-07,Harga Selisih
BNLI,2021-04-08,Harga Selisih
BNLI,2021-04-09,Harga Selisih
BNLI,2021-04-12,Harga Selisih
BNLI,2021-04-13,Harga Selisih
BNLI,2021-04-14,Harga Selisih
BNLI,2021-04-15,Harga Selisih
BNLI,2021-04-16,Harga Selisih
BNLI,2021-04-19,Harga Selisih
BNLI,2021-04-20,Harga Selisih
BNLI,2021-04-21,Harga Selisih
BNLI,2021-04-22,Harga Selisih
BNLI,2021-04-23,Harga Selisih
BNLI,2021-04-26,Harga Selisih
BNLI,2021-04-27,Harga Selisih
BNLI,2021-04-28,Harga Selisih
BNLI,2021-04-29,Harga Selisih
BNLI,2021-04-30,Harga Selisih
BNLI,2021-05-03,Harga Selisih
BNLI,2021-05-04,Harga Selisih
BNLI,2021-05-05,Harga Selisih
BNLI,2021-05-06,Harga Selisih
BNLI,2021-05-07,Harga Selisih
BNLI,2021-05-10,Harga Selisih
BNLI,2021-05-11,Harga Selisih
BNLI,2021-05-17,Harga Selisih
BNLI,2021-05-18,Harga Selisih
BNLI,2021-05-19,Harga Selisih
BNLI,2021-05-20,Harga Selisih
BNLI,2021-05-21,Harga Selisih
BNLI,2021-05-24,Harga Selisih
BNLI,2021-05-25,Harga Selisih
BNLI,2021-05-27,Harga Selisih
BNLI,2021-05-28,Harga Selisih
BNLI,2021-05-31,Harga Selisih
BNLI,2021-06-02,Harga Selisih
BNLI,2021-06-03,Harga Selisih
BNLI,2021-06-04,Harga Selisih
BNLI,2021-06-07,Harga Selisih
BNLI,2021-06-08,Harga Selisih
BNLI,2021-06-09,Harga Selisih
BNLI,2021-06-10,Harga Selisih
BNLI,2021-06-11,Harga Selisih
BNLI,2021-06-14,Harga Selisih
BNLI,2021-06-15,Harga Selisih
BNLI,2021-06-16,Harga Selisih
BNLI,2021-06-17,Harga Selisih
BNLI,2021-06-18,Harga Selisih
BNLI,2021-06-21,Harga Selisih
BNLI,2021-06-22,Harga Selisih
BNLI,2021-06-23,Harga Selisih
BNLI,2021-06-24,Harga Selisih
BNLI,2021-06-25,Harga Selisih
BNLI,2021-06-28,Harga Selisih
BNLI,2021-06-29,Harga Selisih
BNLI,2021-06-30,Harga Selisih
BNLI,2021-07-01,Harga Selisih
BNLI,2021-07-02,Harga Selisih
BNLI,2021-07-05,Harga Selisih
BNLI,2021-07-06,Harga Selisih
BNLI,2021-07-07,Harga Selisih
BNLI,2021-07-08,Harga Selisih
BNLI,2021-07-09,Harga Selisih
BNLI,2021-07-12,Harga Selisih
BNLI,2021-07-13,Harga Selisih
BNLI,2021-07-14,Harga Selisih
BNLI,2021-07-15,Harga Selisih
BNLI,2021-07-16,Harga Selisih
BNLI,2021-07-19,Harga Selisih
BNLI,2021-07-21,Harga Selisih
BNLI,2021-07-22,Harga Selisih
BNLI,2021-07-23,Harga Selisih
BNLI,2021-07-26,Harga Selisih
BNLI,2021-07-27,Harga Selisih
BNLI,2021-07-28,Harga Selisih
BNLI,2021-07-29,Harga Selisih
BNLI,2021-07-30,Harga Selisih
BNLI,2021-08-02,Harga Selisih
BNLI,2021-08-03,Harga Selisih
BNLI,2021-08-04,Harga Selisih
BNLI,2021-08-05,Harga Selisih
BNLI,2021-08-06,Harga Selisih
BNLI,2021-08-09,Harga Selisih
BNLI,2021-08-10,Harga Selisih
BNLI,2021-08-12,Harga Selisih
BNLI,2021-08-13,Harga Selisih
BNLI,2021-08-16,Harga Selisih
BNLI,2021-08-18,Harga Selisih
BNLI,2021-08-19,Harga Selisih
BNLI,2021-08-20,Harga Selisih
BNLI,2021-08-23,Harga Selisih
BNLI,2021-08-24,Harga Selisih
BNLI,2021-08-25,Harga Selisih
BNLI,2021-08-26,Harga Selisih
BNLI,2021-08-27,Harga Selisih
BNLI,2021-08-30,Harga Selisih
BNLI,2021-08-31,Harga Selisih
BNLI,2021-09-01,Harga Selisih
BNLI,2021-09-02,Harga Selisih
BNLI,2021-09-03,Harga Selisih
BNLI,2021-09-06,Harga Selisih
BNLI,2021-09-07,Harga Selisih
BNLI,2021-09-08,Harga Selisih
BNLI,2021-09-09,Harga Selisih
BNLI,2021-09-10,Harga Selisih
BNLI,2021-09-13,Harga Selisih
BNLI,2021-09-14,Harga Selisih
BNLI,2021-09-15,Harga Selisih
BNLI,2021-09-16,Harga Selisih
BNLI,2021-09-17,Harga Selisih
BNLI,2021-09-20,Harga Selisih
BNLI,2021-09-21,Harga Selisih
BNLI,2021-09-22,Harga Selisih
BNLI,2021-09-23,Harga Selisih
BNLI,2021-09-24,Harga Selisih
BNLI,2021-09-27,Harga Selisih
BNLI,2021-09-28,Harga Selisih
BNLI,2021-09-29,Harga Selisih
BNLI,2021-09-30,Harga Selisih
BNLI,2021-10-01,Harga Selisih
BNLI,2021-10-04,Harga Selisih
BNLI,2021-10-05,Harga Selisih
BNLI,2021-10-06,Harga Selisih
BNLI,2021-10-07,Harga Selisih
BNLI,2021-10-08,Harga Selisih
BNLI,2021-10-11,Harga Selisih
BNLI,2021-10-12,Harga Selisih
BNLI,2021-10-13,Harga Selisih
BNLI,2021-10-14,Harga Selisih
BNLI,2021-10-15,Harga Selisih
BNLI,2021-10-18,Harga Selisih
BNLI,2021-10-19,Harga Selisih
BNLI,2021-10-21,Harga Selisih
BNLI,2021-10-22,Harga Selisih
BNLI,2021-10-25,Harga Selisih
BNLI,2021-10-26,Harga Selisih
BNLI,2021-10-27,Harga Selisih
BNLI,2021-10-28,Harga Selisih
BNLI,2021-10-29,Harga Selisih
BNLI,2021-11-01,Harga Selisih
BNLI,2021-11-02,Harga Selisih
BNLI,2021-11-03,Harga Selisih
BNLI,2021-11-04,Harga Selisih
BNLI,2021-11-05,Harga Selisih
BNLI,2021-11-08,Harga Selisih
BNLI,2021-11-09,Harga Selisih
BNLI,2021-11-10,Harga Selisih
BNLI,2021-11-11,Harga Selisih
BNLI,2021-11-12,Harga Selisih
BNLI,2021-11-15,Harga Selisih
BNLI,2021-11-16,Harga Selisih
BNLI,2021-11-17,Harga Selisih
BNLI,2021-11-18,Harga Selisih
BNLI,2021-11-19,Harga Selisih
BNLI,2021-11-22,Harga Selisih
BNLI,2021-11-23,Harga Selisih
BNLI,2021-11-24,Harga Selisih
BNLI,2021-11-25,Harga Selisih
BNLI,2021-11-26,Harga Selisih
BNLI,2021-11-29,Harga Selisih
BNLI,2021-11-30,Harga Selisih
BNLI,2021-12-01,Harga Selisih
BNLI,2021-12-02,Harga Selisih
BNLI,2021-12-03,Harga Selisih
BNLI,2021-12-06,Harga Selisih
BNLI,2021-12-07,Harga Selisih
BNLI,2021-12-08,Harga Selisih
BNLI,2021-12-09,Harga Selisih
BNLI,2021-12-10,Harga Selisih
BNLI,2021-12-13,Harga Selisih
BNLI,2021-12-14,Harga Selisih
BNLI,2021-12-15,Harga Selisih
BNLI,2021-12-16,Harga Selisih
BNLI,2021-12-17,Harga Selisih
BNLI,2021-12-20,Harga Selisih
BNLI,2021-12-21,Harga Selisih
BNLI,2021-12-22,Harga Selisih
BNLI,2021-12-23,Harga Selisih
BNLI,2021-12-24,Harga Selisih
BNLI,2021-12-27,Harga Selisih
BNLI,2021-12-28,Harga Selisih
BNLI,2021-12-29,Harga Selisih
BNLI,2021-12-30,Harga Selisih
BNLI,2022-01-03,Harga Selisih
BNLI,2022-01-04,Harga Selisih
BNLI,2022-01-05,Harga Selisih
BNLI,2022-01-06,Harga Selisih
BNLI,2022-01-07,Harga Selisih
BNLI,2022-01-10,Harga Selisih
BNLI,2022-01-11,Harga Selisih
BNLI,2022-01-12,Harga Selisih
BNLI,2022-01-13,Harga Selisih
BNLI,2022-01-14,Harga Selisih
BNLI,2022-01-17,Harga Selisih
BNLI,2022-01-18,Harga Selisih
BNLI,2022-01-19,Harga Selisih
BNLI,2022-01-20,Harga Selisih
BNLI,2022-01-21,Harga Selisih
BNLI,2022-01-24,Harga Selisih
BNLI,2022-01-25,Harga Selisih
BNLI,2022-01-26,Harga Selisih
BNLI,2022-01-27,Harga Selisih
BNLI,2022-01-28,Harga Selisih
BNLI,2022-01-31,Harga Selisih
BNLI,2022-02-02,Harga Selisih
BNLI,2022-02-03,Harga Selisih
BNLI,2022-02-04,Harga Selisih
BNLI,2022-02-07,Harga Selisih
BNLI,2022-02-08,Harga Selisih
BNLI,2022-02-09,Harga Selisih
BNLI,2022-02-10,Harga Selisih
BNLI,2022-02-11,Harga Selisih
BNLI,2022-02-14,Harga Selisih
BNLI,2022-02-15,Harga Selisih
BNLI,2022-02-16,Harga Selisih
BNLI,2022-02-17,Harga Selisih
BNLI,2022-02-18,Harga Selisih
BNLI,2022-02-21,Harga Selisih
BNLI,2022-02-22,Harga Selisih
BNLI,2022-02-23,Harga Selisih
BNLI,2022-02-24,Harga Selisih
BNLI,2022-02-25,Harga Selisih
BNLI,2022-03-01,Harga Selisih
BNLI,2022-03-02,Harga Selisih
BNLI,2022-03-04,Harga Selisih
BNLI,2022-03-07,Harga Selisih
BNLI,2022-03-08,Harga Selisih
BNLI,2022-03-09,Harga Selisih
BNLI,2022-03-10,Harga Selisih
BNLI,2022-03-11,Harga Selisih
BNLI,2022-03-14,Harga Selisih
BNLI,2022-03-15,Harga Selisih
BNLI,2022-03-16,Harga Selisih
BNLI,2022-03-17,Harga Selisih
BNLI,2022-03-18,Harga Selisih
BNLI,2022-03-21,Harga Selisih
BNLI,2022-03-22,Harga Selisih
BNLI,2022-03-23,Harga Selisih
BNLI,2022-03-24,Harga Selisih
BNLI,2022-03-25,Harga Selisih
BNLI,2022-03-28,Harga Selisih
BNLI,2022-03-29,Harga Selisih
BNLI,2022-03-30,Harga Selisih
BNLI,2022-03-31,Harga Selisih
BNLI,2022-04-01,Harga Selisih
BNLI,2022-04-04,Harga Selisih
BNLI,2022-04-05,Harga Selisih
BNLI,2022-04-06,Harga Selisih
BNLI,2022-04-07,Harga Selisih
BNLI,2022-04-08,Harga Selisih
BNLI,2022-04-11,Harga Selisih
BNLI,2022-04-12,Harga Selisih
BNLI,2022-04-13,Harga Selisih
BNLI,2022-04-14,Harga Selisih
BNLI,2022-04-18,Harga Selisih
BNLI,2022-04-19,Harga Selisih
BNLI,2022-04-20,Harga Selisih
BNLI,2022-04-21,Harga Selisih
BNLI,2022-04-22,Harga Selisih
BNLI,2022-04-25,Harga Selisih
BNLI,2022-04-26,Harga Selisih
BNLI,2022-04-27,Harga Selisih
BNLI,2022-04-28,Harga Selisih
BNLI,2022-05-09,Harga Selisih
BNLI,2022-05-10,Harga Selisih
BNLI,2022-05-11,Harga Selisih
BNLI,2022-05-12,Harga Selisih
BNLI,2022-05-13,Harga Selisih
BNLI,2022-05-17,Harga Selisih
BNLI,2022-05-18,Harga Selisih
BNLI,2022-05-19,Harga Selisih
BNLI,2022-05-20,Harga Selisih
BNLI,2022-05-23,Harga Selisih
BNLI,2022-05-24,Harga Selisih
BNLI,2022-05-25,Harga Selisih
BNLI,2022-05-27,Harga Selisih
BNLI,2022-05-30,Harga Selisih
BNLI,2022-05-31,Harga Selisih
BNLI,2022-06-02,Harga Selisih
BNLI,2022-06-03,Harga Selisih
BNLI,2022-06-06,Harga Selisih
BNLI,2022-06-07,Harga Selisih
BNLI,2022-06-08,Harga Selisih
BNLI,2022-06-09,Harga Selisih
BNLI,2022-06-10,Harga Selisih
BNLI,2022-06-13,Harga Selisih
BNLI,2022-06-14,Harga Selisih
BNLI,2022-06-15,Harga Selisih
BNLI,2022-06-16,Harga Selisih
BNLI,2022-06-17,Harga Selisih
BNLI,2022-06-20,Harga Selisih
BNLI,2022-06-21,Harga Selisih
BNLI,2022-06-22,Harga Selisih
BNLI,2022-06-23,Harga Selisih
BNLI,2022-06-24,Harga Selisih
BNLI,2022-06-27,Harga Selisih
BNLI,2022-06-28,Harga Selisih
BNLI,2022-06-29,Harga Selisih
BNLI,2022-06-30,Harga Selisih
BNLI,2022-07-01,Harga Selisih
BNLI,2022-07-04,Harga Selisih
BNLI,2022-07-05,Harga Selisih
BNLI,2022-07-06,Harga Selisih
BNLI,2022-07-07,Harga Selisih
BNLI,2022-07-08,Harga Selisih
BNLI,2022-07-11,Harga Selisih
BNLI,2022-07-12,Harga Selisih
BNLI,2022-07-13,Harga Selisih
BNLI,2022-07-14,Harga Selisih
BNLI,2022-07-15,Harga Selisih
BNLI,2022-07-18,Harga Selisih
BNLI,2022-07-19,Harga Selisih
BNLI,2022-07-20,Harga Selisih
BNLI,2022-07-21,Harga Selisih
BNLI,2022-07-22,Harga Selisih
BNLI,2022-07-25,Harga Selisih
BNLI,2022-07-26,Harga Selisih
BNLI,2022-07-27,Harga Selisih
BNLI,2022-07-28,Harga Selisih
BNLI,2022-07-29,Harga Selisih
BNLI,2022-08-01,Harga Selisih
BNLI,2022-08-02,Harga Selisih
BNLI,2022-08-03,Harga Selisih
BNLI,2022-08-04,Harga Selisih
BNLI,2022-08-05,Harga Selisih
BNLI,2022-08-08,Harga Selisih
BNLI,2022-08-09,Harga Selisih
BNLI,2022-08-10,Harga Selisih
BNLI,2022-08-11,Harga Selisih
BNLI,2022-08-12,Harga Selisih
BNLI,2022-08-15,Harga Selisih
BNLI,2022-08-16,Harga Selisih
BNLI,2022-08-18,Harga Selisih
BNLI,2022-08-19,Harga Selisih
BNLI,2022-08-22,Harga Selisih
BNLI,2022-08-23,Harga Selisih
BNLI,2022-08-24,Harga Selisih
BNLI,2022-08-25,Harga Selisih
BNLI,2022-08-26,Harga Selisih
BNLI,2022-08-29,Harga Selisih
BNLI,2022-08-30,Harga Selisih
BNLI,2022-08-31,Harga Selisih
BNLI,2022-09-01,Harga Selisih
BNLI,2022-09-02,Harga Selisih
BNLI,2022-09-05,Harga Selisih
BNLI,2022-09-06,Harga Selisih
BNLI,2022-09-07,Harga Selisih
BNLI,2022-09-08,Harga Selisih
BNLI,2022-09-09,Harga Selisih
BNLI,2022-09-12,Harga Selisih
BNLI,2022-09-13,Harga Selisih
BNLI,2022-09-14,Harga Selisih
BNLI,2022-09-15,Harga Selisih
BNLI,2022-09-16,Harga Selisih
BNLI,2022-09-19,Harga Selisih
BNLI,2022-09-20,Harga Selisih
BNLI,2022-09-21,Harga Selisih
BNLI,2022-09-22,Harga Selisih
BNLI,2022-09-23,Harga Selisih
BNLI,2022-09-26,Harga Selisih
BNLI,2022-09-27,Harga Selisih
BNLI,2022-09-28,Harga Selisih
BNLI,2022-09-29,Harga Selisih
BNLI,2022-09-30,Harga Selisih
BNLI,2022-10-03,Harga Selisih
BNLI,2022-10-04,Harga Selisih
BNLI,2022-10-05,Harga Selisih
BNLI,2022-10-06,Harga Selisih
BNLI,2022-10-07,Harga Selisih
BNLI,2022-10-10,Harga Selisih
BNLI,2022-10-11,Harga Selisih
BNLI,2022-10-12,Harga Selisih
BNLI,2022-10-13,Harga Selisih
BNLI,2022-10-14,Harga Selisih
BNLI,2022-10-17,Harga Selisih
BNLI,2022-10-18,Harga Selisih
BNLI,2022-10-19,Harga Selisih
BNLI,2022-10-20,Harga Selisih
BNLI,2022-10-21,Harga Selisih
BNLI,2022-10-24,Harga Selisih
BNLI,2022-10-25,Harga Selisih
BNLI,2022-10-26,Harga Selisih
BNLI,2022-10-27,Harga Selisih
BNLI,2022-10-28,Harga Selisih
BNLI,2022-10-31,Harga Selisih
BNLI,2022-11-01,Harga Selisih
BNLI,2022-11-02,Harga Selisih
BNLI,2022-11-03,Harga Selisih
BNLI,2022-11-04,Harga Selisih
BNLI,2022-11-07,Harga Selisih
BNLI,2022-11-08,Harga Selisih
BNLI,2022-11-09,Harga Selisih
BNLI,2022-11-10,Harga Selisih
BNLI,2022-11-11,Harga Selisih
BNLI,2022-11-14,Harga Selisih
BNLI,2022-11-15,Harga Selisih
BNLI,2022-11-16,Harga Selisih
BNLI,2022-11-17,Harga Selisih
BNLI,2022-11-18,Harga Selisih
BNLI,2022-11-21,Harga Selisih
BNLI,2022-11-22,Harga Selisih
BNLI,2022-11-23,Harga Selisih
BNLI,2022-11-24,Harga Selisih
BNLI,2022-11-25,Harga Selisih
BNLI,2022-11-28,Harga Selisih
BNLI,2022-11-29,Harga Selisih
BNLI,2022-11-30,Harga Selisih
BNLI,2022-12-01,Harga Selisih
BNLI,2022-12-02,Harga Selisih
BNLI,2022-12-05,Harga Selisih
BNLI,2022-12-06,Harga Selisih
BNLI,2022-12-07,Harga Selisih
BNLI,2022-12-08,Harga Selisih
BNLI,2022-12-09,Harga Selisih
BNLI,2022-12-12,Harga Selisih
BNLI,2022-12-13,Harga Selisih
BNLI,2022-12-14,Harga Selisih
BNLI,2022-12-15,Harga Selisih
BNLI,2022-12-16,Harga Selisih
BNLI,2022-12-19,Harga Selisih
BNLI,2022-12-20,Harga Selisih
BNLI,2022-12-21,Harga Selisih
BNLI,2022-12-22,Harga Selisih
BNLI,2022-12-23,Harga Selisih
BNLI,2022-12-26,Harga Selisih
BNLI,2022-12-27,Harga Selisih
BNLI,2022-12-28,Harga Selisih
BNLI,2022-12-29,Harga Selisih
BNLI,2022-12-30,Harga Selisih
BNLI,2023-01-02,Harga Selisih
BNLI,2023-01-03,Harga Selisih
BNLI,2023-01-04,Harga Selisih
BNLI,2023-01-05,Harga Selisih
BNLI,2023-01-06,Harga Selisih
BNLI,2023-01-09,Harga Selisih
BNLI,2023-01-10,Harga Selisih
BNLI,2023-01-11,Harga Selisih
BNLI,2023-01-12,Harga Selisih
BNLI,2023-01-13,Harga Selisih
BNLI,2023-01-16,Harga Selisih
BNLI,2023-01-17,Harga Selisih
BNLI,2023-01-18,Harga Selisih
BNLI,2023-01-19,Harga Selisih
BNLI,2023-01-20,Harga Selisih
BNLI,2023-01-24,Harga Selisih
BNLI,2023-01-25,Harga Selisih
BNLI,2023-01-26,Harga Selisih
BNLI,2023-01-27,Harga Selisih
BNLI,2023-01-30,Harga Selisih
BNLI,2023-01-31,Harga Selisih
BNLI,2023-02-01,Harga Selisih
BNLI,2023-02-02,Harga Selisih
BNLI,2023-02-03,Harga Selisih
BNLI,2023-02-06,Harga Selisih
BNLI,2023-02-07,Harga Selisih
BNLI,2023-02-08,Harga Selisih
BNLI,2023-02-09,Harga Selisih
BNLI,2023-02-10,Harga Selisih
BNLI,2023-02-13,Harga Selisih
BNLI,2023-02-14,Harga Selisih
BNLI,2023-02-15,Harga Selisih
BNLI,2023-02-16,Harga Selisih
BNLI,2023-02-17,Harga Selisih
BNLI,2023-02-20,Harga Selisih
BNLI,2023-02-21,Harga Selisih
BNLI,2023-02-22,Harga Selisih
BNLI,2023-02-23,Harga Selisih
BNLI,2023-02-24,Harga Selisih
BNLI,2023-02-27,Harga Selisih
BNLI,2023-02-28,Harga Selisih
BNLI,2023-03-01,Harga Selisih
BNLI,2023-03-02,Harga Selisih
BNLI,2023-03-03,Harga Selisih
BNLI,2023-03-06,Harga Selisih
BNLI,2023-03-07,Harga Selisih
BNLI,2023-03-08,Harga Selisih
BNLI,2023-03-09,Harga Selisih
BNLI,2023-03-10,Harga Selisih
BNLI,2023-03-13,Harga Selisih
BNLI,2023-03-14,Harga Selisih
BNLI,2023-03-15,Harga Selisih
BNLI,2023-03-16,Harga Selisih
BNLI,2023-03-17,Harga Selisih
BNLI,2023-03-20,Harga Selisih
BNLI,2023-03-21,Harga Selisih
BNLI,2023-03-24,Harga Selisih
BNLI,2023-03-27,Harga Selisih
BNLI,2023-03-28,Harga Selisih
BNLI,2023-03-29,Harga Selisih
BNLI,2023-03-30,Harga Selisih
BNLI,2023-03-31,Harga Selisih
BNLI,2023-04-03,Harga Selisih
BNLI,2023-04-04,Harga Selisih
BNLI,2023-04-05,Harga Selisih
BNLI,2023-04-06,Harga Selisih
BNLI,2023-04-10,Harga Selisih
BNLI,2023-04-11,Harga Selisih
BNLI,2023-04-12,Harga Selisih
BNLI,2023-04-13,Harga Selisih
BNLI,2023-04-14,Harga Selisih
BNLI,2023-04-17,Harga Selisih
BNLI,2023-04-18,Harga Selisih
BNLI,2023-04-26,Harga Selisih
BNLI,2023-04-27,Harga Selisih
BNLI,2023-04-28,Harga Selisih
BNLI,2023-05-02,Harga Selisih
BNLI,2023-05-03,Harga Selisih
BNLI,2023-05-04,Harga Selisih
BNLI,2023-05-05,Harga Selisih
BNLI,2023-05-08,Harga Selisih
BNLI,2023-05-09,Harga Selisih
BNLI,2023-05-10,Harga Selisih
BNLI,2023-05-11,Harga Selisih
BNLI,2023-05-12,Harga Selisih
BNLI,2023-05-15,Harga Selisih
BNLI,2023-05-16,Harga Selisih
BNLI,2023-05-17,Harga Selisih
BNLI,2023-05-19,Harga Selisih
BNLI,2023-05-22,Harga Selisih
BNLI,2023-05-23,Harga Selisih
BNLI,2023-05-24,Harga Selisih
BNLI,2023-05-25,Harga Selisih
BNLI,2023-05-26,Harga Selisih
BNLI,2023-05-29,Harga Selisih
BNLI,2023-05-30,Harga Selisih
BNLI,2023-05-31,Harga Selisih
BNLI,2023-06-05,Harga Selisih
BNLI,2023-06-06,Harga Selisih
BNLI,2023-06-07,Harga Selisih
BNLI,2023-06-08,Harga Selisih
BNLI,2023-06-09,Harga Selisih
BNLI,2023-06-12,Harga Selisih
BNLI,2023-06-13,Harga Selisih
BNLI,2023-06-14,Harga Selisih
BNLI,2023-06-15,Harga Selisih
BNLI,2023-06-16,Harga Selisih
BNLI,2023-06-19,Harga Selisih
BNLI,2023-06-20,Harga Selisih
BNLI,2023-06-21,Harga Selisih
BNLI,2023-06-22,Harga Selisih
BNLI,2023-06-23,Harga Selisih
BNLI,2023-06-26,Harga Selisih
BNLI,2023-06-27,Harga Selisih
BNLI,2023-07-03,Harga Selisih
BNLI,2023-07-04,Harga Selisih
BNLI,2023-07-05,Harga Selisih
BNLI,2023-07-06,Harga Selisih
BNLI,2023-07-07,Harga Selisih
BNLI,2023-07-10,Harga Selisih
BNLI,2023-07-11,Harga Selisih
BNLI,2023-07-12,Harga Selisih
BNLI,2023-07-13,Harga Selisih
BNLI,2023-07-14,Harga Selisih
BNLI,2023-07-17,Harga Selisih
BNLI,2023-07-18,Harga Selisih
BNLI,2023-07-20,Harga Selisih
BNLI,2023-07-21,Harga Selisih
BNLI,2023-07-24,Harga Selisih
BNLI,2023-07-25,Harga Selisih
BNLI,2023-07-26,Harga Selisih
BNLI,2023-07-27,Harga Selisih
BNLI,2023-07-28,Harga Selisih
BNLI,2023-07-31,Harga Selisih
BNLI,2023-08-01,Harga Selisih
BNLI,2023-08-02,Harga Selisih
BNLI,2023-08-03,Harga Selisih
BNLI,2023-08-04,Harga Selisih
BNLI,2023-08-07,Harga Selisih
BNLI,2023-08-08,Harga Selisih
BNLI,2023-08-09,Harga Selisih
BNLI,2023-08-10,Harga Selisih
BNLI,2023-08-11,Harga Selisih
BNLI,2023-08-14,Harga Selisih
BNLI,2023-08-15,Harga Selisih
BNLI,2023-08-16,Harga Selisih
BNLI,2023-08-18,Harga Selisih
BNLI,2023-08-21,Harga Selisih
BNLI,2023-08-22,Harga Selisih
BNLI,2023-08-23,Harga Selisih
BNLI,2023-08-24,Harga Selisih
BNLI,2023-08-25,Harga Selisih
BNLI,2023-08-28,Harga Selisih
BNLI,2023-08-29,Harga Selisih
BNLI,2023-08-30,Harga Selisih
BNLI,2023-08-31,Harga Selisih
BNLI,2023-09-01,Harga Selisih
BNLI,2023-09-04,Harga Selisih
BNLI,2023-09-05,Harga Selisih
BNLI,2023-09-06,Harga Selisih
BNLI,2023-09-07,Harga Selisih
BNLI,2023-09-08,Harga Selisih
BNLI,2023-09-11,Harga Selisih
BNLI,2023-09-12,Harga Selisih
BNLI,2023-09-13,Harga Selisih
BNLI,2023-09-14,Harga Selisih
BNLI,2023-09-15,Harga Selisih
BNLI,2023-09-18,Harga Selisih
BNLI,2023-09-19,Harga Selisih
BNLI,2023-09-20,Harga Selisih
BNLI,2023-09-21,Harga Selisih
BNLI,2023-09-22,Harga Selisih
BNLI,2023-09-25,Harga Selisih
BNLI,2023-09-26,Harga Selisih
BNLI,2023-09-27,Harga Selisih
BNLI,2023-09-29,Harga Selisih
BNLI,2023-10-02,Harga Selisih
BNLI,2023-10-03,Harga Selisih
BNLI,2023-10-04,Harga Selisih
BNLI,2023-10-05,Harga Selisih
BNLI,2023-10-06,Harga Selisih
BNLI,2023-10-09,Harga Selisih
BNLI,2023-10-10,Harga Selisih
BNLI,2023-10-11,Harga Selisih
BNLI,2023-10-12,Harga Selisih
BNLI,2023-10-13,Harga Selisih
BNLI,2023-10-16,Harga Selisih
BNLI,2023-10-17,Harga Selisih
BNLI,2023-10-18,Harga Selisih
BNLI,2023-10-19,Harga Selisih
BNLI,2023-10-20,Harga Selisih
BNLI,2023-10-23,Harga Selisih
BNLI,2023-10-24,Harga Selisih
BNLI,2023-10-25,Harga Selisih
BNLI,2023-10-26,Harga Selisih
BNLI,2023-10-27,Harga Selisih
BNLI,2023-10-30,Harga Selisih
BNLI,2023-10-31,Harga Selisih
BNLI,2023-11-01,Harga Selisih
BNLI,2023-11-02,Harga Selisih
BNLI,2023-11-03,Harga Selisih
BNLI,2023-11-06,Harga Selisih
BNLI,2023-11-07,Harga Selisih
BNLI,2023-11-08,Harga Selisih
BNLI,2023-11-09,Harga Selisih
BNLI,2023-11-10,Harga Selisih
BNLI,2023-11-13,Harga Selisih
BNLI,2023-11-14,Harga Selisih
BNLI,2023-11-15,Harga Selisih
BNLI,2023-11-16,Harga Selisih
BNLI,2023-11-17,Harga Selisih
BNLI,2023-11-20,Harga Selisih
BNLI,2023-11-21,Harga Selisih
BNLI,2023-11-22,Harga Selisih
BNLI,2023-11-23,Harga Selisih
BNLI,2023-11-24,Harga Selisih
BNLI,2023-11-27,Harga Selisih
BNLI,2023-11-28,Harga Selisih
BNLI,2023-11-29,Harga Selisih
BNLI,2023-11-30,Harga Selisih
BNLI,2023-12-01,Harga Selisih
BNLI,2023-12-04,Harga Selisih
BNLI,2023-12-05,Harga Selisih
BNLI,2023-12-06,Harga Selisih
BNLI,2023-12-07,Harga Selisih
BNLI,2023-12-08,Harga Selisih
BNLI,2023-12-11,Harga Selisih
BNLI,2023-12-12,Harga Selisih
BNLI,2023-12-13,Harga Selisih
BNLI,2023-12-14,Harga Selisih
BNLI,2023-12-15,Harga Selisih
BNLI,2023-12-18,Harga Selisih
BNLI,2023-12-19,Harga Selisih
BNLI,2023-12-20,Harga Selisih
BNLI,2023-12-21,Harga Selisih
BNLI,2023-12-22,Harga Selisih
BTPN,2019-12-26,Harga Selisih
BTPN,2019-12-27,Harga Selisih
BTPN,2019-12-30,Harga Selisih
BTPN,2020-01-02,Harga Selisih
BTPN,2020-01-03,Harga Selisih
BTPN,2020-01-06,Harga Selisih
BTPN,2020-01-07,Harga Selisih
BTPN,2020-01-08,Harga Selisih
BTPN,2020-01-09,Harga Selisih
BTPN,2020-01-10,Harga Selisih
BTPN,2020-01-13,Harga Selisih
BTPN,2020-01-14,Harga Selisih
BTPN,2020-01-15,Harga Selisih
BTPN,2020-01-16,Harga Selisih
BTPN,2020-01-17,Harga Selisih
BTPN,2020-01-20,Harga Selisih
BTPN,2020-01-21,Harga Selisih
BTPN,2020-01-22,Harga Selisih
BTPN,2020-01-23,Harga Selisih
BTPN,2020-01-24,Harga Selisih
BTPN,2020-01-27,Harga Selisih
BTPN,2020-01-28,Harga Selisih
BTPN,2020-01-29,Harga Selisih
BTPN,2020-01-30,Harga Selisih
BTPN,2020-01-31,Harga Selisih
BTPN,2020-02-03,Harga Selisih
BTPN,2020-02-04,Harga Selisih
BTPN,2020-02-05,Harga Selisih
BTPN,2020-02-06,Harga Selisih
BTPN,2020-02-07,Harga Selisih
BTPN,2020-02-10,Harga Selisih
BTPN,2020-02-11,Harga Selisih
BTPN,2020-02-12,Harga Selisih
BTPN,2020-02-13,Harga Selisih
BTPN,2020-02-14,Harga Selisih
BTPN,2020-02-17,Harga Selisih
BTPN,2020-02-18,Harga Selisih
BTPN,2020-02-19,Harga Selisih
BTPN,2020-02-20,Harga Selisih
BTPN,2020-02-21,Harga Selisih
BTPN,2020-02-24,Harga Selisih
BTPN,2020-02-25,Harga Selisih
BTPN,2020-02-26,Harga Selisih
BTPN,2020-02-27,Harga Selisih
BTPN,2020-02-28,Harga Selisih
BTPN,2020-03-02,Harga Selisih
BTPN,2020-03-03,Harga Selisih
BTPN,2020-03-04,Harga Selisih
BTPN,2020-03-05,Harga Selisih
BTPN,2020-03-06,Harga Selisih
BTPN,2020-03-09,Harga Selisih
BTPN,2020-03-10,Harga Selisih
BTPN,2020-03-11,Harga Selisih
BTPN,2020-03-12,Harga Selisih
BTPN,2020-03-13,Harga Selisih
BTPN,2020-03-16,Harga Selisih
BTPN,2020-03-17,Harga Selisih
BTPN,2020-03-18,Harga Selisih
BTPN,2020-03-19,Harga Selisih
BTPN,2020-03-20,Harga Selisih
BTPN,2020-03-23,Harga Selisih
BTPN,2020-03-24,Harga Selisih
BTPN,2020-03-26,Harga Selisih
BTPN,2020-03-27,Harga Selisih
BTPN,2020-03-30,Harga Selisih
BTPN,2020-03-31,Harga Selisih
BTPN,2020-04-01,Harga Selisih
BTPN,2020-04-02,Harga Selisih
BTPN,2020-04-03,Harga Selisih
BTPN,2020-04-06,Harga Selisih
BTPN,2020-04-07,Harga Selisih
BTPN,2020-04-08,Harga Selisih
BTPN,2020-04-09,Harga Selisih
BTPN,2020-04-13,Harga Selisih
BTPN,2020-04-14,Harga Selisih
BTPN,2020-04-15,Harga Selisih
BTPN,2020-04-16,Harga Selisih
BTPN,2020-04-17,Harga Selisih
BTPN,2020-04-20,Harga Selisih
BTPN,2020-04-21,Harga Selisih
BTPN,2020-04-22,Harga Selisih
BTPN,2020-04-23,Harga Selisih
BTPN,2020-04-24,Harga Selisih
BTPN,2020-04-27,Harga Selisih
BTPN,2020-04-28,Harga Selisih
BTPN,2020-04-29,Harga Selisih
BTPN,2020-04-30,Harga Selisih
BTPN,2020-05-04,Harga Selisih
BTPN,2020-05-05,Harga Selisih
BTPN,2020-05-06,Harga Selisih
BTPN,2020-05-08,Harga Selisih
BTPN,2020-05-11,Harga Selisih
BTPN,2020-05-12,Harga Selisih
BTPN,2020-05-13,Harga Selisih
BTPN,2020-05-14,Harga Selisih
BTPN,2020-05-15,Harga Selisih
BTPN,2020-05-18,Harga Selisih
BTPN,2020-05-19,Harga Selisih
BTPN,2020-05-20,Harga Selisih
BTPN,2020-05-26,Harga Selisih
BTPN,2020-05-27,Harga Selisih
BTPN,2020-05-28,Harga Selisih
BTPN,2020-05-29,Harga Selisih
BTPN,2020-06-02,Harga Selisih
BTPN,2020-06-03,Harga Selisih
BTPN,2020-06-04,Harga Selisih
BTPN,2020-06-05,Harga Selisih
BTPN,2020-06-08,Harga Selisih
BTPN,2020-06-09,Harga Selisih
BTPN,2020-06-10,Harga Selisih
BTPN,2020-06-11,Harga Selisih
BTPN,2020-06-12,Harga Selisih
BTPN,2020-06-15,Harga Selisih
BTPN,2020-06-16,Harga Selisih
BTPN,2020-06-17,Harga Selisih
BTPN,2020-06-18,Harga Selisih
BTPN,2020-06-19,Harga Selisih
BTPN,2020-06-22,Harga Selisih
BTPN,2020-06-23,Harga Selisih
BTPN,2020-06-24,Harga Selisih
BTPN,2020-06-25,Harga Selisih
BTPN,2020-06-26,Harga Selisih
BTPN,2020-06-29,Harga Selisih
BTPN,2020-06-30,Harga Selisih
BTPN,2020-07-01,Harga Selisih
BTPN,2020-07-02,Harga Selisih
BTPN,2020-07-03,Harga Selisih
BTPN,2020-07-06,Harga Selisih
BTPN,2020-07-07,Harga Selisih
BTPN,2020-07-08,Harga Selisih
BTPN,2020-07-09,Harga Selisih
BTPN,2020-07-10,Harga Selisih
BTPN,2020-07-13,Harga Selisih
BTPN,2020-07-14,Harga Selisih
BTPN,2020-07-15,Harga Selisih
BTPN,2020-07-16,Harga Selisih
BTPN,2020-07-17,Harga Selisih
BTPN,2020-07-20,Harga Selisih
BTPN,2020-07-21,Harga Selisih
BTPN,2020-07-22,Harga Selisih
BTPN,2020-07-23,Harga Selisih
BTPN,2020-07-24,Harga Selisih
BTPN,2020-07-27,Harga Selisih
BTPN,2020-07-28,Harga Selisih
BTPN,2020-07-29,Harga Selisih
BTPN,2020-07-30,Harga Selisih
BTPN,2020-08-03,Harga Selisih
BTPN,2020-08-04,Harga Selisih
BTPN,2020-08-05,Harga Selisih
BTPN,2020-08-06,Harga Selisih
BTPN,2020-08-07,Harga Selisih
BTPN,2020-08-10,Harga Selisih
BTPN,2020-08-11,Harga Selisih
BTPN,2020-08-12,Harga Selisih
BTPN,2020-08-13,Harga Selisih
BTPN,2020-08-14,Harga Selisih
BTPN,2020-08-18,Harga Selisih
BTPN,2020-08-19,Harga Selisih
BTPN,2020-08-24,Harga Selisih
BTPN,2020-08-25,Harga Selisih
BTPN,2020-08-26,Harga Selisih
BTPN,2020-08-27,Harga Selisih
BTPN,2020-08-28,Harga Selisih
BTPN,2020-08-31,Harga Selisih
BTPN,2020-09-01,Harga Selisih
BTPN,2020-09-02,Harga Selisih
BTPN,2020-09-03,Harga Selisih
BTPN,2020-09-04,Harga Selisih
BTPN,2020-09-07,Harga Selisih
BTPN,2020-09-08,Harga Selisih
BTPN,2020-09-09,Harga Selisih
BTPN,2020-09-10,Harga Selisih
BTPN,2020-09-11,Harga Selisih
BTPN,2020-09-14,Harga Selisih
BTPN,2020-09-15,Harga Selisih
BTPN,2020-09-16,Harga Selisih
BTPN,2020-09-17,Harga Selisih
BTPN,2020-09-18,Harga Selisih
BTPN,2020-09-21,Harga Selisih
BTPN,2020-09-22,Harga Selisih
BTPN,2020-09-23,Harga Selisih
BTPN,2020-09-24,Harga Selisih
BTPN,2020-09-25,Harga Selisih
BTPN,2020-09-28,Harga Selisih
BTPN,2020-09-29,Harga Selisih
BTPN,2020-09-30,Harga Selisih
BTPN,2020-10-01,Harga Selisih
BTPN,2020-10-02,Harga Selisih
BTPN,2020-10-05,Harga Selisih
BTPN,2020-10-06,Harga Selisih
BTPN,2020-10-07,Harga Selisih
BTPN,2020-10-08,Harga Selisih
BTPN,2020-10-09,Harga Selisih
BTPN,2020-10-12,Harga Selisih
BTPN,2020-10-13,Harga Selisih
BTPN,2020-10-14,Harga Selisih
BTPN,2020-10-15,Harga Selisih
BTPN,2020-10-16,Harga Selisih
BTPN,2020-10-19,Harga Selisih
BTPN,2020-10-20,Harga Selisih
BTPN,2020-10-21,Harga Selisih
BTPN,2020-10-22,Harga Selisih
BTPN,2020-10-23,Harga Selisih
BTPN,2020-10-26,Harga Selisih
BTPN,2020-10-27,Harga Selisih
BTPN,2020-11-02,Harga Selisih
BTPN,2020-11-03,Harga Selisih
BTPN,2020-11-04,Harga Selisih
BTPN,2020-11-05,Harga Selisih
BTPN,2020-11-06,Harga Selisih
BTPN,2020-11-09,Harga Selisih
BTPN,2020-11-10,Harga Selisih
BTPN,2020-11-11,Harga Selisih
BTPN,2020-11-12,Harga Selisih
BTPN,2020-11-13,Harga Selisih
BTPN,2020-11-16,Harga Selisih
BTPN,2020-11-17,Harga Selisih
BTPN,2020-11-18,Harga Selisih
BTPN,2020-11-19,Harga Selisih
BTPN,2020-11-20,Harga Selisih
BTPN,2020-11-23,Harga Selisih
BTPN,2020-11-24,Harga Selisih
BTPN,2020-11-25,Harga Selisih
BTPN,2020-11-26,Harga Selisih
BTPN,2020-11-27,Harga Selisih
BTPN,2020-11-30,Harga Selisih
BTPN,2020-12-01,Harga Selisih
BTPN,2020-12-02,Harga Selisih
BTPN,2020-12-03,Harga Selisih
BTPN,2020-12-04,Harga Selisih
BTPN,2020-12-07,Harga Selisih
BTPN,2020-12-08,Harga Selisih
BTPN,2020-12-10,Harga Selisih
BTPN,2020-12-11,Harga Selisih
BTPN,2020-12-14,Harga Selisih
BTPN,2020-12-15,Harga Selisih
BTPN,2020-12-16,Harga Selisih
BTPN,2020-12-17,Harga Selisih
BTPN,2020-12-18,Harga Selisih
BTPN,2020-12-21,Harga Selisih
BTPN,2020-12-22,Harga Selisih
BTPN,2020-12-23,Harga Selisih
BTPN,2020-12-28,Harga Selisih
BTPN,2020-12-29,Harga Selisih
BTPN,2020-12-30,Harga Selisih
BTPN,2021-01-04,Harga Selisih
BTPN,2021-01-05,Harga Selisih
BTPN,2021-01-06,Harga Selisih
BTPN,2021-01-07,Harga Selisih
BTPN,2021-01-08,Harga Selisih
BTPN,2021-01-11,Harga Selisih
BTPN,2021-01-12,Harga Selisih
BTPN,2021-01-13,Harga Selisih
BTPN,2021-01-14,Harga Selisih
BTPN,2021-01-15,Harga Selisih
BTPN,2021-01-18,Harga Selisih
BTPN,2021-01-19,Harga Selisih
BTPN,2021-01-20,Harga Selisih
BTPN,2021-01-21,Harga Selisih
BTPN,2021-01-22,Harga Selisih
BTPN,2021-01-25,Harga Selisih
BTPN,2021-01-26,Harga Selisih
BTPN,2021-01-27,Harga Selisih
BTPN,2021-01-28,Harga Selisih
BTPN,2021-01-29,Harga Selisih
BTPN,2021-02-01,Harga Selisih
BTPN,2021-02-02,Harga Selisih
BTPN,2021-02-03,Harga Selisih
BTPN,2021-02-04,Harga Selisih
BTPN,2021-02-05,Harga Selisih
BTPN,2021-02-08,Harga Selisih
BTPN,2021-02-09,Harga Selisih
BTPN,2021-02-10,Harga Selisih
BTPN,2021-02-11,Harga Selisih
BTPN,2021-02-15,Harga Selisih
BTPN,2021-02-16,Harga Selisih
BTPN,2021-02-17,Harga Selisih
BTPN,2021-02-18,Harga Selisih
BTPN,2021-02-19,Harga Selisih
BTPN,2021-02-22,Harga Selisih
BTPN,2021-02-23,Harga Selisih
BTPN,2021-02-24,Harga Selisih
BTPN,2021-02-25,Harga Selisih
BTPN,2021-02-26,Harga Selisih
BTPN,2021-03-01,Harga Selisih
BTPN,2021-03-02,Harga Selisih
BTPN,2021-03-03,Harga Selisih
BTPN,2021-03-04,Harga Selisih
BTPN,2021-03-05,Harga Selisih
BTPN,2021-03-08,Harga Selisih
BTPN,2021-03-09,Harga Selisih
BTPN,2021-03-10,Harga Selisih
BTPN,2021-03-12,Harga Selisih
BTPN,2021-03-15,Harga Selisih
BTPN,2021-03-16,Harga Selisih
BTPN,2021-03-17,Harga Selisih
BTPN,2021-03-18,Harga Selisih
BTPN,2021-03-19,Harga Selisih
BTPN,2021-03-22,Harga Selisih
BTPN,2021-03-23,Harga Selisih
BTPN,2021-03-24,Harga Selisih
BTPN,2021-03-25,Harga Selisih
BTPN,2021-03-26,Harga Selisih
BTPN,2021-03-29,Harga Selisih
BTPN,2021-03-30,Harga Selisih
BTPN,2021-03-31,Harga Selisih
BTPN,2021-04-01,Harga Selisih
BTPN,2021-04-05,Harga Selisih
BTPN,2021-04-06,Harga Selisih
BTPN,2021-04-07,Harga Selisih
BTPN,2021-04-08,Harga Selisih
BTPN,2021-04-09,Harga Selisih
BTPN,2021-04-12,Harga Selisih
BTPN,2021-04-13,Harga Selisih
BTPN,2021-04-14,Harga Selisih
BTPN,2021-04-15,Harga Selisih
BTPN,2021-04-16,Harga Selisih
BTPN,2021-04-19,Harga Selisih
BTPN,2021-04-20,Harga Selisih
BTPN,2021-04-21,Harga Selisih
BTPN,2021-04-22,Harga Selisih
BTPN,2021-04-23,Harga Selisih
BTPN,2021-04-26,Harga Selisih
BTPN,2021-04-27,Harga Selisih
BTPN,2021-04-28,Harga Selisih
BTPN,2021-04-29,Harga Selisih
BTPN,2021-04-30,Harga Selisih
BTPN,2021-05-03,Harga Selisih
BTPN,2021-05-04,Harga Selisih
BTPN,2021-05-05,Harga Selisih
BTPN,2021-05-06,Harga Selisih
BTPN,2021-05-07,Harga Selisih
BTPN,2021-05-10,Harga Selisih
BTPN,2021-05-11,Harga Selisih
BTPN,2021-05-17,Harga Selisih
BTPN,2021-05-18,Harga Selisih
BTPN,2021-05-19,Harga Selisih
BTPN,2021-05-20,Harga Selisih
BTPN,2021-05-21,Harga Selisih
BTPN,2021-05-24,Harga Selisih
BTPN,2021-05-25,Harga Selisih
BTPN,2021-05-27,Harga Selisih
BTPN,2021-05-28,Harga Selisih
BTPN,2021-05-31,Harga Selisih
BTPN,2021-06-02,Harga Selisih
BTPN,2021-06-03,Harga Selisih
BTPN,2021-06-04,Harga Selisih
BTPN,2021-06-07,Harga Selisih
BTPN,2021-06-08,Harga Selisih
BTPN,2021-06-09,Harga Selisih
BTPN,2021-06-10,Harga Selisih
BTPN,2021-06-11,Harga Selisih
BTPN,2021-06-14,Harga Selisih
BTPN,2021-06-15,Harga Selisih
BTPN,2021-06-16,Harga Selisih
BTPN,2021-06-17,Harga Selisih
BTPN,2021-06-18,Harga Selisih
BTPN,2021-06-21,Harga Selisih
BTPN,2021-06-22,Harga Selisih
BTPN,2021-06-23,Harga Selisih
BTPN,2021-06-24,Harga Selisih
BTPN,2021-06-25,Harga Selisih
BTPN,2021-06-28,Harga Selisih
BTPN,2021-06-29,Harga Selisih
BTPN,2021-06-30,Harga Selisih
BTPN,2021-07-01,Harga Selisih
BTPN,2021-07-02,Harga Selisih
BTPN,2021-07-05,Harga Selisih
BTPN,2021-07-06,Harga Selisih
BTPN,2021-07-07,Harga Selisih
BTPN,2021-07-08,Harga Selisih
BTPN,2021-07-09,Harga Selisih
BTPN,2021-07-12,Harga Selisih
BTPN,2021-07-13,Harga Selisih
BTPN,2021-07-14,Harga Selisih
BTPN,2021-07-15,Harga Selisih
BTPN,2021-07-16,Harga Selisih
BTPN,2021-07-19,Harga Selisih
BTPN,2021-07-21,Harga Selisih
BTPN,2021-07-22,Harga Selisih
BTPN,2021-07-23,Harga Selisih
BTPN,2021-07-26,Harga Selisih
BTPN,2021-07-27,Harga Selisih
BTPN,2021-07-28,Harga Selisih
BTPN,2021-07-29,Harga Selisih
BTPN,2021-07-30,Harga Selisih
BTPN,2021-08-02,Harga Selisih
BTPN,2021-08-03,Harga Selisih
BTPN,2021-08-04,Harga Selisih
BTPN,2021-08-05,Harga Selisih
BTPN,2021-08-06,Harga Selisih
BTPN,2021-08-09,Harga Selisih
BTPN,2021-08-10,Harga Selisih
BTPN,2021-08-12,Harga Selisih
BTPN,2021-08-13,Harga Selisih
BTPN,2021-08-16,Harga Selisih
BTPN,2021-08-18,Harga Selisih
BTPN,2021-08-19,Harga Selisih
BTPN,2021-08-20,Harga Selisih
BTPN,2021-08-23,Harga Selisih
BTPN,2021-08-24,Harga Selisih
BTPN,2021-08-25,Harga Selisih
BTPN,2021-08-26,Harga Selisih
BTPN,2021-08-27,Harga Selisih
BTPN,2021-08-30,Harga Selisih
BTPN,2021-08-31,Harga Selisih
BTPN,2021-09-01,Harga Selisih
BTPN,2021-09-02,Harga Selisih
BTPN,2021-09-03,Harga Selisih
BTPN,2021-09-06,Harga Selisih
BTPN,2021-09-07,Harga Selisih
BTPN,2021-09-08,Harga Selisih
BTPN,2021-09-09,Harga Selisih
BTPN,2021-09-10,Harga Selisih
BTPN,2021-09-13,Harga Selisih
BTPN,2021-09-14,Harga Selisih
BTPN,2021-09-15,Harga Selisih
BTPN,2021-09-16,Harga Selisih
BTPN,2021-09-17,Harga Selisih
BTPN,2021-09-20,Harga Selisih
BTPN,2021-09-21,Harga Selisih
BTPN,2021-09-22,Harga Selisih
BTPN,2021-09-23,Harga Selisih
BTPN,2021-09-24,Harga Selisih
BTPN,2021-09-27,Harga Selisih
BTPN,2021-09-28,Harga Selisih
BTPN,2021-09-29,Harga Selisih
BTPN,2021-09-30,Harga Selisih
BTPN,2021-10-01,Harga Selisih
BTPN,2021-10-04,Harga Selisih
BTPN,2021-10-05,Harga Selisih
BTPN,2021-10-06,Harga Selisih
BTPN,2021-10-07,Harga Selisih
BTPN,2021-10-08,Harga Selisih
BTPN,2021-10-11,Harga Selisih
BTPN,2021-10-12,Harga Selisih
BTPN,2021-10-13,Harga Selisih
BTPN,2021-10-14,Harga Selisih
BTPN,2021-10-15,Harga Selisih
BTPN,2021-10-18,Harga Selisih
BTPN,2021-10-19,Harga Selisih
BTPN,2021-10-21,Harga Selisih
BTPN,2021-10-22,Harga Selisih
BTPN,2021-10-25,Harga Selisih
BTPN,2021-10-26,Harga Selisih
BTPN,2021-10-27,Harga Selisih
BTPN,2021-10-28,Harga Selisih
BTPN,2021-10-29,Harga Selisih
BTPN,2021-11-01,Harga Selisih
BTPN,2021-11-02,Harga Selisih
BTPN,2021-11-03,Harga Selisih
BTPN,2021-11-04,Harga Selisih
BTPN,2021-11-05,Harga Selisih
BTPN,2021-11-08,Harga Selisih
BTPN,2021-11-09,Harga Selisih
BTPN,2021-11-10,Harga Selisih
BTPN,2021-11-11,Harga Selisih
BTPN,2021-11-12,Harga Selisih
BTPN,2021-11-15,Harga Selisih
BTPN,2021-11-16,Harga Selisih
BTPN,2021-11-17,Harga Selisih
BTPN,2021-11-18,Harga Selisih
BTPN,2021-11-19,Harga Selisih
BTPN,2021-11-22,Harga Selisih
BTPN,2021-11-23,Harga Selisih
BTPN,2021-11-24,Harga Selisih
BTPN,2021-11-25,Harga Selisih
BTPN,2021-11-26,Harga Selisih
BTPN,2021-11-29,Harga Selisih
BTPN,2021-11-30,Harga Selisih
BTPN,2021-12-01,Harga Selisih
BTPN,2021-12-02,Harga Selisih
BTPN,2021-12-03,Harga Selisih
BTPN,2021-12-06,Harga Selisih
BTPN,2021-12-07,Harga Selisih
BTPN,2021-12-08,Harga Selisih
BTPN,2021-12-09,Harga Selisih
BTPN,2021-12-10,Harga Selisih
BTPN,2021-12-13,Harga Selisih
BTPN,2021-12-14,Harga Selisih
BTPN,2021-12-15,Harga Selisih
BTPN,2021-12-16,Harga Selisih
BTPN,2021-12-17,Harga Selisih
BTPN,2021-12-20,Harga Selisih
BTPN,2021-12-21,Harga Selisih
BTPN,2021-12-22,Harga Selisih
BTPN,2021-12-23,Harga Selisih
BTPN,2021-12-24,Harga Selisih
BTPN,2021-12-27,Harga Selisih
BTPN,2021-12-28,Harga Selisih
BTPN,2021-12-29,Harga Selisih
BTPN,2021-12-30,Harga Selisih
BTPN,2022-01-03,Harga Selisih
BTPN,2022-01-04,Harga Selisih
BTPN,2022-01-05,Harga Selisih
BTPN,2022-01-06,Harga Selisih
BTPN,2022-01-07,Harga Selisih
BTPN,2022-01-10,Harga Selisih
BTPN,2022-01-11,Harga Selisih
BTPN,2022-01-12,Harga Selisih
BTPN,2022-01-13,Harga Selisih
BTPN,2022-01-14,Harga Selisih
BTPN,2022-01-17,Harga Selisih
BTPN,2022-01-18,Harga Selisih
BTPN,2022-01-19,Harga Selisih
BTPN,2022-01-20,Harga Selisih
BTPN,2022-01-21,Harga Selisih
BTPN,2022-01-24,Harga Selisih
BTPN,2022-01-25,Harga Selisih
BTPN,2022-01-26,Harga Selisih
BTPN,2022-01-27,Harga Selisih
BTPN,2022-01-28,Harga Selisih
BTPN,2022-01-31,Harga Selisih
BTPN,2022-02-02,Harga Selisih
BTPN,2022-02-03,Harga Selisih
BTPN,2022-02-04,Harga Selisih
BTPN,2022-02-07,Harga Selisih
BTPN,2022-02-08,Harga Selisih
BTPN,2022-02-09,Harga Selisih
BTPN,2022-02-10,Harga Selisih
BTPN,2022-02-11,Harga Selisih
BTPN,2022-02-14,Harga Selisih
BTPN,2022-02-15,Harga Selisih
BTPN,2022-02-16,Harga Selisih
BTPN,2022-02-17,Harga Selisih
BTPN,2022-02-18,Harga Selisih
BTPN,2022-02-21,Harga Selisih
BTPN,2022-02-22,Harga Selisih
BTPN,2022-02-23,Harga Selisih
BTPN,2022-02-24,Harga Selisih
BTPN,2022-02-25,Harga Selisih
BTPN,2022-03-01,Harga Selisih
BTPN,2022-03-02,Harga Selisih
BTPN,2022-03-04,Harga Selisih
BTPN,2022-03-07,Harga Selisih
BTPN,2022-03-08,Harga Selisih
BTPN,2022-03-09,Harga Selisih
BTPN,2022-03-10,Harga Selisih
BTPN,2022-03-11,Harga Selisih
BTPN,2022-03-14,Harga Selisih
BTPN,2022-03-15,Harga Selisih
BTPN,2022-03-16,Harga Selisih
BTPN,2022-03-17,Harga Selisih
BTPN,2022-03-18,Harga Selisih
BTPN,2022-03-21,Harga Selisih
BTPN,2022-03-22,Harga Selisih
BTPN,2022-03-23,Harga Selisih
BTPN,2022-03-24,Harga Selisih
BTPN,2022-03-25,Harga Selisih
BTPN,2022-03-28,Harga Selisih
BTPN,2022-03-29,Harga Selisih
BTPN,2022-03-30,Harga Selisih
BTPN,2022-03-31,Harga Selisih
BTPN,2022-04-01,Harga Selisih
BTPN,2022-04-04,Harga Selisih
BTPN,2022-04-05,Harga Selisih
BTPN,2022-04-06,Harga Selisih
BTPN,2022-04-07,Harga Selisih
BTPN,2022-04-08,Harga Selisih
BTPN,2022-04-11,Harga Selisih
BTPN,2022-04-12,Harga Selisih
BTPN,2022-04-13,Harga Selisih
BTPN,2022-04-14,Harga Selisih
BTPN,2022-04-18,Harga Selisih
BTPN,2022-04-19,Harga Selisih
BTPN,2022-04-20,Harga Selisih
BTPN,2022-04-21,Harga Selisih
BTPN,2022-04-22,Harga Selisih
BTPN,2022-04-25,Harga Selisih
BTPN,2022-04-26,Harga Selisih
BTPN,2022-04-27,Harga Selisih
BTPN,2022-04-28,Harga Selisih
BTPN,2022-05-09,Harga Selisih
BTPN,2022-05-10,Harga Selisih
BTPN,2022-05-11,Harga Selisih
BTPN,2022-05-12,Harga Selisih
BTPN,2022-05-13,Harga Selisih
BTPN,2022-05-17,Harga Selisih
BTPN,2022-05-18,Harga Selisih
BTPN,2022-05-19,Harga Selisih
BTPN,2022-05-20,Harga Selisih
BTPN,2022-05-23,Harga Selisih
BTPN,2022-05-24,Harga Selisih
BTPN,2022-05-25,Harga Selisih
BTPN,2022-05-27,Harga Selisih
BTPN,2022-05-30,Harga Selisih
BTPN,2022-05-31,Harga Selisih
BTPN,2022-06-02,Harga Selisih
BTPN,2022-06-03,Harga Selisih
BTPN,2022-06-06,Harga Selisih
BTPN,2022-06-07,Harga Selisih
BTPN,2022-06-08,Harga Selisih
BTPN,2022-06-09,Harga Selisih
BTPN,2022-06-10,Harga Selisih
BTPN,2022-06-13,Harga Selisih
BTPN,2022-06-14,Harga Selisih
BTPN,2022-06-15,Harga Selisih
BTPN,2022-06-16,Harga Selisih
BTPN,2022-06-17,Harga Selisih
BTPN,2022-06-20,Harga Selisih
BTPN,2022-06-21,Harga Selisih
BTPN,2022-06-22,Harga Selisih
BTPN,2022-06-23,Harga Selisih
BTPN,2022-06-24,Harga Selisih
BTPN,2022-06-27,Harga Selisih
BTPN,2022-06-28,Harga Selisih
BTPN,2022-06-29,Harga Selisih
BTPN,2022-06-30,Harga Selisih
BTPN,2022-07-01,Harga Selisih
BTPN,2022-07-04,Harga Selisih
BTPN,2022-07-05,Harga Selisih
BTPN,2022-07-06,Harga Selisih
BTPN,2022-07-07,Harga Selisih
BTPN,2022-07-08,Harga Selisih
BTPN,2022-07-11,Harga Selisih
BTPN,2022-07-12,Harga Selisih
BTPN,2022-07-13,Harga Selisih
BTPN,2022-07-14,Harga Selisih
BTPN,2022-07-15,Harga Selisih
BTPN,2022-07-18,Harga Selisih
BTPN,2022-07-19,Harga Selisih
BTPN,2022-07-20,Harga Selisih
BTPN,2022-07-21,Harga Selisih
BTPN,2022-07-22,Harga Selisih
BTPN,2022-07-25,Harga Selisih
BTPN,2022-07-26,Harga Selisih
BTPN,2022-07-27,Harga Selisih
BTPN,2022-07-28,Harga Selisih
BTPN,2022-07-29,Harga Selisih
BTPN,2022-08-01,Harga Selisih
BTPN,2022-08-02,Harga Selisih
BTPN,2022-08-03,Harga Selisih
BTPN,2022-08-04,Harga Selisih
BTPN,2022-08-05,Harga Selisih
BTPN,2022-08-08,Harga Selisih
BTPN,2022-08-09,Harga Selisih
BTPN,2022-08-10,Harga Selisih
BTPN,2022-08-11,Harga Selisih
BTPN,2022-08-12,Harga Selisih
BTPN,2022-08-15,Harga Selisih
BTPN,2022-08-16,Harga Selisih
BTPN,2022-08-18,Harga Selisih
BTPN,2022-08-19,Harga Selisih
BTPN,2022-08-22,Harga Selisih
BTPN,2022-08-23,Harga Selisih
BTPN,2022-08-24,Harga Selisih
BTPN,2022-08-25,Harga Selisih
BTPN,2022-08-26,Harga Selisih
BTPN,2022-08-29,Harga Selisih
BTPN,2022-08-30,Harga Selisih
BTPN,2022-08-31,Harga Selisih
BTPN,2022-09-01,Harga Selisih
BTPN,2022-09-02,Harga Selisih
BTPN,2022-09-05,Harga Selisih
BTPN,2022-09-06,Harga Selisih
BTPN,2022-09-07,Harga Selisih
BTPN,2022-09-08,Harga Selisih
BTPN,2022-09-09,Harga Selisih
BTPN,2022-09-12,Harga Selisih
BTPN,2022-09-13,Harga Selisih
BTPN,2022-09-14,Harga Selisih
BTPN,2022-09-15,Harga Selisih
BTPN,2022-09-16,Harga Selisih
BTPN,2022-09-19,Harga Selisih
BTPN,2022-09-20,Harga Selisih
BTPN,2022-09-21,Harga Selisih
BTPN,2022-09-22,Harga Selisih
BTPN,2022-09-23,Harga Selisih
BTPN,2022-09-26,Harga Selisih
BTPN,2022-09-27,Harga Selisih
BTPN,2022-09-28,Harga Selisih
BTPN,2022-09-29,Harga Selisih
BTPN,2022-09-30,Harga Selisih
BTPN,2022-10-03,Harga Selisih
BTPN,2022-10-04,Harga Selisih
BTPN,2022-10-05,Harga Selisih
BTPN,2022-10-06,Harga Selisih
BTPN,2022-10-07,Harga Selisih
BTPN,2022-10-10,Harga Selisih
BTPN,2022-10-11,Harga Selisih
BTPN,2022-10-12,Harga Selisih
BTPN,2022-10-13,Harga Selisih
BTPN,2022-10-14,Harga Selisih
BTPN,2022-10-17,Harga Selisih
BTPN,2022-10-18,Harga Selisih
BTPN,2022-10-19,Harga Selisih
BTPN,2022-10-20,Harga Selisih
BTPN,2022-10-21,Harga Selisih
BTPN,2022-10-24,Harga Selisih
BTPN,2022-10-25,Harga Selisih
BTPN,2022-10-26,Harga Selisih
BTPN,2022-10-27,Harga Selisih
BTPN,2022-10-28,Harga Selisih
BTPN,2022-10-31,Harga Selisih
BTPN,2022-11-01,Harga Selisih
BTPN,2022-11-02,Harga Selisih
BTPN,2022-11-03,Harga Selisih
BTPN,2022-11-04,Harga Selisih
BTPN,2022-11-07,Harga Selisih
BTPN,2022-11-08,Harga Selisih
BTPN,2022-11-09,Harga Selisih
BTPN,2022-11-10,Harga Selisih
BTPN,2022-11-11,Harga Selisih
BTPN,2022-11-14,Harga Selisih
BTPN,2022-11-15,Harga Selisih
BTPN,2022-11-16,Harga Selisih
BTPN,2022-11-17,Harga Selisih
BTPN,2022-11-18,Harga Selisih
BTPN,2022-11-21,Harga Selisih
BTPN,2022-11-22,Harga Selisih
BTPN,2022-11-23,Harga Selisih
BTPN,2022-11-24,Harga Selisih
BTPN,2022-11-25,Harga Selisih
BTPN,2022-11-28,Harga Selisih
BTPN,2022-11-29,Harga Selisih
BTPN,2022-11-30,Harga Selisih
BTPN,2022-12-01,Harga Selisih
BTPN,2022-12-02,Harga Selisih
BTPN,2022-12-05,Harga Selisih
BTPN,2022-12-06,Harga Selisih
BTPN,2022-12-07,Harga Selisih
BTPN,2022-12-08,Harga Selisih
BTPN,2022-12-09,Harga Selisih
BTPN,2022-12-12,Harga Selisih
BTPN,2022-12-13,Harga Selisih
BTPN,2022-12-14,Harga Selisih
BTPN,2022-12-15,Harga Selisih
BTPN,2022-12-16,Harga Selisih
BTPN,2022-12-19,Harga Selisih
BTPN,2022-12-20,Harga Selisih
BTPN,2022-12-21,Harga Selisih
BTPN,2022-12-22,Harga Selisih
BTPN,2022-12-23,Harga Selisih
BTPN,2022-12-26,Harga Selisih
BTPN,2022-12-27,Harga Selisih
BTPN,2022-12-28,Harga Selisih
BTPN,2022-12-29,Harga Selisih
BTPN,2022-12-30,Harga Selisih
BTPN,2023-01-02,Harga Selisih
BTPN,2023-01-03,Harga Selisih
BTPN,2023-01-04,Harga Selisih
BTPN,2023-01-05,Harga Selisih
BTPN,2023-01-06,Harga Selisih
BTPN,2023-01-09,Harga Selisih
BTPN,2023-01-10,Harga Selisih
BTPN,2023-01-11,Harga Selisih
BTPN,2023-01-12,Harga Selisih
BTPN,2023-01-13,Harga Selisih
BTPN,2023-01-16,Harga Selisih
BTPN,2023-01-17,Harga Selisih
BTPN,2023-01-18,Harga Selisih
BTPN,2023-01-19,Harga Selisih
BTPN,2023-01-20,Harga Selisih
BTPN,2023-01-24,Harga Selisih
BTPN,2023-01-25,Harga Selisih
BTPN,2023-01-26,Harga Selisih
BTPN,2023-01-27,Harga Selisih
BTPN,2023-01-30,Harga Selisih
BTPN,2023-01-31,Harga Selisih
BTPN,2023-02-01,Harga Selisih
BTPN,2023-02-02,Harga Selisih
BTPN,2023-02-03,Harga Selisih
BTPN,2023-02-06,Harga Selisih
BTPN,2023-02-07,Harga Selisih
BTPN,2023-02-08,Harga Selisih
BTPN,2023-02-09,Harga Selisih
BTPN,2023-02-10,Harga Selisih
BTPN,2023-02-13,Harga Selisih
BTPN,2023-02-14,Harga Selisih
BTPN,2023-02-15,Harga Selisih
BTPN,2023-02-16,Harga Selisih
BTPN,2023-02-17,Harga Selisih
BTPN,2023-02-20,Harga Selisih
BTPN,2023-02-21,Harga Selisih
BTPN,2023-02-22,Harga Selisih
BTPN,2023-02-23,Harga Selisih
BTPN,2023-02-24,Harga Selisih
BTPN,2023-02-27,Harga Selisih
BTPN,2023-02-28,Harga Selisih
BTPN,2023-03-01,Harga Selisih
BTPN,2023-03-02,Harga Selisih
BTPN,2023-03-03,Harga Selisih
BTPN,2023-03-06,Harga Selisih
BTPN,2023-03-07,Harga Selisih
BTPN,2023-03-08,Harga Selisih
BTPN,2023-03-09,Harga Selisih
BTPN,2023-03-10,Harga Selisih
BTPN,2023-03-13,Harga Selisih
BTPN,2023-03-14,Harga Selisih
BTPN,2023-03-15,Harga Selisih
BTPN,2023-03-16,Harga Selisih
BTPN,2023-03-17,Harga Selisih
BTPN,2023-03-20,Harga Selisih
BTPN,2023-03-21,Harga Selisih
BTPN,2023-03-24,Harga Selisih
BTPN,2023-03-27,Harga Selisih
BTPN,2023-03-28,Harga Selisih
BTPN,2023-03-29,Harga Selisih
BTPN,2023-03-30,Harga Selisih
BTPN,2023-03-31,Harga Selisih
BTPN,2023-04-03,Harga Selisih
BTPN,2023-04-04,Harga Selisih
BTPN,2023-04-05,Harga Selisih
BTPN,2023-04-06,Harga Selisih
BTPN,2023-04-10,Harga Selisih
BTPN,2023-04-11,Harga Selisih
BTPN,2023-04-12,Harga Selisih
BTPN,2023-04-13,Harga Selisih
BTPN,2023-04-14,Harga Selisih
BTPN,2023-04-17,Harga Selisih
BTPN,2023-04-18,Harga Selisih
BTPN,2023-04-26,Harga Selisih
BTPN,2023-04-27,Harga Selisih
BTPN,2023-04-28,Harga Selisih
BTPN,2023-05-02,Harga Selisih
BTPN,2023-05-03,Harga Selisih
BTPN,2023-05-04,Harga Selisih
BTPN,2023-05-05,Harga Selisih
BTPN,2023-05-08,Harga Selisih
BTPN,2023-05-09,Harga Selisih
BTPN,2023-05-10,Harga Selisih
BTPN,2023-05-11,Harga Selisih
BTPN,2023-05-12,Harga Selisih
BTPN,2023-05-15,Harga Selisih
BTPN,2023-05-16,Harga Selisih
BTPN,2023-05-17,Harga Selisih
BTPN,2023-05-19,Harga Selisih
BTPN,2023-05-22,Harga Selisih
BTPN,2023-05-23,Harga Selisih
BTPN,2023-05-24,Harga Selisih
BTPN,2023-05-25,Harga Selisih
BTPN,2023-05-26,Harga Selisih
BTPN,2023-05-29,Harga Selisih
BTPN,2023-05-30,Harga Selisih
BTPN,2023-05-31,Harga Selisih
BTPN,2023-06-05,Harga Selisih
BTPN,2023-06-06,Harga Selisih
BTPN,2023-06-07,Harga Selisih
BTPN,2023-06-08,Harga Selisih
BTPN,2023-06-09,Harga Selisih
BTPN,2023-06-12,Harga Selisih
BTPN,2023-06-13,Harga Selisih
BTPN,2023-06-14,Harga Selisih
BTPN,2023-06-15,Harga Selisih
BTPN,2023-06-16,Harga Selisih
BTPN,2023-06-19,Harga Selisih
BTPN,2023-06-20,Harga Selisih
BTPN,2023-06-21,Harga Selisih
BTPN,2023-06-22,Harga Selisih
BTPN,2023-06-23,Harga Selisih
BTPN,2023-06-26,Harga Selisih
BTPN,2023-06-27,Harga Selisih
BTPN,2023-07-03,Harga Selisih
BTPN,2023-07-04,Harga Selisih
BTPN,2023-07-05,Harga Selisih
BTPN,2023-07-06,Harga Selisih
BTPN,2023-07-07,Harga Selisih
BTPN,2023-07-10,Harga Selisih
BTPN,2023-07-11,Harga Selisih
BTPN,2023-07-12,Harga Selisih
BTPN,2023-07-13,Harga Selisih
BTPN,2023-07-14,Harga Selisih
BTPN,2023-07-17,Harga Selisih
BTPN,2023-07-18,Harga Selisih
BTPN,2023-07-20,Harga Selisih
BTPN,2023-07-21,Harga Selisih
BTPN,2023-07-24,Harga Selisih
BTPN,2023-07-25,Harga Selisih
BTPN,2023-07-26,Harga Selisih
BTPN,2023-07-27,Harga Selisih
BTPN,2023-07-28,Harga Selisih
BTPN,2023-07-31,Harga Selisih
BTPN,2023-08-01,Harga Selisih
BTPN,2023-08-02,Harga Selisih
BTPN,2023-08-03,Harga Selisih
BTPN,2023-08-04,Harga Selisih
BTPN,2023-08-07,Harga Selisih
BTPN,2023-08-08,Harga Selisih
BTPN,2023-08-09,Harga Selisih
BTPN,2023-08-10,Harga Selisih
BTPN,2023-08-11,Harga Selisih
BTPN,2023-08-14,Harga Selisih
BTPN,2023-08-15,Harga Selisih
BTPN,2023-08-16,Harga Selisih
BTPN,2023-08-18,Harga Selisih
BTPN,2023-08-21,Harga Selisih
BTPN,2023-08-22,Harga Selisih
BTPN,2023-08-23,Harga Selisih
BTPN,2023-08-24,Harga Selisih
BTPN,2023-08-25,Harga Selisih
BTPN,2023-08-28,Harga Selisih
BTPN,2023-08-29,Harga Selisih
BTPN,2023-08-30,Harga Selisih
BTPN,2023-08-31,Harga Selisih
BTPN,2023-09-01,Harga Selisih
BTPN,2023-09-04,Harga Selisih
BTPN,2023-09-05,Harga Selisih
BTPN,2023-09-06,Harga Selisih
BTPN,2023-09-07,Harga Selisih
BTPN,2023-09-08,Harga Selisih
BTPN,2023-09-11,Harga Selisih
BTPN,2023-09-12,Harga Selisih
BTPN,2023-09-13,Harga Selisih
BTPN,2023-09-14,Harga Selisih
BTPN,2023-09-15,Harga Selisih
BTPN,2023-09-18,Harga Selisih
BTPN,2023-09-19,Harga Selisih
BTPN,2023-09-20,Harga Selisih
BTPN,2023-09-21,Harga Selisih
BTPN,2023-09-22,Harga Selisih
BTPN,2023-09-25,Harga Selisih
BTPN,2023-09-26,Harga Selisih
BTPN,2023-09-27,Harga Selisih
BTPN,2023-09-29,Harga Selisih
BTPN,2023-10-02,Harga Selisih
BTPN,2023-10-03,Harga Selisih
BTPN,2023-10-04,Harga Selisih
BTPN,2023-10-05,Harga Selisih
BTPN,2023-10-06,Harga Selisih
BTPN,2023-10-09,Harga Selisih
BTPN,2023-10-10,Harga Selisih
BTPN,2023-10-11,Harga Selisih
BTPN,2023-10-12,Harga Selisih
BTPN,2023-10-13,Harga Selisih
BTPN,2023-10-16,Harga Selisih
BTPN,2023-10-17,Harga Selisih
BTPN,2023-10-18,Harga Selisih
BTPN,2023-10-19,Harga Selisih
BTPN,2023-10-20,Harga Selisih
BTPN,2023-10-23,Harga Selisih
BTPN,2023-10-24,Harga Selisih
BTPN,2023-10-25,Harga Selisih
BTPN,2023-10-26,Harga Selisih
BTPN,2023-10-27,Harga Selisih
BTPN,2023-10-30,Harga Selisih
BTPN,2023-10-31,Harga Selisih
BTPN,2023-11-01,Harga Selisih
BTPN,2023-11-02,Harga Selisih
BTPN,2023-11-03,Harga Selisih
BTPN,2023-11-06,Harga Selisih
BTPN,2023-11-07,Harga Selisih
BTPN,2023-11-08,Harga Selisih
BTPN,2023-11-09,Harga Selisih
BTPN,2023-11-10,Harga Selisih
BTPN,2023-11-13,Harga Selisih
BTPN,2023-11-14,Harga Selisih
BTPN,2023-11-15,Harga Selisih
BTPN,2023-11-16,Harga Selisih
BTPN,2023-11-17,Harga Selisih
BTPN,2023-11-20,Harga Selisih
BTPN,2023-11-21,Harga Selisih
BTPN,2023-11-22,Harga Selisih
BTPN,2023-11-23,Harga Selisih
BTPN,2023-11-24,Harga Selisih
BTPN,2023-11-27,Harga Selisih
BTPN,2023-11-28,Harga Selisih
BTPN,2023-11-29,Harga Selisih
BTPN,2023-11-30,Harga Selisih
BTPN,2023-12-01,Harga Selisih
BTPN,2023-12-04,Harga Selisih
BTPN,2023-12-05,Harga Selisih
BTPN,2023-12-06,Harga Selisih
BTPN,2023-12-07,Harga Selisih
BTPN,2023-12-08,Harga Selisih
BTPN,2023-12-11,Harga Selisih
BTPN,2023-12-12,Harga Selisih
BTPN,2023-12-13,Harga Selisih
BTPN,2023-12-14,Harga Selisih
BTPN,2023-12-15,Harga Selisih
BTPN,2023-12-18,Harga Selisih
BTPN,2023-12-19,Harga Selisih
BTPN,2023-12-20,Harga Selisih
BTPN,2023-12-21,Harga Selisih
BTPN,2023-12-22,Harga Selisih
MAYA,2019-12-26,Data Adjusted
MAYA,2019-12-27,Data Adjusted
MAYA,2019-12-30,Data Adjusted
MAYA,2020-01-02,Data Adjusted
MAYA,2020-01-03,Data Adjusted
MAYA,2020-01-06,Data Adjusted
MAYA,2020-01-07,Data Adjusted
MAYA,2020-01-08,Data Adjusted
MAYA,2020-01-09,Data Adjusted
MAYA,2020-01-10,Data Adjusted
MAYA,2020-01-13,Data Adjusted
MAYA,2020-01-14,Data Adjusted
MAYA,2020-01-15,Data Adjusted
MAYA,2020-01-16,Data Adjusted
MAYA,2020-01-17,Data Adjusted
MAYA,2020-01-20,Data Adjusted
MAYA,2020-01-21,Data Adjusted
MAYA,2020-01-22,Data Adjusted
MAYA,2020-01-23,Data Adjusted
MAYA,2020-01-24,Data Adjusted
MAYA,2020-01-27,Data Adjusted
MAYA,2020-01-28,Data Adjusted
MAYA,2020-01-29,Data Adjusted
MAYA,2020-01-30,Data Adjusted
MAYA,2020-01-31,Data Adjusted
MAYA,2020-02-03,Data Adjusted
MAYA,2020-02-04,Data Adjusted
MAYA,2020-02-05,Data Adjusted
MAYA,2020-02-06,Data Adjusted
MAYA,2020-02-07,Data Adjusted
MAYA,2020-02-10,Data Adjusted
MAYA,2020-02-11,Data Adjusted
MAYA,2020-02-12,Data Adjusted
MAYA,2020-02-13,Data Adjusted
MAYA,2020-02-14,Data Adjusted
MAYA,2020-02-17,Data Adjusted
MAYA,2020-02-18,Data Adjusted
MAYA,2020-02-19,Data Adjusted
MAYA,2020-02-20,Data Adjusted
MAYA,2020-02-21,Data Adjusted
MAYA,2020-02-24,Data Adjusted
MAYA,2020-02-25,Data Adjusted
MAYA,2020-02-26,Data Adjusted
MAYA,2020-02-27,Data Adjusted
MAYA,2020-02-28,Data Adjusted
MAYA,2020-03-02,Data Adjusted
MAYA,2020-03-03,Data Adjusted
MAYA,2020-03-04,Data Adjusted
MAYA,2020-03-05,Data Adjusted
MAYA,2020-03-06,Data Adjusted
MAYA,2020-03-09,Data Adjusted
MAYA,2020-03-10,Data Adjusted
MAYA,2020-03-11,Data Adjusted
MAYA,2020-03-12,Data Adjusted
MAYA,2020-03-13,Data Adjusted
MAYA,2020-03-16,Data Adjusted
MAYA,2020-03-17,Data Adjusted
MAYA,2020-03-18,Data Adjusted
MAYA,2020-03-19,Data Adjusted
MAYA,2020-03-20,Data Adjusted
MAYA,2020-03-23,Data Adjusted
MAYA,2020-03-24,Data Adjusted
MAYA,2020-03-26,Data Adjusted
MAYA,2020-03-27,Data Adjusted
MAYA,2020-03-30,Data Adjusted
MAYA,2020-03-31,Data Adjusted
MAYA,2020-04-01,Data Adjusted
MAYA,2020-04-02,Data Adjusted
MAYA,2020-04-03,Data Adjusted
MAYA,2020-04-06,Data Adjusted
MAYA,2020-04-07,Data Adjusted
MAYA,2020-04-08,Data Adjusted
MAYA,2020-04-09,Data Adjusted
MAYA,2020-04-13,Data Adjusted
MAYA,2020-04-14,Data Adjusted
MAYA,2020-04-15,Data Adjusted
MAYA,2020-04-16,Data Adjusted
MAYA,2020-04-17,Data Adjusted
MAYA,2020-04-20,Data Adjusted
MAYA,2020-04-21,Data Adjusted
MAYA,2020-04-22,Data Adjusted
MAYA,2020-04-23,Data Adjusted
MAYA,2020-04-24,Data Adjusted
MAYA,2020-04-27,Data Adjusted
MAYA,2020-04-28,Data Adjusted
MAYA,2020-04-29,Data Adjusted
MAYA,2020-04-30,Data Adjusted
MAYA,2020-05-04,Data Adjusted
MAYA,2020-05-05,Data Adjusted
MAYA,2020-05-06,Data Adjusted
MAYA,2020-05-08,Data Adjusted
MAYA,2020-05-11,Data Adjusted
MAYA,2020-05-12,Data Adjusted
MAYA,2020-05-13,Data Adjusted
MAYA,2020-05-14,Data Adjusted
MAYA,2020-05-15,Data Adjusted
MAYA,2020-05-18,Data Adjusted
MAYA,2020-05-19,Data Adjusted
MAYA,2020-05-20,Data Adjusted
MAYA,2020-05-26,Data Adjusted
MAYA,2020-05-27,Data Adjusted
MAYA,2020-05-28,Data Adjusted
MAYA,2020-05-29,Data Adjusted
MAYA,2020-06-02,Data Adjusted
MAYA,2020-06-03,Data Adjusted
MAYA,2020-06-04,Data Adjusted
MAYA,2020-06-05,Data Adjusted
MAYA,2020-06-08,Data Adjusted
MAYA,2020-06-09,Data Adjusted
MAYA,2020-06-10,Data Adjusted
MAYA,2020-06-11,Data Adjusted
MAYA,2020-06-12,Data Adjusted
MAYA,2020-06-15,Data Adjusted
MAYA,2020-06-16,Data Adjusted
MAYA,2020-06-17,Data Adjusted
MAYA,2020-06-18,Data Adjusted
MAYA,2020-06-19,Data Adjusted
MAYA,2020-06-22,Data Adjusted
MAYA,2020-06-23,Data Adjusted
MAYA,2020-06-24,Data Adjusted
MAYA,2020-06-25,Data Adjusted
MAYA,2020-06-26,Data Adjusted
MAYA,2020-06-29,Data Adjusted
MAYA,2020-06-30,Data Adjusted
MAYA,2020-07-01,Data Adjusted
MAYA,2020-07-02,Data Adjusted
MAYA,2020-07-03,Data Adjusted
MAYA,2020-07-06,Data Adjusted
MAYA,2020-07-07,Data Adjusted
MAYA,2020-07-08,Data Adjusted
MAYA,2020-07-09,Data Adjusted
MAYA,2020-07-10,Data Adjusted
MAYA,2020-07-13,Data Adjusted
MAYA,2020-07-14,Data Adjusted
MAYA,2020-07-15,Data Adjusted
MAYA,2020-07-16,Data Adjusted
MAYA,2020-07-17,Data Adjusted
MAYA,2020-07-20,Data Adjusted
MAYA,2020-07-21,Data Adjusted
MAYA,2020-07-22,Data Adjusted
MAYA,2020-07-23,Data Adjusted
MAYA,2020-07-24,Data Adjusted
MAYA,2020-07-27,Data Adjusted
MAYA,2020-07-28,Data Adjusted
MAYA,2020-07-29,Data Adjusted
MAYA,2020-07-30,Data Adjusted
MAYA,2020-08-03,Data Adjusted
MAYA,2020-08-04,Data Adjusted
MAYA,2020-08-05,Data Adjusted
MAYA,2020-08-06,Data Adjusted
MAYA,2020-08-07,Data Adjusted
MAYA,2020-08-10,Data Adjusted
MAYA,2020-08-11,Data Adjusted
MAYA,2020-08-12,Data Adjusted
MAYA,2020-08-13,Data Adjusted
MAYA,2020-08-14,Data Adjusted
MAYA,2020-08-18,Data Adjusted
MAYA,2020-08-19,Data Adjusted
MAYA,2020-08-24,Data Adjusted
MAYA,2020-08-25,Data Adjusted
MAYA,2020-08-26,Data Adjusted
MAYA,2020-08-27,Data Adjusted
MAYA,2020-08-28,Data Adjusted
MAYA,2020-08-31,Data Adjusted
MAYA,2020-09-01,Data Adjusted
MAYA,2020-09-02,Data Adjusted
MAYA,2020-09-03,Data Adjusted
MAYA,2020-09-04,Data Adjusted
MAYA,2020-09-07,Data Adjusted
MAYA,2020-09-08,Data Adjusted
MAYA,2020-09-09,Data Adjusted
MAYA,2020-09-10,Data Adjusted
MAYA,2020-09-11,Data Adjusted
MAYA,2020-09-14,Data Adjusted
MAYA,2020-09-15,Data Adjusted
MAYA,2020-09-16,Data Adjusted
MAYA,2020-09-17,Data Adjusted
MAYA,2020-09-18,Data Adjusted
MAYA,2020-09-21,Data Adjusted
MAYA,2020-09-22,Data Adjusted
MAYA,2020-09-23,Data Adjusted
MAYA,2020-09-24,Data Adjusted
MAYA,2020-09-25,Data Adjusted
MAYA,2020-09-28,Data Adjusted
MAYA,2020-09-29,Data Adjusted
MAYA,2020-09-30,Data Adjusted
MAYA,2020-10-01,Data Adjusted
MAYA,2020-10-02,Data Adjusted
MAYA,2020-10-05,Data Adjusted
MAYA,2020-10-06,Data Adjusted
MAYA,2020-10-07,Data Adjusted
MAYA,2020-10-08,Data Adjusted
MAYA,2020-10-09,Data Adjusted
MAYA,2020-10-12,Data Adjusted
MAYA,2020-10-13,Data Adjusted
MAYA,2020-10-14,Data Adjusted
MAYA,2020-10-15,Data Adjusted
MAYA,2020-10-16,Data Adjusted
MAYA,2020-10-19,Data Adjusted
MAYA,2020-10-20,Data Adjusted
MAYA,2020-10-21,Data Adjusted
MAYA,2020-10-22,Data Adjusted
MAYA,2020-10-23,Data Adjusted
MAYA,2020-10-26,Data Adjusted
MAYA,2020-10-27,Data Adjusted
MAYA,2020-11-02,Data Adjusted
MAYA,2020-11-03,Data Adjusted
MAYA,2020-11-04,Data Adjusted
MAYA,2020-11-05,Data Adjusted
MAYA,2020-11-06,Data Adjusted
MAYA,2020-11-09,Data Adjusted
MAYA,2020-11-10,Data Adjusted
MAYA,2020-11-11,Data Adjusted
MAYA,2020-11-12,Data Adjusted
MAYA,2020-11-13,Data Adjusted
MAYA,2020-11-16,Data Adjusted
MAYA,2020-11-17,Data Adjusted
MAYA,2020-11-18,Data Adjusted
MAYA,2020-11-19,Data Adjusted
MAYA,2020-11-20,Data Adjusted
MAYA,2020-11-23,Data Adjusted
MAYA,2020-11-24,Data Adjusted
MAYA,2020-11-25,Data Adjusted
MAYA,2020-11-26,Data Adjusted
MAYA,2020-11-27,Data Adjusted
MAYA,2020-11-30,Data Adjusted
MAYA,2020-12-01,Data Adjusted
MAYA,2020-12-02,Data Adjusted
MAYA,2020-12-03,Data Adjusted
MAYA,2020-12-04,Data Adjusted
MAYA,2020-12-07,Data Adjusted
MAYA,2020-12-08,Data Adjusted
MAYA,2020-12-10,Data Adjusted
MAYA,2020-12-11,Data Adjusted
MAYA,2020-12-15,Data Adjusted
MAYA,2020-12-16,Data Adjusted
MAYA,2020-12-17,Data Adjusted
MAYA,2020-12-18,Data Adjusted
MAYA,2020-12-21,Data Adjusted
MAYA,2020-12-22,Data Adjusted
MAYA,2020-12-23,Data Adjusted
MAYA,2020-12-28,Data Adjusted
MAYA,2020-12-29,Data Adjusted
MAYA,2020-12-30,Data Adjusted
MAYA,2021-01-04,Data Adjusted
MAYA,2021-01-05,Data Adjusted
MAYA,2021-01-06,Data Adjusted
MAYA,2021-01-07,Data Adjusted
MAYA,2021-01-08,Data Adjusted
MAYA,2021-01-11,Data Adjusted
MAYA,2021-01-12,Data Adjusted
MAYA,2021-01-13,Data Adjusted
MAYA,2021-01-14,Data Adjusted
MAYA,2021-01-15,Data Adjusted
MAYA,2021-01-18,Data Adjusted
MAYA,2021-01-19,Data Adjusted
MAYA,2021-01-20,Data Adjusted
MAYA,2021-01-21,Data Adjusted
MAYA,2021-01-22,Data Adjusted
MAYA,2021-01-25,Data Adjusted
MAYA,2021-01-26,Data Adjusted
MAYA,2021-01-27,Data Adjusted
MAYA,2021-01-28,Data Adjusted
MAYA,2021-01-29,Data Adjusted
MAYA,2021-02-01,Data Adjusted
MAYA,2021-02-02,Data Adjusted
MAYA,2021-02-03,Data Adjusted
MAYA,2021-02-04,Data Adjusted
MAYA,2021-02-05,Data Adjusted
MAYA,2021-02-08,Data Adjusted
MAYA,2021-02-09,Data Adjusted
MAYA,2021-02-10,Data Adjusted
MAYA,2021-02-11,Data Adjusted
MAYA,2021-02-15,Data Adjusted
MAYA,2021-02-16,Data Adjusted
MAYA,2021-02-17,Data Adjusted
MAYA,2021-02-18,Data Adjusted
MAYA,2021-02-19,Data Adjusted
MAYA,2021-02-22,Data Adjusted
MAYA,2021-02-23,Data Adjusted
MAYA,2021-02-24,Data Adjusted
MAYA,2021-02-25,Data Adjusted
MAYA,2021-02-26,Data Adjusted
MAYA,2021-03-01,Data Adjusted
MAYA,2021-03-02,Data Adjusted
MAYA,2021-03-03,Data Adjusted
MAYA,2021-03-04,Data Adjusted
MAYA,2021-03-05,Data Adjusted
MAYA,2021-03-08,Data Adjusted
MAYA,2021-03-09,Data Adjusted
MAYA,2021-03-10,Data Adjusted
MAYA,2021-03-12,Data Adjusted
MAYA,2021-03-15,Data Adjusted
MAYA,2021-03-16,Data Adjusted
MAYA,2021-03-17,Data Adjusted
MAYA,2021-03-18,Data Adjusted
MAYA,2021-03-19,Data Adjusted
MAYA,2021-03-22,Data Adjusted
MAYA,2021-03-23,Data Adjusted
MAYA,2021-03-24,Data Adjusted
MAYA,2021-03-25,Data Adjusted
MAYA,2021-03-26,Data Adjusted
MAYA,2021-03-29,Data Adjusted
MAYA,2021-03-30,Data Adjusted
MAYA,2021-03-31,Data Adjusted
MAYA,2021-04-01,Data Adjusted
MAYA,2021-04-05,Data Adjusted
MAYA,2021-04-06,Data Adjusted
MAYA,2021-04-07,Data Adjusted
MAYA,2021-04-08,Data Adjusted
MAYA,2021-04-09,Data Adjusted
MAYA,2021-04-12,Data Adjusted
MAYA,2021-04-13,Data Adjusted
MAYA,2021-04-14,Data Adjusted
MAYA,2021-04-15,Data Adjusted
MAYA,2021-04-16,Data Adjusted
MAYA,2021-04-19,Data Adjusted
MAYA,2021-04-20,Data Adjusted
MAYA,2021-04-21,Data Adjusted
MAYA,2021-04-22,Data Adjusted
MAYA,2021-04-23,Data Adjusted
MAYA,2021-04-26,Data Adjusted
MAYA,2021-04-27,Data Adjusted
MAYA,2021-04-28,Data Adjusted
MAYA,2021-04-29,Data Adjusted
MAYA,2021-04-30,Data Adjusted
MAYA,2021-05-03,Data Adjusted
MAYA,2021-05-04,Data Adjusted
MAYA,2021-05-05,Data Adjusted
MAYA,2021-05-06,Data Adjusted
MAYA,2021-05-07,Data Adjusted
MAYA,2021-05-10,Data Adjusted
MAYA,2021-05-11,Data Adjusted
MAYA,2021-05-17,Data Adjusted
MAYA,2021-05-18,Data Adjusted
MAYA,2021-05-19,Data Adjusted
MAYA,2021-05-20,Data Adjusted
MAYA,2021-05-21,Data Adjusted
MAYA,2021-05-24,Data Adjusted
MAYA,2021-05-25,Data Adjusted
MAYA,2021-05-27,Data Adjusted
MAYA,2021-05-28,Data Adjusted
MAYA,2021-05-31,Data Adjusted
MAYA,2021-06-02,Data Adjusted
MAYA,2021-06-03,Data Adjusted
MAYA,2021-06-04,Data Adjusted
MAYA,2021-06-07,Data Adjusted
MAYA,2021-06-08,Data Adjusted
MAYA,2021-06-09,Data Adjusted
MAYA,2021-06-10,Data Adjusted
MAYA,2021-06-11,Data Adjusted
MAYA,2021-06-14,Data Adjusted
MAYA,2021-06-15,Data Adjusted
MAYA,2021-06-16,Data Adjusted
MAYA,2021-06-17,Data Adjusted
MAYA,2021-06-18,Data Adjusted
MAYA,2021-06-21,Data Adjusted
MAYA,2021-06-22,Data Adjusted
MAYA,2021-06-23,Data Adjusted
MAYA,2021-06-24,Data Adjusted
MAYA,2021-06-25,Data Adjusted
MAYA,2021-06-28,Data Adjusted
MAYA,2021-06-29,Data Adjusted
MAYA,2021-06-30,Data Adjusted
MAYA,2021-07-01,Data Adjusted
MAYA,2021-07-02,Data Adjusted
MAYA,2021-07-05,Data Adjusted
MAYA,2021-07-06,Data Adjusted
MAYA,2021-07-07,Data Adjusted
MAYA,2021-07-08,Data Adjusted
MAYA,2021-07-09,Data Adjusted
MAYA,2021-07-12,Data Adjusted
MAYA,2021-07-13,Data Adjusted
MAYA,2021-07-14,Data Adjusted
MAYA,2021-07-15,Data Adjusted
MAYA,2021-07-16,Data Adjusted
MAYA,2021-07-19,Data Adjusted
MAYA,2021-07-21,Data Adjusted
MAYA,2021-07-22,Data Adjusted
MAYA,2021-07-23,Data Adjusted
MAYA,2021-07-26,Data Adjusted
MAYA,2021-07-27,Data Adjusted
MAYA,2021-07-28,Data Adjusted
MAYA,2021-07-29,Data Adjusted
MAYA,2021-07-30,Data Adjusted
MAYA,2021-08-02,Data Adjusted
MAYA,2021-08-03,Data Adjusted
MAYA,2021-08-04,Data Adjusted
MAYA,2021-08-05,Data Adjusted
MAYA,2021-08-06,Data Adjusted
MAYA,2021-08-09,Data Adjusted
MAYA,2021-08-10,Data Adjusted
MAYA,2021-08-12,Data Adjusted
MAYA,2021-08-13,Data Adjusted
MAYA,2021-08-16,Data Adjusted
MAYA,2021-08-18,Data Adjusted
MAYA,2021-08-19,Data Adjusted
MAYA,2021-08-20,Data Adjusted
MAYA,2021-08-23,Data Adjusted
MAYA,2021-08-24,Data Adjusted
MAYA,2021-08-25,Data Adjusted
MAYA,2021-08-26,Data Adjusted
MAYA,2021-08-27,Data Adjusted
MAYA,2021-08-30,Data Adjusted
MAYA,2021-08-31,Data Adjusted
MAYA,2021-09-01,Data Adjusted
MAYA,2021-09-02,Data Adjusted
MAYA,2021-09-03,Data Adjusted
MAYA,2021-09-06,Data Adjusted
MAYA,2021-09-07,Data Adjusted
MAYA,2021-09-08,Data Adjusted
MAYA,2021-09-09,Data Adjusted
MAYA,2021-09-10,Data Adjusted
MAYA,2021-09-13,Data Adjusted
MAYA,2021-09-14,Data Adjusted
MAYA,2021-09-15,Data Adjusted
MAYA,2021-09-16,Data Adjusted
MAYA,2021-09-17,Data Adjusted
MAYA,2021-09-20,Data Adjusted
MAYA,2021-09-21,Data Adjusted
MAYA,2021-09-22,Data Adjusted
MAYA,2021-09-23,Data Adjusted
MAYA,2021-09-24,Data Adjusted
MAYA,2021-09-27,Data Adjusted
MAYA,2021-09-28,Data Adjusted
MAYA,2021-09-29,Data Adjusted
MAYA,2021-09-30,Data Adjusted
MAYA,2021-10-01,Data Adjusted
MAYA,2021-10-04,Data Adjusted
MAYA,2021-10-05,Data Adjusted
MAYA,2021-10-06,Data Adjusted
MAYA,2021-10-07,Data Adjusted
MAYA,2021-10-08,Data Adjusted
MAYA,2021-10-11,Data Adjusted
MAYA,2021-10-12,Data Adjusted
MAYA,2021-10-13,Data Adjusted
MAYA,2021-10-14,Data Adjusted
MAYA,2021-10-15,Data Adjusted
MAYA,2021-10-18,Data Adjusted
MAYA,2021-10-19,Data Adjusted
MAYA,2021-10-21,Data Adjusted
MAYA,2021-10-22,Data Adjusted
MAYA,2021-10-25,Data Adjusted
MAYA,2021-10-26,Data Adjusted
MAYA,2021-10-27,Data Adjusted
MAYA,2021-10-28,Data Adjusted
MAYA,2021-10-29,Data Adjusted
MAYA,2021-11-01,Data Adjusted
MAYA,2021-11-02,Data Adjusted
MAYA,2021-11-03,Data Adjusted
MAYA,2021-11-04,Data Adjusted
MAYA,2021-11-05,Data Adjusted
MAYA,2021-11-08,Data Adjusted
MAYA,2021-11-09,Data Adjusted
MAYA,2021-11-10,Data Adjusted
MAYA,2021-11-11,Data Adjusted
MAYA,2021-11-12,Data Adjusted
MAYA,2021-11-15,Data Adjusted
MAYA,2021-11-16,Data Adjusted
MAYA,2021-11-17,Data Adjusted
MAYA,2021-11-18,Data Adjusted
MAYA,2021-11-19,Data Adjusted
MAYA,2021-11-22,Data Adjusted
MAYA,2021-11-23,Data Adjusted
MAYA,2021-11-24,Data Adjusted
MAYA,2021-11-25,Data Adjusted
MAYA,2021-11-26,Data Adjusted
MAYA,2021-11-29,Data Adjusted
MAYA,2021-11-30,Data Adjusted
MAYA,2021-12-01,Data Adjusted
MAYA,2021-12-02,Data Adjusted
MAYA,2021-12-03,Data Adjusted
MAYA,2021-12-06,Data Adjusted
MAYA,2021-12-07,Data Adjusted
MAYA,2021-12-08,Data Adjusted
MAYA,2021-12-09,Data Adjusted
MAYA,2021-12-10,Data Adjusted
MAYA,2021-12-13,Data Adjusted
MAYA,2021-12-14,Data Adjusted
MAYA,2021-12-15,Data Adjusted
MAYA,2021-12-16,Data Adjusted
MAYA,2021-12-17,Data Adjusted
MAYA,2021-12-20,Data Adjusted
MAYA,2021-12-21,Data Adjusted
MAYA,2021-12-22,Data Adjusted
MAYA,2021-12-23,Data Adjusted
MAYA,2021-12-24,Data Adjusted
MAYA,2021-12-27,Data Adjusted
MAYA,2021-12-28,Data Adjusted
MAYA,2021-12-29,Data Adjusted
MAYA,2021-12-30,Data Adjusted
MAYA,2022-01-03,Data Adjusted
MAYA,2022-01-04,Data Adjusted
MAYA,2022-01-05,Data Adjusted
MAYA,2022-01-06,Data Adjusted
MAYA,2022-01-07,Data Adjusted
MAYA,2022-01-10,Data Adjusted
MAYA,2022-01-11,Data Adjusted
MAYA,2022-01-12,Data Adjusted
MAYA,2022-01-13,Data Adjusted
MAYA,2022-01-14,Data Adjusted
MAYA,2022-01-17,Data Adjusted
MAYA,2022-01-18,Data Adjusted
MAYA,2022-01-19,Data Adjusted
MAYA,2022-01-20,Data Adjusted
MAYA,2022-01-21,Data Adjusted
MAYA,2022-01-24,Data Adjusted
MAYA,2022-01-25,Data Adjusted
MAYA,2022-01-26,Data Adjusted
MAYA,2022-01-27,Data Adjusted
MAYA,2022-01-28,Data Adjusted
MAYA,2022-01-31,Data Adjusted
MAYA,2022-02-02,Data Adjusted
MAYA,2022-02-03,Data Adjusted
MAYA,2022-02-04,Data Adjusted
MAYA,2022-02-07,Data Adjusted
MAYA,2022-02-08,Data Adjusted
MAYA,2022-02-09,Data Adjusted
MAYA,2022-02-10,Data Adjusted
MAYA,2022-02-11,Data Adjusted
MAYA,2022-02-14,Data Adjusted
MAYA,2022-02-15,Data Adjusted
MAYA,2022-02-16,Data Adjusted
MAYA,2022-02-17,Data Adjusted
MAYA,2022-02-18,Data Adjusted
MAYA,2022-02-21,Data Adjusted
MAYA,2022-02-22,Data Adjusted
MAYA,2022-02-23,Data Adjusted
MAYA,2022-02-24,Data Adjusted
MAYA,2022-02-25,Data Adjusted
MAYA,2022-03-01,Data Adjusted
MAYA,2022-03-02,Data Adjusted
MAYA,2022-03-04,Data Adjusted
MAYA,2022-03-07,Data Adjusted
MAYA,2022-03-08,Data Adjusted
MAYA,2022-03-09,Data Adjusted
MAYA,2022-03-10,Data Adjusted
MAYA,2022-03-11,Data Adjusted
MAYA,2022-03-14,Data Adjusted
MAYA,2022-03-15,Data Adjusted
MAYA,2022-03-16,Data Adjusted
MAYA,2022-03-17,Data Adjusted
MAYA,2022-03-18,Data Adjusted
MAYA,2022-03-21,Data Adjusted
MAYA,2022-03-22,Data Adjusted
MAYA,2022-03-23,Data Adjusted
MAYA,2022-03-24,Data Adjusted
MAYA,2022-03-25,Data Adjusted
MAYA,2022-03-28,Data Adjusted
MAYA,2022-03-29,Data Adjusted
MAYA,2022-03-30,Data Adjusted
MAYA,2022-03-31,Data Adjusted
MAYA,2022-04-01,Data Adjusted
MAYA,2022-04-04,Data Adjusted
MAYA,2022-04-05,Data Adjusted
MAYA,2022-04-06,Data Adjusted
MAYA,2022-04-07,Data Adjusted
MAYA,2022-04-08,Data Adjusted
MAYA,2022-04-11,Data Adjusted
MAYA,2022-04-12,Data Adjusted
MAYA,2022-04-13,Data Adjusted
MAYA,2022-04-14,Data Adjusted
MAYA,2022-04-18,Data Adjusted
MAYA,2022-04-19,Data Adjusted
MAYA,2022-04-20,Data Adjusted
MAYA,2022-04-21,Data Adjusted
MAYA,2022-04-22,Data Adjusted
MAYA,2022-04-25,Data Adjusted
MAYA,2022-04-26,Data Adjusted
MAYA,2022-04-27,Data Adjusted
MAYA,2022-04-28,Data Adjusted
MAYA,2022-05-09,Data Adjusted
MAYA,2022-05-10,Data Adjusted
MAYA,2022-05-11,Data Adjusted
MAYA,2022-05-12,Data Adjusted
MAYA,2022-05-13,Data Adjusted
MAYA,2022-05-17,Data Adjusted
MAYA,2022-05-18,Data Adjusted
MAYA,2022-05-19,Data Adjusted
MAYA,2022-05-20,Data Adjusted
MAYA,2022-05-23,Data Adjusted
MAYA,2022-05-24,Data Adjusted
MAYA,2022-05-25,Data Adjusted
MAYA,2022-05-27,Data Adjusted
MAYA,2022-05-30,Data Adjusted
MAYA,2022-05-31,Data Adjusted
MAYA,2022-06-02,Data Adjusted
MAYA,2022-06-03,Data Adjusted
MAYA,2022-06-06,Data Adjusted
MAYA,2022-06-07,Data Adjusted
MAYA,2022-06-08,Data Adjusted
MAYA,2022-06-09,Data Adjusted
MAYA,2022-06-10,Data Adjusted
MAYA,2022-06-13,Data Adjusted
MAYA,2022-06-14,Data Adjusted
MAYA,2022-06-15,Data Adjusted
MAYA,2022-06-16,Data Adjusted
MAYA,2022-06-17,Data Adjusted
MAYA,2022-06-20,Data Adjusted
MAYA,2022-06-21,Data Adjusted
MAYA,2022-06-22,Data Adjusted
MAYA,2022-06-23,Data Adjusted
MAYA,2022-06-24,Data Adjusted
MAYA,2022-06-27,Data Adjusted
MAYA,2022-06-28,Data Adjusted
MAYA,2022-06-29,Data Adjusted
MAYA,2022-06-30,Data Adjusted
MAYA,2022-07-01,Data Adjusted
MAYA,2022-07-04,Data Adjusted
MAYA,2022-07-05,Data Adjusted
MAYA,2022-07-06,Data Adjusted
MAYA,2022-07-07,Data Adjusted
MAYA,2022-07-08,Data Adjusted
MAYA,2022-07-11,Data Adjusted
MAYA,2022-07-12,Data Adjusted
MAYA,2022-07-13,Data Adjusted
MAYA,2022-07-14,Data Adjusted
MAYA,2022-07-15,Data Adjusted
MAYA,2022-07-18,Data Adjusted
MAYA,2022-07-19,Data Adjusted
MAYA,2022-07-20,Data Adjusted
MAYA,2022-07-21,Data Adjusted
MAYA,2022-07-22,Data Adjusted
MAYA,2022-07-25,Data Adjusted
MAYA,2022-07-26,Data Adjusted
MAYA,2022-07-27,Data Adjusted
MAYA,2022-07-28,Data Adjusted
MAYA,2022-07-29,Data Adjusted
MAYA,2022-08-01,Data Adjusted
MAYA,2022-08-02,Data Adjusted
MAYA,2022-08-03,Data Adjusted
MAYA,2022-08-04,Data Adjusted
MAYA,2022-08-05,Data Adjusted
MAYA,2022-08-08,Data Adjusted
MAYA,2022-08-09,Data Adjusted
MAYA,2022-08-10,Data Adjusted
MAYA,2022-08-11,Data Adjusted
MAYA,2022-08-12,Data Adjusted
MAYA,2022-08-15,Data Adjusted
MAYA,2022-08-16,Data Adjusted
MAYA,2022-08-18,Data Adjusted
MAYA,2022-08-19,Data Adjusted
MAYA,2022-08-22,Data Adjusted
MAYA,2022-08-23,Data Adjusted
MAYA,2022-08-24,Data Adjusted
MAYA,2022-08-25,Data Adjusted
MAYA,2022-08-26,Data Adjusted
MAYA,2022-08-29,Data Adjusted
MAYA,2022-08-30,Data Adjusted
MAYA,2022-08-31,Data Adjusted
MAYA,2022-09-01,Data Adjusted
MAYA,2022-09-02,Data Adjusted
MAYA,2022-09-05,Data Adjusted
MAYA,2022-09-06,Data Adjusted
MAYA,2022-09-07,Data Adjusted
MAYA,2022-09-08,Data Adjusted
MAYA,2022-09-09,Data Adjusted
MAYA,2022-09-12,Data Adjusted
MAYA,2022-09-13,Data Adjusted
MAYA,2022-09-14,Data Adjusted
MAYA,2022-09-15,Data Adjusted
MAYA,2022-09-16,Data Adjusted
MAYA,2022-09-19,Data Adjusted
MAYA,2022-09-20,Data Adjusted
MAYA,2022-09-21,Data Adjusted
MAYA,2022-09-22,Data Adjusted
MAYA,2022-09-23,Data Adjusted
MAYA,2022-09-26,Data Adjusted
MAYA,2022-09-27,Data Adjusted
MAYA,2022-09-28,Data Adjusted
MAYA,2022-09-29,Data Adjusted
MAYA,2022-09-30,Data Adjusted
MAYA,2022-10-03,Data Adjusted
MAYA,2022-10-04,Data Adjusted
MAYA,2022-10-05,Data Adjusted
MAYA,2022-10-06,Data Adjusted
MAYA,2022-10-07,Data Adjusted
MAYA,2022-10-10,Data Adjusted
MAYA,2022-10-11,Data Adjusted
MAYA,2022-10-12,Data Adjusted
MAYA,2022-10-13,Data Adjusted
MAYA,2022-10-14,Data Adjusted
MAYA,2022-10-17,Data Adjusted
MAYA,2022-10-18,Data Adjusted
MAYA,2022-10-19,Data Adjusted
MAYA,2022-10-20,Data Adjusted
MAYA,2022-10-21,Data Adjusted
MAYA,2022-10-24,Data Adjusted
MAYA,2022-10-25,Data Adjusted
MAYA,2022-10-26,Data Adjusted
MAYA,2022-10-27,Data Adjusted
MAYA,2022-10-28,Data Adjusted
MAYA,2022-10-31,Data Adjusted
MAYA,2022-11-01,Data Adjusted
MAYA,2022-11-02,Data Adjusted
MAYA,2022-11-03,Data Adjusted
MAYA,2022-11-04,Data Adjusted
MAYA,2022-11-07,Data Adjusted
MAYA,2022-11-08,Data Adjusted
MAYA,2022-11-09,Data Adjusted
MAYA,2022-11-10,Data Adjusted
MAYA,2022-11-11,Data Adjusted
MAYA,2022-11-14,Data Adjusted
MAYA,2022-11-15,Data Adjusted
MAYA,2022-11-16,Data Adjusted
MAYA,2022-11-17,Data Adjusted
MAYA,2022-11-18,Data Adjusted
MAYA,2022-11-21,Data Adjusted
MAYA,2022-11-22,Data Adjusted
MAYA,2022-11-23,Data Adjusted
MAYA,2022-11-24,Data Adjusted
MAYA,2022-11-25,Data Adjusted
MAYA,2022-11-28,Data Adjusted
MAYA,2022-11-29,Data Adjusted
MAYA,2022-11-30,Data Adjusted
MAYA,2022-12-01,Data Adjusted
MAYA,2022-12-02,Data Adjusted
MAYA,2022-12-05,Data Adjusted
MAYA,2022-12-06,Data Adjusted
MAYA,2022-12-07,Data Adjusted
MAYA,2022-12-08,Data Adjusted
MAYA,2022-12-09,Data Adjusted
MAYA,2022-12-12,Data Adjusted
MAYA,2022-12-13,Data Adjusted
MAYA,2022-12-14,Data Adjusted
MAYA,2022-12-15,Data Adjusted
MAYA,2022-12-16,Data Adjusted
MAYA,2022-12-19,Data Adjusted
MAYA,2022-12-20,Data Adjusted
MAYA,2022-12-21,Data Adjusted
MAYA,2022-12-22,Data Adjusted
MAYA,2022-12-23,Data Adjusted
MAYA,2022-12-26,Data Adjusted
MAYA,2022-12-27,Data Adjusted
MAYA,2022-12-28,Data Adjusted
MAYA,2022-12-29,Data Adjusted
MAYA,2022-12-30,Data Adjusted
MAYA,2023-01-02,Data Adjusted
MAYA,2023-01-03,Data Adjusted
MAYA,2023-01-04,Data Adjusted
MAYA,2023-01-05,Data Adjusted
MAYA,2023-01-06,Data Adjusted
MAYA,2023-01-09,Data Adjusted
MAYA,2023-01-10,Data Adjusted
MAYA,2023-01-11,Data Adjusted
MAYA,2023-01-12,Data Adjusted
MAYA,2023-01-13,Data Adjusted
MAYA,2023-01-16,Data Adjusted
MAYA,2023-01-17,Data Adjusted
MAYA,2023-01-18,Data Adjusted
MAYA,2023-01-19,Data Adjusted
MAYA,2023-01-20,Data Adjusted
MAYA,2023-01-24,Data Adjusted
MAYA,2023-01-25,Data Adjusted
MAYA,2023-01-26,Data Adjusted
MAYA,2023-01-27,Data Adjusted
MAYA,2023-01-30,Data Adjusted
MAYA,2023-01-31,Data Adjusted
MAYA,2023-02-01,Data Adjusted
MAYA,2023-02-02,Data Adjusted
MAYA,2023-02-03,Data Adjusted
MAYA,2023-02-06,Data Adjusted
MAYA,2023-02-07,Data Adjusted
MAYA,2023-02-08,Data Adjusted
MAYA,2023-02-09,Data Adjusted
MAYA,2023-02-10,Data Adjusted
MAYA,2023-02-13,Data Adjusted
MAYA,2023-02-14,Data Adjusted
MAYA,2023-02-15,Data Adjusted
MAYA,2023-02-16,Data Adjusted
MAYA,2023-02-17,Data Adjusted
MAYA,2023-02-20,Data Adjusted
MAYA,2023-02-21,Data Adjusted
MAYA,2023-02-22,Data Adjusted
MAYA,2023-02-23,Data Adjusted
MAYA,2023-02-24,Data Adjusted
MAYA,2023-02-27,Data Adjusted
MAYA,2023-02-28,Data Adjusted
MAYA,2023-03-01,Data Adjusted
MAYA,2023-03-02,Data Adjusted
MAYA,2023-03-03,Data Adjusted
MAYA,2023-03-06,Data Adjusted
MAYA,2023-03-07,Data Adjusted
MAYA,2023-03-08,Data Adjusted
MAYA,2023-03-09,Data Adjusted
MAYA,2023-03-10,Data Adjusted
MAYA,2023-03-13,Data Adjusted
MAYA,2023-03-14,Data Adjusted
MAYA,2023-03-15,Data Adjusted
MAYA,2023-03-16,Data Adjusted
MAYA,2023-03-17,Data Adjusted
MAYA,2023-03-20,Data Adjusted
MAYA,2023-03-21,Data Adjusted
MAYA,2023-03-24,Data Adjusted
MAYA,2023-03-27,Data Adjusted
MAYA,2023-03-28,Data Adjusted
MAYA,2023-03-29,Data Adjusted
MAYA,2023-03-30,Data Adjusted
MAYA,2023-03-31,Data Adjusted
MAYA,2023-04-03,Data Adjusted
MAYA,2023-04-04,Data Adjusted
MAYA,2023-04-05,Data Adjusted
MAYA,2023-04-06,Data Adjusted
MAYA,2023-04-10,Data Adjusted
MAYA,2023-04-11,Data Adjusted
MAYA,2023-04-12,Data Adjusted
MAYA,2023-04-13,Data Adjusted
MAYA,2023-04-14,Data Adjusted
MAYA,2023-04-17,Data Adjusted
MAYA,2023-04-18,Data Adjusted
MAYA,2023-04-26,Data Adjusted
MAYA,2023-04-27,Data Adjusted
MAYA,2023-04-28,Data Adjusted
MAYA,2023-05-02,Data Adjusted
MAYA,2023-05-03,Data Adjusted
MAYA,2023-05-04,Data Adjusted
MAYA,2023-05-05,Data Adjusted
MAYA,2023-05-08,Data Adjusted
MAYA,2023-05-09,Data Adjusted
MAYA,2023-05-10,Data Adjusted
MAYA,2023-05-11,Data Adjusted
MAYA,2023-05-12,Data Adjusted
MAYA,2023-05-15,Data Adjusted
MAYA,2023-05-16,Data Adjusted
MAYA,2023-05-17,Data Adjusted
MAYA,2023-05-19,Data Adjusted
MAYA,2023-05-22,Data Adjusted
MAYA,2023-05-23,Data Adjusted
MAYA,2023-05-24,Data Adjusted
MAYA,2023-05-25,Data Adjusted
MAYA,2023-05-26,Data Adjusted
MAYA,2023-05-29,Data Adjusted
MAYA,2023-05-30,Data Adjusted
MAYA,2023-05-31,Data Adjusted
MAYA,2023-06-05,Data Adjusted
MAYA,2023-06-06,Data Adjusted
MAYA,2023-06-07,Data Adjusted
MAYA,2023-06-08,Data Adjusted
MAYA,2023-06-09,Data Adjusted
MAYA,2023-06-12,Data Adjusted
MAYA,2023-06-13,Data Adjusted
MAYA,2023-06-14,Data Adjusted
MAYA,2023-06-15,Data Adjusted
MAYA,2023-06-16,Data Adjusted
MAYA,2023-06-19,Data Adjusted
MAYA,2023-06-20,Data Adjusted
MAYA,2023-06-21,Data Adjusted
MAYA,2023-06-22,Data Adjusted
MAYA,2023-06-23,Data Adjusted
MAYA,2023-06-26,Data Adjusted
MAYA,2023-06-27,Data Adjusted
MAYA,2023-07-03,Data Adjusted
MAYA,2023-07-04,Data Adjusted
MAYA,2023-07-05,Data Adjusted
MAYA,2023-07-06,Data Adjusted
MAYA,2023-07-07,Data Adjusted
MAYA,2023-07-10,Data Adjusted
MAYA,2023-07-11,Data Adjusted
MAYA,2023-07-12,Data Adjusted
MAYA,2023-07-13,Data Adjusted
MAYA,2023-07-14,Data Adjusted
MAYA,2023-07-17,Data Adjusted
MAYA,2023-07-18,Data Adjusted
MAYA,2023-07-20,Data Adjusted
MAYA,2023-07-21,Data Adjusted
MAYA,2023-07-24,Data Adjusted
MAYA,2023-07-25,Data Adjusted
MAYA,2023-07-26,Data Adjusted
MAYA,2023-07-27,Data Adjusted
MAYA,2023-07-28,Data Adjusted
MAYA,2023-07-31,Data Adjusted
MAYA,2023-08-01,Data Adjusted
MAYA,2023-08-02,Data Adjusted
MAYA,2023-08-03,Data Adjusted
MAYA,2023-08-04,Data Adjusted
MAYA,2023-08-07,Data Adjusted
MAYA,2023-08-08,Data Adjusted
MAYA,2023-08-09,Data Adjusted
MAYA,2023-08-10,Data Adjusted
MAYA,2023-08-11,Data Adjusted
MAYA,2023-08-14,Data Adjusted
MAYA,2023-08-15,Data Adjusted
MAYA,2023-08-16,Data Adjusted
MAYA,2023-08-18,Data Adjusted
MAYA,2023-08-21,Data Adjusted
MAYA,2023-08-22,Data Adjusted
MAYA,2023-08-23,Data Adjusted
MAYA,2023-08-24,Data Adjusted
MAYA,2023-08-25,Data Adjusted
MAYA,2023-08-28,Data Adjusted
MAYA,2023-08-29,Data Adjusted
MAYA,2023-08-30,Data Adjusted
MAYA,2023-08-31,Data Adjusted
MAYA,2023-09-01,Data Adjusted
MAYA,2023-09-04,Data Adjusted
MAYA,2023-09-05,Data Adjusted
MAYA,2023-09-06,Data Adjusted
MAYA,2023-09-07,Data Adjusted
MAYA,2023-09-08,Data Adjusted
MAYA,2023-09-11,Data Adjusted
MAYA,2023-09-12,Data Adjusted
MAYA,2023-09-13,Data Adjusted
MAYA,2023-09-14,Data Adjusted
MAYA,2023-09-15,Data Adjusted
MAYA,2023-09-18,Data Adjusted
MAYA,2023-09-19,Data Adjusted
MAYA,2023-09-20,Data Adjusted
MAYA,2023-09-21,Data Adjusted
MAYA,2023-09-22,Data Adjusted
MAYA,2023-09-25,Data Adjusted
MAYA,2023-09-26,Data Adjusted
MAYA,2023-09-27,Data Adjusted
MAYA,2023-09-29,Data Adjusted
MAYA,2023-10-02,Data Adjusted
MAYA,2023-10-03,Data Adjusted
MAYA,2023-10-04,Data Adjusted
MAYA,2023-10-05,Data Adjusted
MAYA,2023-10-06,Data Adjusted
MAYA,2023-10-09,Data Adjusted
MAYA,2023-10-10,Data Adjusted
MAYA,2023-10-11,Data Adjusted
MAYA,2023-10-12,Data Adjusted
MAYA,2023-10-13,Data Adjusted
MAYA,2023-10-16,Data Adjusted
MAYA,2023-10-17,Data Adjusted
MAYA,2023-10-18,Data Adjusted
MAYA,2023-10-19,Data Adjusted
MAYA,2023-10-20,Data Adjusted
MAYA,2023-10-23,Data Adjusted
MAYA,2023-10-24,Data Adjusted
MAYA,2023-10-25,Data Adjusted
MAYA,2023-10-26,Data Adjusted
MAYA,2023-10-27,Data Adjusted
MAYA,2023-10-30,Data Adjusted
MAYA,2023-10-31,Data Adjusted
MAYA,2023-11-01,Data Adjusted
MAYA,2023-11-02,Data Adjusted
MAYA,2023-11-03,Data Adjusted
MAYA,2023-11-06,Data Adjusted
MAYA,2023-11-07,Data Adjusted
MAYA,2023-11-08,Data Adjusted
MAYA,2023-11-09,Data Adjusted
MAYA,2023-11-10,Data Adjusted
MAYA,2023-11-13,Data Adjusted
MAYA,2023-11-14,Data Adjusted
MAYA,2023-11-15,Data Adjusted
MAYA,2023-11-16,Data Adjusted
MAYA,2023-11-17,Data Adjusted
MAYA,2023-11-20,Data Adjusted
MAYA,2023-11-21,Data Adjusted
MAYA,2023-11-22,Data Adjusted
MAYA,2023-11-23,Data Adjusted
MAYA,2023-11-24,Data Adjusted
MAYA,2023-11-27,Data Adjusted
MAYA,2023-11-28,Data Adjusted
MAYA,2023-11-29,Data Adjusted
MAYA,2023-11-30,Data Adjusted
MAYA,2023-12-01,Data Adjusted
MAYA,2023-12-04,Data Adjusted
MAYA,2023-12-05,Data Adjusted
MAYA,2023-12-06,Data Adjusted
MAYA,2023-12-07,Data Adjusted
MAYA,2023-12-08,Data Adjusted
MAYA,2023-12-11,Data Adjusted
MAYA,2023-12-12,Data Adjusted
MAYA,2023-12-13,Data Adjusted
MAYA,2023-12-14,Data Adjusted
MAYA,2023-12-15,Data Adjusted
MAYA,2023-12-18,Data Adjusted
MAYA,2023-12-19,Data Adjusted
MAYA,2023-12-20,Data Adjusted
MAYA,2023-12-21,Data Adjusted
MAYA,2023-12-22,Data Adjusted
MEGA,2019-12-26,Harga Selisih
MEGA,2019-12-27,Harga Selisih
MEGA,2019-12-30,Harga Selisih
MEGA,2020-01-02,Harga Selisih
MEGA,2020-01-03,Harga Selisih
MEGA,2020-01-06,Harga Selisih
MEGA,2020-01-07,Harga Selisih
MEGA,2020-01-08,Harga Selisih
MEGA,2020-01-09,Harga Selisih
MEGA,2020-01-10,Harga Selisih
MEGA,2020-01-13,Harga Selisih
MEGA,2020-01-14,Harga Selisih
MEGA,2020-01-15,Harga Selisih
MEGA,2020-01-16,Harga Selisih
MEGA,2020-01-17,Harga Selisih
MEGA,2020-01-20,Harga Selisih
MEGA,2020-01-21,Harga Selisih
MEGA,2020-01-22,Harga Selisih
MEGA,2020-01-23,Harga Selisih
MEGA,2020-01-24,Harga Selisih
MEGA,2020-01-27,Harga Selisih
MEGA,2020-01-28,Harga Selisih
MEGA,2020-01-29,Harga Selisih
MEGA,2020-01-30,Harga Selisih
MEGA,2020-01-31,Harga Selisih
MEGA,2020-02-03,Harga Selisih
MEGA,2020-02-04,Harga Selisih
MEGA,2020-02-05,Harga Selisih
MEGA,2020-02-06,Harga Selisih
MEGA,2020-02-07,Harga Selisih
MEGA,2020-02-10,Harga Selisih
MEGA,2020-02-11,Harga Selisih
MEGA,2020-02-12,Harga Selisih
MEGA,2020-02-13,Harga Selisih
MEGA,2020-02-14,Harga Selisih
MEGA,2020-02-17,Harga Selisih
MEGA,2020-02-18,Harga Selisih
MEGA,2020-02-19,Harga Selisih
MEGA,2020-02-20,Harga Selisih
MEGA,2020-02-21,Harga Selisih
MEGA,2020-02-24,Harga Selisih
MEGA,2020-02-25,Harga Selisih
MEGA,2020-02-26,Harga Selisih
MEGA,2020-02-27,Harga Selisih
MEGA,2020-02-28,Harga Selisih
MEGA,2020-03-02,Harga Selisih
MEGA,2020-03-03,Harga Selisih
MEGA,2020-03-04,Harga Selisih
MEGA,2020-03-05,Harga Selisih
MEGA,2020-03-06,Harga Selisih
MEGA,2020-03-09,Harga Selisih
MEGA,2020-03-10,Harga Selisih
MEGA,2020-03-11,Harga Selisih
MEGA,2020-03-12,Harga Selisih
MEGA,2020-03-13,Harga Selisih
MEGA,2020-03-16,Harga Selisih
MEGA,2020-03-17,Harga Selisih
MEGA,2020-03-18,Harga Selisih
MEGA,2020-03-19,Harga Selisih
MEGA,2020-03-20,Harga Selisih
MEGA,2020-03-23,Harga Selisih
MEGA,2020-03-24,Harga Selisih
MEGA,2020-03-26,Harga Selisih
MEGA,2020-03-27,Harga Selisih
MEGA,2020-03-30,Harga Selisih
MEGA,2020-03-31,Harga Selisih
MEGA,2020-04-01,Harga Selisih
MEGA,2020-04-02,Harga Selisih
MEGA,2020-04-03,Harga Selisih
MEGA,2020-04-06,Harga Selisih
MEGA,2020-04-07,Harga Selisih
MEGA,2020-04-08,Harga Selisih
MEGA,2020-04-09,Harga Selisih
MEGA,2020-04-13,Harga Selisih
MEGA,2020-04-14,Harga Selisih
MEGA,2020-04-15,Harga Selisih
MEGA,2020-04-16,Harga Selisih
MEGA,2020-04-17,Harga Selisih
MEGA,2020-04-20,Harga Selisih
MEGA,2020-04-21,Harga Selisih
MEGA,2020-04-22,Harga Selisih
MEGA,2020-04-23,Harga Selisih
MEGA,2020-04-24,Harga Selisih
MEGA,2020-04-27,Harga Selisih
MEGA,2020-04-28,Harga Selisih
MEGA,2020-04-29,Harga Selisih
MEGA,2020-04-30,Harga Selisih
MEGA,2020-05-04,Harga Selisih
MEGA,2020-05-05,Harga Selisih
MEGA,2020-05-06,Harga Selisih
MEGA,2020-05-08,Harga Selisih
MEGA,2020-05-11,Harga Selisih
MEGA,2020-05-12,Harga Selisih
MEGA,2020-05-13,Harga Selisih
MEGA,2020-05-14,Harga Selisih
MEGA,2020-05-15,Harga Selisih
MEGA,2020-05-18,Harga Selisih
MEGA,2020-05-19,Harga Selisih
MEGA,2020-05-20,Harga Selisih
MEGA,2020-05-26,Harga Selisih
MEGA,2020-05-27,Harga Selisih
MEGA,2020-05-28,Harga Selisih
MEGA,2020-05-29,Harga Selisih
MEGA,2020-06-02,Harga Selisih
MEGA,2020-06-03,Harga Selisih
MEGA,2020-06-04,Harga Selisih
MEGA,2020-06-05,Harga Selisih
MEGA,2020-06-08,Harga Selisih
MEGA,2020-06-09,Harga Selisih
MEGA,2020-06-10,Harga Selisih
MEGA,2020-06-11,Harga Selisih
MEGA,2020-06-12,Harga Selisih
MEGA,2020-06-15,Harga Selisih
MEGA,2020-06-16,Harga Selisih
MEGA,2020-06-17,Harga Selisih
MEGA,2020-06-18,Harga Selisih
MEGA,2020-06-19,Harga Selisih
MEGA,2020-06-22,Harga Selisih
MEGA,2020-06-23,Harga Selisih
MEGA,2020-06-24,Harga Selisih
MEGA,2020-06-25,Harga Selisih
MEGA,2020-06-26,Harga Selisih
MEGA,2020-06-29,Harga Selisih
MEGA,2020-06-30,Harga Selisih
MEGA,2020-07-01,Harga Selisih
MEGA,2020-07-02,Harga Selisih
MEGA,2020-07-03,Harga Selisih
MEGA,2020-07-06,Harga Selisih
MEGA,2020-07-07,Harga Selisih
MEGA,2020-07-08,Harga Selisih
MEGA,2020-07-09,Harga Selisih
MEGA,2020-07-10,Harga Selisih
MEGA,2020-07-13,Harga Selisih
MEGA,2020-07-14,Harga Selisih
MEGA,2020-07-15,Harga Selisih
MEGA,2020-07-16,Harga Selisih
MEGA,2020-07-17,Harga Selisih
MEGA,2020-07-20,Harga Selisih
MEGA,2020-07-21,Harga Selisih
MEGA,2020-07-22,Harga Selisih
MEGA,2020-07-23,Harga Selisih
MEGA,2020-07-24,Harga Selisih
MEGA,2020-07-27,Harga Selisih
MEGA,2020-07-28,Harga Selisih
MEGA,2020-07-29,Harga Selisih
MEGA,2020-07-30,Harga Selisih
MEGA,2020-08-03,Harga Selisih
MEGA,2020-08-04,Harga Selisih
MEGA,2020-08-05,Harga Selisih
MEGA,2020-08-06,Harga Selisih
MEGA,2020-08-07,Harga Selisih
MEGA,2020-08-10,Harga Selisih
MEGA,2020-08-11,Harga Selisih
MEGA,2020-08-12,Harga Selisih
MEGA,2020-08-13,Harga Selisih
MEGA,2020-08-14,Harga Selisih
MEGA,2020-08-18,Harga Selisih
MEGA,2020-08-19,Harga Selisih
MEGA,2020-08-24,Harga Selisih
MEGA,2020-08-25,Harga Selisih
MEGA,2020-08-26,Harga Selisih
MEGA,2020-08-27,Harga Selisih
MEGA,2020-08-28,Harga Selisih
MEGA,2020-08-31,Harga Selisih
MEGA,2020-09-01,Harga Selisih
MEGA,2020-09-02,Harga Selisih
MEGA,2020-09-03,Harga Selisih
MEGA,2020-09-04,Harga Selisih
MEGA,2020-09-07,Harga Selisih
MEGA,2020-09-08,Harga Selisih
MEGA,2020-09-09,Harga Selisih
MEGA,2020-09-10,Harga Selisih
MEGA,2020-09-11,Harga Selisih
MEGA,2020-09-14,Harga Selisih
MEGA,2020-09-15,Harga Selisih
MEGA,2020-09-16,Harga Selisih
MEGA,2020-09-17,Harga Selisih
MEGA,2020-09-18,Harga Selisih
MEGA,2020-09-21,Harga Selisih
MEGA,2020-09-22,Harga Selisih
MEGA,2020-09-23,Harga Selisih
MEGA,2020-09-24,Harga Selisih
MEGA,2020-09-25,Harga Selisih
MEGA,2020-09-28,Harga Selisih
MEGA,2020-09-29,Harga Selisih
MEGA,2020-09-30,Harga Selisih
MEGA,2020-10-01,Harga Selisih
MEGA,2020-10-02,Harga Selisih
MEGA,2020-10-05,Harga Selisih
MEGA,2020-10-06,Harga Selisih
MEGA,2020-10-07,Harga Selisih
MEGA,2020-10-08,Harga Selisih
MEGA,2020-10-09,Harga Selisih
MEGA,2020-10-12,Harga Selisih
MEGA,2020-10-13,Harga Selisih
MEGA,2020-10-14,Harga Selisih
MEGA,2020-10-15,Harga Selisih
MEGA,2020-10-16,Harga Selisih
MEGA,2020-10-19,Harga Selisih
MEGA,2020-10-20,Harga Selisih
MEGA,2020-10-21,Harga Selisih
MEGA,2020-10-22,Harga Selisih
MEGA,2020-10-23,Harga Selisih
MEGA,2020-10-26,Harga Selisih
MEGA,2020-10-27,Harga Selisih
MEGA,2020-11-02,Harga Selisih
MEGA,2020-11-03,Harga Selisih
MEGA,2020-11-04,Harga Selisih
MEGA,2020-11-05,Harga Selisih
MEGA,2020-11-06,Harga Selisih
MEGA,2020-11-09,Harga Selisih
MEGA,2020-11-10,Harga Selisih
MEGA,2020-11-11,Harga Selisih
MEGA,2020-11-12,Harga Selisih
MEGA,2020-11-13,Harga Selisih
MEGA,2020-11-16,Harga Selisih
MEGA,2020-11-17,Harga Selisih
MEGA,2020-11-18,Harga Selisih
MEGA,2020-11-19,Harga Selisih
MEGA,2020-11-20,Harga Selisih
MEGA,2020-11-23,Harga Selisih
MEGA,2020-11-24,Harga Selisih
MEGA,2020-11-25,Harga Selisih
MEGA,2020-11-26,Harga Selisih
MEGA,2020-11-27,Harga Selisih
MEGA,2020-11-30,Harga Selisih
MEGA,2020-12-01,Harga Selisih
MEGA,2020-12-02,Harga Selisih
MEGA,2020-12-03,Harga Selisih
MEGA,2020-12-04,Harga Selisih
MEGA,2020-12-07,Harga Selisih
MEGA,2020-12-08,Harga Selisih
MEGA,2020-12-10,Harga Selisih
MEGA,2020-12-11,Harga Selisih
MEGA,2020-12-14,Harga Selisih
MEGA,2020-12-15,Harga Selisih
MEGA,2020-12-16,Harga Selisih
MEGA,2020-12-17,Harga Selisih
MEGA,2020-12-18,Harga Selisih
MEGA,2020-12-21,Harga Selisih
MEGA,2020-12-22,Harga Selisih
MEGA,2020-12-23,Harga Selisih
MEGA,2020-12-28,Harga Selisih
MEGA,2020-12-29,Harga Selisih
MEGA,2020-12-30,Harga Selisih
MEGA,2021-01-04,Harga Selisih
MEGA,2021-01-05,Harga Selisih
MEGA,2021-01-06,Harga Selisih
MEGA,2021-01-07,Harga Selisih
MEGA,2021-01-08,Harga Selisih
MEGA,2021-01-11,Harga Selisih
MEGA,2021-01-12,Harga Selisih
MEGA,2021-01-13,Harga Selisih
MEGA,2021-01-14,Harga Selisih
MEGA,2021-01-15,Harga Selisih
MEGA,2021-01-18,Harga Selisih
MEGA,2021-01-19,Harga Selisih
MEGA,2021-01-20,Harga Selisih
MEGA,2021-01-21,Harga Selisih
MEGA,2021-01-22,Harga Selisih
MEGA,2021-01-25,Harga Selisih
MEGA,2021-01-26,Harga Selisih
MEGA,2021-01-27,Harga Selisih
MEGA,2021-01-28,Harga Selisih
MEGA,2021-01-29,Harga Selisih
MEGA,2021-02-01,Harga Selisih
MEGA,2021-02-02,Harga Selisih
MEGA,2021-02-03,Harga Selisih
MEGA,2021-02-04,Harga Selisih
MEGA,2021-02-05,Harga Selisih
MEGA,2021-02-08,Harga Selisih
MEGA,2021-02-09,Harga Selisih
MEGA,2021-02-10,Harga Selisih
MEGA,2021-02-11,Harga Selisih
MEGA,2021-02-15,Harga Selisih
MEGA,2021-02-16,Harga Selisih
MEGA,2021-02-17,Harga Selisih
MEGA,2021-02-18,Harga Selisih
MEGA,2021-02-19,Harga Selisih
MEGA,2021-02-22,Harga Selisih
MEGA,2021-02-23,Harga Selisih
MEGA,2021-02-24,Harga Selisih
MEGA,2021-02-25,Harga Selisih
MEGA,2021-02-26,Harga Selisih
MEGA,2021-03-01,Harga Selisih
MEGA,2021-03-02,Harga Selisih
MEGA,2021-03-03,Harga Selisih
MEGA,2021-03-04,Harga Selisih
MEGA,2021-03-05,Harga Selisih
MEGA,2021-03-08,Harga Selisih
MEGA,2021-03-09,Harga Selisih
MEGA,2021-03-10,Harga Selisih
MEGA,2021-03-12,Harga Selisih
MEGA,2021-03-15,Harga Selisih
MEGA,2021-03-16,Harga Selisih
MEGA,2021-03-17,Harga Selisih
MEGA,2021-03-18,Harga Selisih
MEGA,2021-03-19,Harga Selisih
MEGA,2021-03-22,Harga Selisih
MEGA,2021-03-23,Harga Selisih
MEGA,2021-03-24,Harga Selisih
MEGA,2021-03-25,Harga Selisih
MEGA,2021-03-26,Harga Selisih
MEGA,2021-03-29,Harga Selisih
MEGA,2021-03-30,Harga Selisih
MEGA,2021-03-31,Harga Selisih
MEGA,2021-04-01,Harga Selisih
MEGA,2021-04-05,Harga Selisih
MEGA,2021-04-06,Harga Selisih
MEGA,2021-04-07,Harga Selisih
MEGA,2021-04-08,Harga Selisih
MEGA,2021-04-09,Harga Selisih
MEGA,2021-04-12,Harga Selisih
MEGA,2021-04-13,Harga Selisih
MEGA,2021-04-14,Harga Selisih
MEGA,2021-04-15,Harga Selisih
MEGA,2021-04-16,Harga Selisih
MEGA,2021-04-19,Harga Selisih
MEGA,2021-04-20,Harga Selisih
MEGA,2021-04-21,Harga Selisih
MEGA,2021-04-22,Harga Selisih
MEGA,2021-04-23,Harga Selisih
MEGA,2021-04-26,Harga Selisih
MEGA,2021-04-27,Harga Selisih
MEGA,2021-04-28,Harga Selisih
MEGA,2021-04-29,Harga Selisih
MEGA,2021-04-30,Harga Selisih
MEGA,2021-05-03,Harga Selisih
MEGA,2021-05-04,Harga Selisih
MEGA,2021-05-05,Harga Selisih
MEGA,2021-05-06,Harga Selisih
MEGA,2021-05-07,Harga Selisih
MEGA,2021-05-10,Harga Selisih
MEGA,2021-05-11,Harga Selisih
MEGA,2021-05-17,Harga Selisih
MEGA,2021-05-18,Harga Selisih
MEGA,2021-05-19,Harga Selisih
MEGA,2021-05-20,Harga Selisih
MEGA,2021-05-21,Harga Selisih
MEGA,2021-05-24,Harga Selisih
MEGA,2021-05-25,Harga Selisih
MEGA,2021-05-27,Harga Selisih
MEGA,2021-05-28,Harga Selisih
MEGA,2021-05-31,Harga Selisih
MEGA,2021-06-02,Harga Selisih
MEGA,2021-06-03,Harga Selisih
MEGA,2021-06-04,Harga Selisih
MEGA,2021-06-07,Harga Selisih
MEGA,2021-06-08,Harga Selisih
MEGA,2021-06-09,Harga Selisih
MEGA,2021-06-10,Harga Selisih
MEGA,2021-06-11,Harga Selisih
MEGA,2021-06-14,Harga Selisih
MEGA,2021-06-15,Harga Selisih
MEGA,2021-06-16,Harga Selisih
MEGA,2021-06-17,Harga Selisih
MEGA,2021-06-18,Harga Selisih
MEGA,2021-06-21,Harga Selisih
MEGA,2021-06-22,Harga Selisih
MEGA,2021-06-23,Harga Selisih
MEGA,2021-06-24,Harga Selisih
MEGA,2021-06-25,Harga Selisih
MEGA,2021-06-28,Harga Selisih
MEGA,2021-06-29,Harga Selisih
MEGA,2021-06-30,Harga Selisih
MEGA,2021-07-01,Harga Selisih
MEGA,2021-07-02,Harga Selisih
MEGA,2021-07-05,Harga Selisih
MEGA,2021-07-06,Harga Selisih
MEGA,2021-07-07,Harga Selisih
MEGA,2021-07-08,Harga Selisih
MEGA,2021-07-09,Harga Selisih
MEGA,2021-07-12,Harga Selisih
MEGA,2021-07-13,Harga Selisih
MEGA,2021-07-14,Harga Selisih
MEGA,2021-07-15,Harga Selisih
MEGA,2021-07-16,Harga Selisih
MEGA,2021-07-19,Harga Selisih
MEGA,2021-07-21,Harga Selisih
MEGA,2021-07-22,Harga Selisih
MEGA,2021-07-23,Harga Selisih
MEGA,2021-07-26,Harga Selisih
MEGA,2021-07-27,Harga Selisih
MEGA,2021-07-28,Harga Selisih
MEGA,2021-07-29,Harga Selisih
MEGA,2021-07-30,Harga Selisih
MEGA,2021-08-02,Harga Selisih
MEGA,2021-08-03,Harga Selisih
MEGA,2021-08-04,Harga Selisih
MEGA,2021-08-05,Harga Selisih
MEGA,2021-08-06,Harga Selisih
MEGA,2021-08-09,Harga Selisih
MEGA,2021-08-10,Harga Selisih
MEGA,2021-08-12,Harga Selisih
MEGA,2021-08-13,Harga Selisih
MEGA,2021-08-16,Harga Selisih
MEGA,2021-08-18,Harga Selisih
MEGA,2021-08-19,Harga Selisih
MEGA,2021-08-20,Harga Selisih
MEGA,2021-08-23,Harga Selisih
MEGA,2021-08-24,Harga Selisih
MEGA,2021-08-25,Harga Selisih
MEGA,2021-08-26,Harga Selisih
MEGA,2021-08-27,Harga Selisih
MEGA,2021-08-30,Harga Selisih
MEGA,2021-08-31,Harga Selisih
MEGA,2021-09-01,Harga Selisih
MEGA,2021-09-02,Harga Selisih
MEGA,2021-09-03,Harga Selisih
MEGA,2021-09-06,Harga Selisih
MEGA,2021-09-07,Harga Selisih
MEGA,2021-09-08,Harga Selisih
MEGA,2021-09-09,Harga Selisih
MEGA,2021-09-10,Harga Selisih
MEGA,2021-09-13,Harga Selisih
MEGA,2021-09-14,Harga Selisih
MEGA,2021-09-15,Harga Selisih
MEGA,2021-09-16,Harga Selisih
MEGA,2021-09-17,Harga Selisih
MEGA,2021-09-20,Harga Selisih
MEGA,2021-09-21,Harga Selisih
MEGA,2021-09-22,Harga Selisih
MEGA,2021-09-23,Harga Selisih
MEGA,2021-09-24,Harga Selisih
MEGA,2021-09-27,Harga Selisih
MEGA,2021-09-28,Harga Selisih
MEGA,2021-09-29,Harga Selisih
MEGA,2021-09-30,Harga Selisih
MEGA,2021-10-01,Harga Selisih
MEGA,2021-10-04,Harga Selisih
MEGA,2021-10-05,Harga Selisih
MEGA,2021-10-06,Harga Selisih
MEGA,2021-10-07,Harga Selisih
MEGA,2021-10-08,Harga Selisih
MEGA,2021-10-11,Harga Selisih
MEGA,2021-10-12,Harga Selisih
MEGA,2021-10-13,Harga Selisih
MEGA,2021-10-14,Harga Selisih
MEGA,2021-10-15,Harga Selisih
MEGA,2021-10-18,Harga Selisih
MEGA,2021-10-19,Harga Selisih
MEGA,2021-10-21,Harga Selisih
MEGA,2021-10-22,Harga Selisih
MEGA,2021-10-25,Harga Selisih
MEGA,2021-10-26,Harga Selisih
MEGA,2021-10-27,Harga Selisih
MEGA,2021-10-28,Harga Selisih
MEGA,2021-10-29,Harga Selisih
MEGA,2021-11-01,Harga Selisih
MEGA,2021-11-02,Harga Selisih
MEGA,2021-11-03,Harga Selisih
MEGA,2021-11-04,Harga Selisih
MEGA,2021-11-05,Harga Selisih
MEGA,2021-11-08,Harga Selisih
MEGA,2021-11-09,Harga Selisih
MEGA,2021-11-10,Harga Selisih
MEGA,2021-11-11,Harga Selisih
MEGA,2021-11-12,Harga Selisih
MEGA,2021-11-15,Harga Selisih
MEGA,2021-11-16,Harga Selisih
MEGA,2021-11-17,Harga Selisih
MEGA,2021-11-18,Harga Selisih
MEGA,2021-11-19,Harga Selisih
MEGA,2021-11-22,Harga Selisih
MEGA,2021-11-23,Harga Selisih
MEGA,2021-11-24,Harga Selisih
MEGA,2021-11-25,Harga Selisih
MEGA,2021-11-26,Harga Selisih
MEGA,2021-11-29,Harga Selisih
MEGA,2021-11-30,Harga Selisih
MEGA,2021-12-01,Harga Selisih
MEGA,2021-12-02,Harga Selisih
MEGA,2021-12-03,Harga Selisih
MEGA,2021-12-06,Harga Selisih
MEGA,2021-12-07,Harga Selisih
MEGA,2021-12-08,Harga Selisih
MEGA,2021-12-09,Harga Selisih
MEGA,2021-12-10,Harga Selisih
MEGA,2021-12-13,Harga Selisih
MEGA,2021-12-14,Harga Selisih
MEGA,2021-12-15,Harga Selisih
MEGA,2021-12-16,Harga Selisih
MEGA,2021-12-17,Harga Selisih
MEGA,2021-12-20,Harga Selisih
MEGA,2021-12-21,Harga Selisih
MEGA,2021-12-22,Harga Selisih
MEGA,2021-12-23,Harga Selisih
MEGA,2021-12-24,Harga Selisih
MEGA,2021-12-27,Harga Selisih
MEGA,2021-12-28,Harga Selisih
MEGA,2021-12-29,Harga Selisih
MEGA,2021-12-30,Harga Selisih
MEGA,2022-01-03,Harga Selisih
MEGA,2022-01-04,Harga Selisih
MEGA,2022-01-05,Harga Selisih
MEGA,2022-01-06,Harga Selisih
MEGA,2022-01-07,Harga Selisih
MEGA,2022-01-10,Harga Selisih
MEGA,2022-01-11,Harga Selisih
MEGA,2022-01-12,Harga Selisih
MEGA,2022-01-13,Harga Selisih
MEGA,2022-01-14,Harga Selisih
MEGA,2022-01-17,Harga Selisih
MEGA,2022-01-18,Harga Selisih
MEGA,2022-01-19,Harga Selisih
MEGA,2022-01-20,Harga Selisih
MEGA,2022-01-21,Harga Selisih
MEGA,2022-01-24,Harga Selisih
MEGA,2022-01-25,Harga Selisih
MEGA,2022-01-26,Harga Selisih
MEGA,2022-01-27,Harga Selisih
MEGA,2022-01-28,Harga Selisih
MEGA,2022-01-31,Harga Selisih
MEGA,2022-02-02,Harga Selisih
MEGA,2022-02-03,Harga Selisih
MEGA,2022-02-04,Harga Selisih
MEGA,2022-02-07,Harga Selisih
MEGA,2022-02-08,Harga Selisih
MEGA,2022-02-09,Harga Selisih
MEGA,2022-02-10,Harga Selisih
MEGA,2022-02-11,Harga Selisih
MEGA,2022-02-14,Harga Selisih
MEGA,2022-02-15,Harga Selisih
MEGA,2022-02-16,Harga Selisih
MEGA,2022-02-17,Harga Selisih
MEGA,2022-02-18,Harga Selisih
MEGA,2022-02-21,Harga Selisih
MEGA,2022-02-22,Harga Selisih
MEGA,2022-02-23,Harga Selisih
MEGA,2022-02-24,Harga Selisih
MEGA,2022-02-25,Harga Selisih
MEGA,2022-03-01,Harga Selisih
MEGA,2022-03-02,Harga Selisih
MEGA,2022-03-04,Harga Selisih
MEGA,2022-03-07,Harga Selisih
MEGA,2022-03-08,Harga Selisih
MEGA,2022-03-09,Harga Selisih
MEGA,2022-03-10,Harga Selisih
MEGA,2022-03-11,Harga Selisih
MEGA,2022-03-14,Harga Selisih
MEGA,2022-03-15,Harga Selisih
MEGA,2022-03-16,Harga Selisih
MEGA,2022-03-17,Harga Selisih
MEGA,2022-03-18,Harga Selisih
MEGA,2022-03-21,Harga Selisih
MEGA,2022-03-22,Harga Selisih
MEGA,2022-03-23,Harga Selisih
MEGA,2022-03-24,Harga Selisih
MEGA,2022-03-25,Harga Selisih
MEGA,2022-03-28,Harga Selisih
MEGA,2022-03-29,Harga Selisih
MEGA,2022-03-30,Harga Selisih
MEGA,2022-03-31,Harga Selisih
MEGA,2022-04-01,Harga Selisih
MEGA,2022-04-04,Harga Selisih
MEGA,2022-04-05,Harga Selisih
MEGA,2022-04-06,Harga Selisih
MEGA,2022-04-07,Harga Selisih
MEGA,2022-04-08,Harga Selisih
MEGA,2022-04-11,Harga Selisih
MEGA,2022-04-12,Harga Selisih
MEGA,2022-04-13,Harga Selisih
MEGA,2022-04-14,Harga Selisih
MEGA,2022-04-18,Harga Selisih
MEGA,2022-04-19,Harga Selisih
MEGA,2022-04-20,Harga Selisih
MEGA,2022-04-21,Harga Selisih
MEGA,2022-04-22,Harga Selisih
MEGA,2022-04-25,Harga Selisih
MEGA,2022-04-26,Harga Selisih
MEGA,2022-04-27,Harga Selisih
MEGA,2022-04-28,Harga Selisih
MEGA,2022-05-09,Harga Selisih
MEGA,2022-05-10,Harga Selisih
MEGA,2022-05-11,Harga Selisih
MEGA,2022-05-12,Harga Selisih
MEGA,2022-05-13,Harga Selisih
MEGA,2022-05-17,Harga Selisih
MEGA,2022-05-18,Harga Selisih
MEGA,2022-05-19,Harga Selisih
MEGA,2022-05-20,Harga Selisih
MEGA,2022-05-23,Harga Selisih
MEGA,2022-05-24,Harga Selisih
MEGA,2022-05-25,Harga Selisih
MEGA,2022-05-27,Harga Selisih
MEGA,2022-05-30,Harga Selisih
MEGA,2022-05-31,Harga Selisih
MEGA,2022-06-02,Harga Selisih
MEGA,2022-06-03,Harga Selisih
MEGA,2022-06-06,Harga Selisih
MEGA,2022-06-07,Harga Selisih
MEGA,2022-06-08,Harga Selisih
MEGA,2022-06-09,Harga Selisih
MEGA,2022-06-10,Harga Selisih
MEGA,2022-06-13,Harga Selisih
MEGA,2022-06-14,Harga Selisih
MEGA,2022-06-15,Harga Selisih
MEGA,2022-06-16,Harga Selisih
MEGA,2022-06-17,Harga Selisih
MEGA,2022-06-20,Harga Selisih
MEGA,2022-06-21,Harga Selisih
MEGA,2022-06-22,Harga Selisih
MEGA,2022-06-23,Harga Selisih
MEGA,2022-06-24,Harga Selisih
MEGA,2022-06-27,Harga Selisih
MEGA,2022-06-28,Harga Selisih
MEGA,2022-06-29,Harga Selisih
MEGA,2022-06-30,Harga Selisih
MEGA,2022-07-01,Harga Selisih
MEGA,2022-07-04,Harga Selisih
MEGA,2022-07-05,Harga Selisih
MEGA,2022-07-06,Harga Selisih
MEGA,2022-07-07,Harga Selisih
MEGA,2022-07-08,Harga Selisih
MEGA,2022-07-11,Harga Selisih
MEGA,2022-07-12,Harga Selisih
MEGA,2022-07-13,Harga Selisih
MEGA,2022-07-14,Harga Selisih
MEGA,2022-07-15,Harga Selisih
MEGA,2022-07-18,Harga Selisih
MEGA,2022-07-19,Harga Selisih
MEGA,2022-07-20,Harga Selisih
MEGA,2022-07-21,Harga Selisih
MEGA,2022-07-22,Harga Selisih
MEGA,2022-07-25,Harga Selisih
MEGA,2022-07-26,Harga Selisih
MEGA,2022-07-27,Harga Selisih
MEGA,2022-07-28,Harga Selisih
MEGA,2022-07-29,Harga Selisih
MEGA,2022-08-01,Harga Selisih
MEGA,2022-08-02,Harga Selisih
MEGA,2022-08-03,Harga Selisih
MEGA,2022-08-04,Harga Selisih
MEGA,2022-08-05,Harga Selisih
MEGA,2022-08-08,Harga Selisih
MEGA,2022-08-09,Harga Selisih
MEGA,2022-08-10,Harga Selisih
MEGA,2022-08-11,Harga Selisih
MEGA,2022-08-12,Harga Selisih
MEGA,2022-08-15,Harga Selisih
MEGA,2022-08-16,Harga Selisih
MEGA,2022-08-18,Harga Selisih
MEGA,2022-08-19,Harga Selisih
MEGA,2022-08-22,Harga Selisih
MEGA,2022-08-23,Harga Selisih
MEGA,2022-08-24,Harga Selisih
MEGA,2022-08-25,Harga Selisih
MEGA,2022-08-26,Harga Selisih
MEGA,2022-08-29,Harga Selisih
MEGA,2022-08-30,Harga Selisih
MEGA,2022-08-31,Harga Selisih
MEGA,2022-09-01,Harga Selisih
MEGA,2022-09-02,Harga Selisih
MEGA,2022-09-05,Harga Selisih
MEGA,2022-09-06,Harga Selisih
MEGA,2022-09-07,Harga Selisih
MEGA,2022-09-08,Harga Selisih
MEGA,2022-09-09,Harga Selisih
MEGA,2022-09-12,Harga Selisih
MEGA,2022-09-13,Harga Selisih
MEGA,2022-09-14,Harga Selisih
MEGA,2022-09-15,Harga Selisih
MEGA,2022-09-16,Harga Selisih
MEGA,2022-09-19,Harga Selisih
MEGA,2022-09-20,Harga Selisih
MEGA,2022-09-21,Harga Selisih
MEGA,2022-09-22,Harga Selisih
MEGA,2022-09-23,Harga Selisih
MEGA,2022-09-26,Harga Selisih
MEGA,2022-09-27,Harga Selisih
MEGA,2022-09-28,Harga Selisih
MEGA,2022-09-29,Harga Selisih
MEGA,2022-09-30,Harga Selisih
MEGA,2022-10-03,Harga Selisih
MEGA,2022-10-04,Harga Selisih
MEGA,2022-10-05,Harga Selisih
MEGA,2022-10-06,Harga Selisih
MEGA,2022-10-07,Harga Selisih
MEGA,2022-10-10,Harga Selisih
MEGA,2022-10-11,Harga Selisih
MEGA,2022-10-12,Harga Selisih
MEGA,2022-10-13,Harga Selisih
MEGA,2022-10-14,Harga Selisih
MEGA,2022-10-17,Harga Selisih
MEGA,2022-10-18,Harga Selisih
MEGA,2022-10-19,Harga Selisih
MEGA,2022-10-20,Harga Selisih
MEGA,2022-10-21,Harga Selisih
MEGA,2022-10-24,Harga Selisih
MEGA,2022-10-25,Harga Selisih
MEGA,2022-10-26,Harga Selisih
MEGA,2022-10-27,Harga Selisih
MEGA,2022-10-28,Harga Selisih
MEGA,2022-10-31,Harga Selisih
MEGA,2022-11-01,Harga Selisih
MEGA,2022-11-02,Harga Selisih
MEGA,2022-11-03,Harga Selisih
MEGA,2022-11-04,Harga Selisih
MEGA,2022-11-07,Harga Selisih
MEGA,2022-11-08,Harga Selisih
MEGA,2022-11-09,Harga Selisih
MEGA,2022-11-10,Harga Selisih
MEGA,2022-11-11,Harga Selisih
MEGA,2022-11-14,Harga Selisih
MEGA,2022-11-15,Harga Selisih
MEGA,2022-11-16,Harga Selisih
MEGA,2022-11-17,Harga Selisih
MEGA,2022-11-18,Harga Selisih
MEGA,2022-11-21,Harga Selisih
MEGA,2022-11-22,Harga Selisih
MEGA,2022-11-23,Harga Selisih
MEGA,2022-11-24,Harga Selisih
MEGA,2022-11-25,Harga Selisih
MEGA,2022-11-28,Harga Selisih
MEGA,2022-11-29,Harga Selisih
MEGA,2022-11-30,Harga Selisih
MEGA,2022-12-01,Harga Selisih
MEGA,2022-12-02,Harga Selisih
MEGA,2022-12-05,Harga Selisih
MEGA,2022-12-06,Harga Selisih
MEGA,2022-12-07,Harga Selisih
MEGA,2022-12-08,Harga Selisih
MEGA,2022-12-09,Harga Selisih
MEGA,2022-12-12,Harga Selisih
MEGA,2022-12-13,Harga Selisih
MEGA,2022-12-14,Harga Selisih
MEGA,2022-12-15,Harga Selisih
MEGA,2022-12-16,Harga Selisih
MEGA,2022-12-19,Harga Selisih
MEGA,2022-12-20,Harga Selisih
MEGA,2022-12-21,Harga Selisih
MEGA,2022-12-22,Harga Selisih
MEGA,2022-12-23,Harga Selisih
MEGA,2022-12-26,Harga Selisih
MEGA,2022-12-27,Harga Selisih
MEGA,2022-12-28,Harga Selisih
MEGA,2022-12-29,Harga Selisih
MEGA,2022-12-30,Harga Selisih
MEGA,2023-01-02,Harga Selisih
MEGA,2023-01-03,Harga Selisih
MEGA,2023-01-04,Harga Selisih
MEGA,2023-01-05,Harga Selisih
MEGA,2023-01-06,Harga Selisih
MEGA,2023-01-09,Harga Selisih
MEGA,2023-01-10,Harga Selisih
MEGA,2023-01-11,Harga Selisih
MEGA,2023-01-12,Harga Selisih
MEGA,2023-01-13,Harga Selisih
MEGA,2023-01-16,Harga Selisih
MEGA,2023-01-17,Harga Selisih
MEGA,2023-01-18,Harga Selisih
MEGA,2023-01-19,Harga Selisih
MEGA,2023-01-20,Harga Selisih
MEGA,2023-01-24,Harga Selisih
MEGA,2023-01-25,Harga Selisih
MEGA,2023-01-26,Harga Selisih
MEGA,2023-01-27,Harga Selisih
MEGA,2023-01-30,Harga Selisih
MEGA,2023-01-31,Harga Selisih
MEGA,2023-02-01,Harga Selisih
MEGA,2023-02-02,Harga Selisih
MEGA,2023-02-03,Harga Selisih
MEGA,2023-02-06,Harga Selisih
MEGA,2023-02-07,Harga Selisih
MEGA,2023-02-08,Harga Selisih
MEGA,2023-02-09,Harga Selisih
MEGA,2023-02-10,Harga Selisih
MEGA,2023-02-13,Harga Selisih
MEGA,2023-02-14,Harga Selisih
MEGA,2023-02-15,Harga Selisih
MEGA,2023-02-16,Harga Selisih
MEGA,2023-02-17,Harga Selisih
MEGA,2023-02-20,Harga Selisih
MEGA,2023-02-21,Harga Selisih
MEGA,2023-02-22,Harga Selisih
MEGA,2023-02-23,Harga Selisih
MEGA,2023-02-24,Harga Selisih
MEGA,2023-02-27,Harga Selisih
MEGA,2023-02-28,Harga Selisih
MEGA,2023-03-01,Harga Selisih
MEGA,2023-03-02,Harga Selisih
MEGA,2023-03-03,Harga Selisih
MEGA,2023-03-06,Harga Selisih
MEGA,2023-03-07,Harga Selisih
MEGA,2023-03-08,Harga Selisih
MEGA,2023-03-09,Harga Selisih
MEGA,2023-03-10,Harga Selisih
MEGA,2023-03-13,Harga Selisih
MEGA,2023-03-14,Harga Selisih
MEGA,2023-03-15,Harga Selisih
MEGA,2023-03-16,Harga Selisih
MEGA,2023-03-17,Harga Selisih
MEGA,2023-03-20,Harga Selisih
MEGA,2023-03-21,Harga Selisih
MEGA,2023-03-24,Harga Selisih
MEGA,2023-03-27,Harga Selisih
MEGA,2023-03-28,Harga Selisih
MEGA,2023-03-29,Harga Selisih
MEGA,2023-03-30,Harga Selisih
MEGA,2023-03-31,Harga Selisih
MEGA,2023-04-03,Harga Selisih
MEGA,2023-04-04,Harga Selisih
MEGA,2023-04-05,Harga Selisih
MEGA,2023-04-06,Harga Selisih
MEGA,2023-04-10,Harga Selisih
MEGA,2023-04-11,Harga Selisih
MEGA,2023-04-12,Harga Selisih
MEGA,2023-04-13,Harga Selisih
MEGA,2023-04-14,Harga Selisih
MEGA,2023-04-17,Harga Selisih
MEGA,2023-04-18,Harga Selisih
MEGA,2023-04-26,Harga Selisih
MEGA,2023-04-27,Harga Selisih
MEGA,2023-04-28,Harga Selisih
MEGA,2023-05-02,Harga Selisih
MEGA,2023-05-03,Harga Selisih
MEGA,2023-05-04,Harga Selisih
MEGA,2023-05-05,Harga Selisih
MEGA,2023-05-08,Harga Selisih
MEGA,2023-05-09,Harga Selisih
MEGA,2023-05-10,Harga Selisih
MEGA,2023-05-11,Harga Selisih
MEGA,2023-05-12,Harga Selisih
MEGA,2023-05-15,Harga Selisih
MEGA,2023-05-16,Harga Selisih
MEGA,2023-05-17,Harga Selisih
MEGA,2023-05-19,Harga Selisih
MEGA,2023-05-22,Harga Selisih
MEGA,2023-05-23,Harga Selisih
MEGA,2023-05-24,Harga Selisih
MEGA,2023-05-25,Harga Selisih
MEGA,2023-05-26,Harga Selisih
MEGA,2023-05-29,Harga Selisih
MEGA,2023-05-30,Harga Selisih
MEGA,2023-05-31,Harga Selisih
MEGA,2023-06-05,Harga Selisih
MEGA,2023-06-06,Harga Selisih
MEGA,2023-06-07,Harga Selisih
MEGA,2023-06-08,Harga Selisih
MEGA,2023-06-09,Harga Selisih
MEGA,2023-06-12,Harga Selisih
MEGA,2023-06-13,Harga Selisih
MEGA,2023-06-14,Harga Selisih
MEGA,2023-06-15,Harga Selisih
MEGA,2023-06-16,Harga Selisih
MEGA,2023-06-19,Harga Selisih
MEGA,2023-06-20,Harga Selisih
MEGA,2023-06-21,Harga Selisih
MEGA,2023-06-22,Harga Selisih
MEGA,2023-06-23,Harga Selisih
MEGA,2023-06-26,Harga Selisih
MEGA,2023-06-27,Harga Selisih
MEGA,2023-07-03,Harga Selisih
MEGA,2023-07-04,Harga Selisih
MEGA,2023-07-05,Harga Selisih
MEGA,2023-07-06,Harga Selisih
MEGA,2023-07-07,Harga Selisih
MEGA,2023-07-10,Harga Selisih
MEGA,2023-07-11,Harga Selisih
MEGA,2023-07-12,Harga Selisih
MEGA,2023-07-13,Harga Selisih
MEGA,2023-07-14,Harga Selisih
MEGA,2023-07-17,Harga Selisih
MEGA,2023-07-18,Harga Selisih
MEGA,2023-07-20,Harga Selisih
MEGA,2023-07-21,Harga Selisih
MEGA,2023-07-24,Harga Selisih
MEGA,2023-07-25,Harga Selisih
MEGA,2023-07-26,Harga Selisih
MEGA,2023-07-27,Harga Selisih
MEGA,2023-07-28,Harga Selisih
MEGA,2023-07-31,Harga Selisih
MEGA,2023-08-01,Harga Selisih
MEGA,2023-08-02,Harga Selisih
MEGA,2023-08-03,Harga Selisih
MEGA,2023-08-04,Harga Selisih
MEGA,2023-08-07,Harga Selisih
MEGA,2023-08-08,Harga Selisih
MEGA,2023-08-09,Harga Selisih
MEGA,2023-08-10,Harga Selisih
MEGA,2023-08-11,Harga Selisih
MEGA,2023-08-14,Harga Selisih
MEGA,2023-08-15,Harga Selisih
MEGA,2023-08-16,Harga Selisih
MEGA,2023-08-18,Harga Selisih
MEGA,2023-08-21,Harga Selisih
MEGA,2023-08-22,Harga Selisih
MEGA,2023-08-23,Harga Selisih
MEGA,2023-08-24,Harga Selisih
MEGA,2023-08-25,Harga Selisih
MEGA,2023-08-28,Harga Selisih
MEGA,2023-08-29,Harga Selisih
MEGA,2023-08-30,Harga Selisih
MEGA,2023-08-31,Harga Selisih
MEGA,2023-09-01,Harga Selisih
MEGA,2023-09-04,Harga Selisih
MEGA,2023-09-05,Harga Selisih
MEGA,2023-09-06,Harga Selisih
MEGA,2023-09-07,Harga Selisih
MEGA,2023-09-08,Harga Selisih
MEGA,2023-09-11,Harga Selisih
MEGA,2023-09-12,Harga Selisih
MEGA,2023-09-13,Harga Selisih
MEGA,2023-09-14,Harga Selisih
MEGA,2023-09-15,Harga Selisih
MEGA,2023-09-18,Harga Selisih
MEGA,2023-09-19,Harga Selisih
MEGA,2023-09-20,Harga Selisih
MEGA,2023-09-21,Harga Selisih
MEGA,2023-09-22,Harga Selisih
MEGA,2023-09-25,Harga Selisih
MEGA,2023-09-26,Harga Selisih
MEGA,2023-09-27,Harga Selisih
MEGA,2023-09-29,Harga Selisih
MEGA,2023-10-02,Harga Selisih
MEGA,2023-10-03,Harga Selisih
MEGA,2023-10-04,Harga Selisih
MEGA,2023-10-05,Harga Selisih
MEGA,2023-10-06,Harga Selisih
MEGA,2023-10-09,Harga Selisih
MEGA,2023-10-10,Harga Selisih
MEGA,2023-10-11,Harga Selisih
MEGA,2023-10-12,Harga Selisih
MEGA,2023-10-13,Harga Selisih
MEGA,2023-10-16,Harga Selisih
MEGA,2023-10-17,Harga Selisih
MEGA,2023-10-18,Harga Selisih
MEGA,2023-10-19,Harga Selisih
MEGA,2023-10-20,Harga Selisih
MEGA,2023-10-23,Harga Selisih
MEGA,2023-10-24,Harga Selisih
MEGA,2023-10-25,Harga Selisih
MEGA,2023-10-26,Harga Selisih
MEGA,2023-10-27,Harga Selisih
MEGA,2023-10-30,Harga Selisih
MEGA,2023-10-31,Harga Selisih
MEGA,2023-11-01,Harga Selisih
MEGA,2023-11-02,Harga Selisih
MEGA,2023-11-03,Harga Selisih
MEGA,2023-11-06,Harga Selisih
MEGA,2023-11-07,Harga Selisih
MEGA,2023-11-08,Harga Selisih
MEGA,2023-11-09,Harga Selisih
MEGA,2023-11-10,Harga Selisih
MEGA,2023-11-13,Harga Selisih
MEGA,2023-11-14,Harga Selisih
MEGA,2023-11-15,Harga Selisih
MEGA,2023-11-16,Harga Selisih
MEGA,2023-11-17,Harga Selisih
MEGA,2023-11-20,Harga Selisih
MEGA,2023-11-21,Harga Selisih
MEGA,2023-11-22,Harga Selisih
MEGA,2023-11-23,Harga Selisih
MEGA,2023-11-24,Harga Selisih
MEGA,2023-11-27,Harga Selisih
MEGA,2023-11-28,Harga Selisih
MEGA,2023-11-29,Harga Selisih
MEGA,2023-11-30,Harga Selisih
MEGA,2023-12-01,Harga Selisih
MEGA,2023-12-04,Harga Selisih
MEGA,2023-12-05,Harga Selisih
MEGA,2023-12-06,Harga Selisih
MEGA,2023-12-07,Harga Selisih
MEGA,2023-12-08,Harga Selisih
MEGA,2023-12-11,Harga Selisih
MEGA,2023-12-12,Harga Selisih
MEGA,2023-12-13,Harga Selisih
MEGA,2023-12-14,Harga Selisih
MEGA,2023-12-15,Harga Selisih
MEGA,2023-12-18,Harga Selisih
MEGA,2023-12-19,Harga Selisih
MEGA,2023-12-20,Harga Selisih
MEGA,2023-12-21,Harga Selisih
MEGA,2023-12-22,Harga Selisih
NISP,2019-12-26,Harga Selisih
NISP,2019-12-27,Harga Selisih
NISP,2019-12-30,Harga Selisih
NISP,2020-01-02,Harga Selisih
NISP,2020-01-03,Harga Selisih
NISP,2020-01-06,Harga Selisih
NISP,2020-01-07,Harga Selisih
NISP,2020-01-08,Harga Selisih
NISP,2020-01-09,Harga Selisih
NISP,2020-01-10,Harga Selisih
NISP,2020-01-13,Harga Selisih
NISP,2020-01-14,Harga Selisih
NISP,2020-01-15,Harga Selisih
NISP,2020-01-16,Harga Selisih
NISP,2020-01-17,Harga Selisih
NISP,2020-01-20,Harga Selisih
NISP,2020-01-21,Harga Selisih
NISP,2020-01-22,Harga Selisih
NISP,2020-01-23,Harga Selisih
NISP,2020-01-24,Harga Selisih
NISP,2020-01-27,Harga Selisih
NISP,2020-01-28,Harga Selisih
NISP,2020-01-29,Harga Selisih
NISP,2020-01-30,Harga Selisih
NISP,2020-01-31,Harga Selisih
NISP,2020-02-03,Harga Selisih
NISP,2020-02-04,Harga Selisih
NISP,2020-02-05,Harga Selisih
NISP,2020-02-06,Harga Selisih
NISP,2020-02-07,Harga Selisih
NISP,2020-02-10,Harga Selisih
NISP,2020-02-11,Harga Selisih
NISP,2020-02-12,Harga Selisih
NISP,2020-02-13,Harga Selisih
NISP,2020-02-14,Harga Selisih
NISP,2020-02-17,Harga Selisih
NISP,2020-02-18,Harga Selisih
NISP,2020-02-19,Harga Selisih
NISP,2020-02-20,Harga Selisih
NISP,2020-02-21,Harga Selisih
NISP,2020-02-24,Harga Selisih
NISP,2020-02-25,Harga Selisih
NISP,2020-02-26,Harga Selisih
NISP,2020-02-27,Harga Selisih
NISP,2020-02-28,Harga Selisih
NISP,2020-03-02,Harga Selisih
NISP,2020-03-03,Harga Selisih
NISP,2020-03-04,Harga Selisih
NISP,2020-03-05,Harga Selisih
NISP,2020-03-06,Harga Selisih
NISP,2020-03-09,Harga Selisih
NISP,2020-03-10,Harga Selisih
NISP,2020-03-11,Harga Selisih
NISP,2020-03-12,Harga Selisih
NISP,2020-03-13,Harga Selisih
NISP,2020-03-16,Harga Selisih
NISP,2020-03-17,Harga Selisih
NISP,2020-03-18,Harga Selisih
NISP,2020-03-19,Harga Selisih
NISP,2020-03-20,Harga Selisih
NISP,2020-03-23,Harga Selisih
NISP,2020-03-24,Harga Selisih
NISP,2020-03-26,Harga Selisih
NISP,2020-03-27,Harga Selisih
NISP,2020-03-30,Harga Selisih
NISP,2020-03-31,Harga Selisih
NISP,2020-04-01,Harga Selisih
NISP,2020-04-02,Harga Selisih
NISP,2020-04-03,Harga Selisih
NISP,2020-04-06,Harga Selisih
NISP,2020-04-07,Harga Selisih
NISP,2020-04-08,Harga Selisih
NISP,2020-04-09,Harga Selisih
NISP,2020-04-13,Harga Selisih
NISP,2020-04-14,Harga Selisih
NISP,2020-04-15,Harga Selisih
NISP,2020-04-16,Harga Selisih
NISP,2020-04-17,Harga Selisih
NISP,2020-04-20,Harga Selisih
NISP,2020-04-21,Harga Selisih
NISP,2020-04-22,Harga Selisih
NISP,2020-04-23,Harga Selisih
NISP,2020-04-24,Harga Selisih
NISP,2020-04-27,Harga Selisih
NISP,2020-04-28,Harga Selisih
NISP,2020-04-29,Harga Selisih
NISP,2020-04-30,Harga Selisih
NISP,2020-05-04,Harga Selisih
NISP,2020-05-05,Harga Selisih
NISP,2020-05-06,Harga Selisih
NISP,2020-05-08,Harga Selisih
NISP,2020-05-11,Harga Selisih
NISP,2020-05-12,Harga Selisih
NISP,2020-05-13,Harga Selisih
NISP,2020-05-14,Harga Selisih
NISP,2020-05-15,Harga Selisih
NISP,2020-05-18,Harga Selisih
NISP,2020-05-19,Harga Selisih
NISP,2020-05-20,Harga Selisih
NISP,2020-05-26,Harga Selisih
NISP,2020-05-27,Harga Selisih
NISP,2020-05-28,Harga Selisih
NISP,2020-05-29,Harga Selisih
NISP,2020-06-02,Harga Selisih
NISP,2020-06-03,Harga Selisih
NISP,2020-06-04,Harga Selisih
NISP,2020-06-05,Harga Selisih
NISP,2020-06-08,Harga Selisih
NISP,2020-06-09,Harga Selisih
NISP,2020-06-10,Harga Selisih
NISP,2020-06-11,Harga Selisih
NISP,2020-06-12,Harga Selisih
NISP,2020-06-15,Harga Selisih
NISP,2020-06-16,Harga Selisih
NISP,2020-06-17,Harga Selisih
NISP,2020-06-18,Harga Selisih
NISP,2020-06-19,Harga Selisih
NISP,2020-06-22,Harga Selisih
NISP,2020-06-23,Harga Selisih
NISP,2020-06-24,Harga Selisih
NISP,2020-06-25,Harga Selisih
NISP,2020-06-26,Harga Selisih
NISP,2020-06-29,Harga Selisih
NISP,2020-06-30,Harga Selisih
NISP,2020-07-01,Harga Selisih
NISP,2020-07-02,Harga Selisih
NISP,2020-07-03,Harga Selisih
NISP,2020-07-06,Harga Selisih
NISP,2020-07-07,Harga Selisih
NISP,2020-07-08,Harga Selisih
NISP,2020-07-09,Harga Selisih
NISP,2020-07-10,Harga Selisih
NISP,2020-07-13,Harga Selisih
NISP,2020-07-14,Harga Selisih
NISP,2020-07-15,Harga Selisih
NISP,2020-07-16,Harga Selisih
NISP,2020-07-17,Harga Selisih
NISP,2020-07-20,Harga Selisih
NISP,2020-07-21,Harga Selisih
NISP,2020-07-22,Harga Selisih
NISP,2020-07-23,Harga Selisih
NISP,2020-07-24,Harga Selisih
NISP,2020-07-27,Harga Selisih
NISP,2020-07-28,Harga Selisih
NISP,2020-07-29,Harga Selisih
NISP,2020-07-30,Harga Selisih
NISP,2020-08-03,Harga Selisih
NISP,2020-08-04,Harga Selisih
NISP,2020-08-05,Harga Selisih
NISP,2020-08-06,Harga Selisih
NISP,2020-08-07,Harga Selisih
NISP,2020-08-10,Harga Selisih
NISP,2020-08-11,Harga Selisih
NISP,2020-08-12,Harga Selisih
NISP,2020-08-13,Harga Selisih
NISP,2020-08-14,Harga Selisih
NISP,2020-08-18,Harga Selisih
NISP,2020-08-19,Harga Selisih
NISP,2020-08-24,Harga Selisih
NISP,2020-08-25,Harga Selisih
NISP,2020-08-26,Harga Selisih
NISP,2020-08-27,Harga Selisih
NISP,2020-08-28,Harga Selisih
NISP,2020-08-31,Harga Selisih
NISP,2020-09-01,Harga Selisih
NISP,2020-09-02,Harga Selisih
NISP,2020-09-03,Harga Selisih
NISP,2020-09-04,Harga Selisih
NISP,2020-09-07,Harga Selisih
NISP,2020-09-08,Harga Selisih
NISP,2020-09-09,Harga Selisih
NISP,2020-09-10,Harga Selisih
NISP,2020-09-11,Harga Selisih
NISP,2020-09-14,Harga Selisih
NISP,2020-09-15,Harga Selisih
NISP,2020-09-16,Harga Selisih
NISP,2020-09-17,Harga Selisih
NISP,2020-09-18,Harga Selisih
NISP,2020-09-21,Harga Selisih
NISP,2020-09-22,Harga Selisih
NISP,2020-09-23,Harga Selisih
NISP,2020-09-24,Harga Selisih
NISP,2020-09-25,Harga Selisih
NISP,2020-09-28,Harga Selisih
NISP,2020-09-29,Harga Selisih
NISP,2020-09-30,Harga Selisih
NISP,2020-10-01,Harga Selisih
NISP,2020-10-02,Harga Selisih
NISP,2020-10-05,Harga Selisih
NISP,2020-10-06,Harga Selisih
NISP,2020-10-07,Harga Selisih
NISP,2020-10-08,Harga Selisih
NISP,2020-10-09,Harga Selisih
NISP,2020-10-12,Harga Selisih
NISP,2020-10-13,Harga Selisih
NISP,2020-10-14,Harga Selisih
NISP,2020-10-15,Harga Selisih
NISP,2020-10-16,Harga Selisih
NISP,2020-10-19,Harga Selisih
NISP,2020-10-20,Harga Selisih
NISP,2020-10-21,Harga Selisih
NISP,2020-10-22,Harga Selisih
NISP,2020-10-23,Harga Selisih
NISP,2020-10-26,Harga Selisih
NISP,2020-10-27,Harga Selisih
NISP,2020-11-02,Harga Selisih
NISP,2020-11-03,Harga Selisih
NISP,2020-11-04,Harga Selisih
NISP,2020-11-05,Harga Selisih
NISP,2020-11-06,Harga Selisih
NISP,2020-11-09,Harga Selisih
NISP,2020-11-10,Harga Selisih
NISP,2020-11-11,Harga Selisih
NISP,2020-11-12,Harga Selisih
NISP,2020-11-13,Harga Selisih
NISP,2020-11-16,Harga Selisih
NISP,2020-11-17,Harga Selisih
NISP,2020-11-18,Harga Selisih
NISP,2020-11-19,Harga Selisih
NISP,2020-11-20,Harga Selisih
NISP,2020-11-23,Harga Selisih
NISP,2020-11-24,Harga Selisih
NISP,2020-11-25,Harga Selisih
NISP,2020-11-26,Harga Selisih
NISP,2020-11-27,Harga Selisih
NISP,2020-11-30,Harga Selisih
NISP,2020-12-01,Harga Selisih
NISP,2020-12-02,Harga Selisih
NISP,2020-12-03,Harga Selisih
NISP,2020-12-04,Harga Selisih
NISP,2020-12-07,Harga Selisih
NISP,2020-12-08,Harga Selisih
NISP,2020-12-10,Harga Selisih
NISP,2020-12-11,Harga Selisih
NISP,2020-12-14,Harga Selisih
NISP,2020-12-15,Harga Selisih
NISP,2020-12-16,Harga Selisih
NISP,2020-12-17,Harga Selisih
NISP,2020-12-18,Harga Selisih
NISP,2020-12-21,Harga Selisih
NISP,2020-12-22,Harga Selisih
NISP,2020-12-23,Harga Selisih
NISP,2020-12-28,Harga Selisih
NISP,2020-12-29,Harga Selisih
NISP,2020-12-30,Harga Selisih
NISP,2021-01-04,Harga Selisih
NISP,2021-01-05,Harga Selisih
NISP,2021-01-06,Harga Selisih
NISP,2021-01-07,Harga Selisih
NISP,2021-01-08,Harga Selisih
NISP,2021-01-11,Harga Selisih
NISP,2021-01-12,Harga Selisih
NISP,2021-01-13,Harga Selisih
NISP,2021-01-14,Harga Selisih
NISP,2021-01-15,Harga Selisih
NISP,2021-01-18,Harga Selisih
NISP,2021-01-19,Harga Selisih
NISP,2021-01-20,Harga Selisih
NISP,2021-01-21,Harga Selisih
NISP,2021-01-22,Harga Selisih
NISP,2021-01-25,Harga Selisih
NISP,2021-01-26,Harga Selisih
NISP,2021-01-27,Harga Selisih
NISP,2021-01-28,Harga Selisih
NISP,2021-01-29,Harga Selisih
NISP,2021-02-01,Harga Selisih
NISP,2021-02-02,Harga Selisih
NISP,2021-02-03,Harga Selisih
NISP,2021-02-04,Harga Selisih
NISP,2021-02-05,Harga Selisih
NISP,2021-02-08,Harga Selisih
NISP,2021-02-09,Harga Selisih
NISP,2021-02-10,Harga Selisih
NISP,2021-02-11,Harga Selisih
NISP,2021-02-15,Harga Selisih
NISP,2021-02-16,Harga Selisih
NISP,2021-02-17,Harga Selisih
NISP,2021-02-18,Harga Selisih
NISP,2021-02-19,Harga Selisih
NISP,2021-02-22,Harga Selisih
NISP,2021-02-23,Harga Selisih
NISP,2021-02-24,Harga Selisih
NISP,2021-02-25,Harga Selisih
NISP,2021-02-26,Harga Selisih
NISP,2021-03-01,Harga Selisih
NISP,2021-03-02,Harga Selisih
NISP,2021-03-03,Harga Selisih
NISP,2021-03-04,Harga Selisih
NISP,2021-03-05,Harga Selisih
NISP,2021-03-08,Harga Selisih
NISP,2021-03-09,Harga Selisih
NISP,2021-03-10,Harga Selisih
NISP,2021-03-12,Harga Selisih
NISP,2021-03-15,Harga Selisih
NISP,2021-03-16,Harga Selisih
NISP,2021-03-17,Harga Selisih
NISP,2021-03-18,Harga Selisih
NISP,2021-03-19,Harga Selisih
NISP,2021-03-22,Harga Selisih
NISP,2021-03-23,Harga Selisih
NISP,2021-03-24,Harga Selisih
NISP,2021-03-25,Harga Selisih
NISP,2021-03-26,Harga Selisih
NISP,2021-03-29,Harga Selisih
NISP,2021-03-30,Harga Selisih
NISP,2021-03-31,Harga Selisih
NISP,2021-04-01,Harga Selisih
NISP,2021-04-05,Harga Selisih
NISP,2021-04-06,Harga Selisih
NISP,2021-04-07,Harga Selisih
NISP,2021-04-08,Harga Selisih
NISP,2021-04-09,Harga Selisih
NISP,2021-04-12,Harga Selisih
NISP,2021-04-13,Harga Selisih
NISP,2021-04-14,Harga Selisih
NISP,2021-04-15,Harga Selisih
NISP,2021-04-16,Harga Selisih
NISP,2021-04-19,Harga Selisih
NISP,2021-04-20,Harga Selisih
NISP,2021-04-21,Harga Selisih
NISP,2021-04-22,Harga Selisih
NISP,2021-04-23,Harga Selisih
NISP,2021-04-26,Harga Selisih
NISP,2021-04-27,Harga Selisih
NISP,2021-04-28,Harga Selisih
NISP,2021-04-29,Harga Selisih
NISP,2021-04-30,Harga Selisih
NISP,2021-05-03,Harga Selisih
NISP,2021-05-04,Harga Selisih
NISP,2021-05-05,Harga Selisih
NISP,2021-05-06,Harga Selisih
NISP,2021-05-07,Harga Selisih
NISP,2021-05-10,Harga Selisih
NISP,2021-05-11,Harga Selisih
NISP,2021-05-17,Harga Selisih
NISP,2021-05-18,Harga Selisih
NISP,2021-05-19,Harga Selisih
NISP,2021-05-20,Harga Selisih
NISP,2021-05-21,Harga Selisih
NISP,2021-05-24,Harga Selisih
NISP,2021-05-25,Harga Selisih
NISP,2021-05-27,Harga Selisih
NISP,2021-05-28,Harga Selisih
NISP,2021-05-31,Harga Selisih
NISP,2021-06-02,Harga Selisih
NISP,2021-06-03,Harga Selisih
NISP,2021-06-04,Harga Selisih
NISP,2021-06-07,Harga Selisih
NISP,2021-06-08,Harga Selisih
NISP,2021-06-09,Harga Selisih
NISP,2021-06-10,Harga Selisih
NISP,2021-06-11,Harga Selisih
NISP,2021-06-14,Harga Selisih
NISP,2021-06-15,Harga Selisih
NISP,2021-06-16,Harga Selisih
NISP,2021-06-17,Harga Selisih
NISP,2021-06-18,Harga Selisih
NISP,2021-06-21,Harga Selisih
NISP,2021-06-22,Harga Selisih
NISP,2021-06-23,Harga Selisih
NISP,2021-06-24,Harga Selisih
NISP,2021-06-25,Harga Selisih
NISP,2021-06-28,Harga Selisih
NISP,2021-06-29,Harga Selisih
NISP,2021-06-30,Harga Selisih
NISP,2021-07-01,Harga Selisih
NISP,2021-07-02,Harga Selisih
NISP,2021-07-05,Harga Selisih
NISP,2021-07-06,Harga Selisih
NISP,2021-07-07,Harga Selisih
NISP,2021-07-08,Harga Selisih
NISP,2021-07-09,Harga Selisih
NISP,2021-07-12,Harga Selisih
NISP,2021-07-13,Harga Selisih
NISP,2021-07-14,Harga Selisih
NISP,2021-07-15,Harga Selisih
NISP,2021-07-16,Harga Selisih
NISP,2021-07-19,Harga Selisih
NISP,2021-07-21,Harga Selisih
NISP,2021-07-22,Harga Selisih
NISP,2021-07-23,Harga Selisih
NISP,2021-07-26,Harga Selisih
NISP,2021-07-27,Harga Selisih
NISP,2021-07-28,Harga Selisih
NISP,2021-07-29,Harga Selisih
NISP,2021-07-30,Harga Selisih
NISP,2021-08-02,Harga Selisih
NISP,2021-08-03,Harga Selisih
NISP,2021-08-04,Harga Selisih
NISP,2021-08-05,Harga Selisih
NISP,2021-08-06,Harga Selisih
NISP,2021-08-09,Harga Selisih
NISP,2021-08-10,Harga Selisih
NISP,2021-08-12,Harga Selisih
NISP,2021-08-13,Harga Selisih
NISP,2021-08-16,Harga Selisih
NISP,2021-08-18,Harga Selisih
NISP,2021-08-19,Harga Selisih
NISP,2021-08-20,Harga Selisih
NISP,2021-08-23,Harga Selisih
NISP,2021-08-24,Harga Selisih
NISP,2021-08-25,Harga Selisih
NISP,2021-08-26,Harga Selisih
NISP,2021-08-27,Harga Selisih
NISP,2021-08-30,Harga Selisih
NISP,2021-08-31,Harga Selisih
NISP,2021-09-01,Harga Selisih
NISP,2021-09-02,Harga Selisih
NISP,2021-09-03,Harga Selisih
NISP,2021-09-06,Harga Selisih
NISP,2021-09-07,Harga Selisih
NISP,2021-09-08,Harga Selisih
NISP,2021-09-09,Harga Selisih
NISP,2021-09-10,Harga Selisih
NISP,2021-09-13,Harga Selisih
NISP,2021-09-14,Harga Selisih
NISP,2021-09-15,Harga Selisih
NISP,2021-09-16,Harga Selisih
NISP,2021-09-17,Harga Selisih
NISP,2021-09-20,Harga Selisih
NISP,2021-09-21,Harga Selisih
NISP,2021-09-22,Harga Selisih
NISP,2021-09-23,Harga Selisih
NISP,2021-09-24,Harga Selisih
NISP,2021-09-27,Harga Selisih
NISP,2021-09-28,Harga Selisih
NISP,2021-09-29,Harga Selisih
NISP,2021-09-30,Harga Selisih
NISP,2021-10-01,Harga Selisih
NISP,2021-10-04,Harga Selisih
NISP,2021-10-05,Harga Selisih
NISP,2021-10-06,Harga Selisih
NISP,2021-10-07,Harga Selisih
NISP,2021-10-08,Harga Selisih
NISP,2021-10-11,Harga Selisih
NISP,2021-10-12,Harga Selisih
NISP,2021-10-13,Harga Selisih
NISP,2021-10-14,Harga Selisih
NISP,2021-10-15,Harga Selisih
NISP,2021-10-18,Harga Selisih
NISP,2021-10-19,Harga Selisih
NISP,2021-10-21,Harga Selisih
NISP,2021-10-22,Harga Selisih
NISP,2021-10-25,Harga Selisih
NISP,2021-10-26,Harga Selisih
NISP,2021-10-27,Harga Selisih
NISP,2021-10-28,Harga Selisih
NISP,2021-10-29,Harga Selisih
NISP,2021-11-01,Harga Selisih
NISP,2021-11-02,Harga Selisih
NISP,2021-11-03,Harga Selisih
NISP,2021-11-04,Harga Selisih
NISP,2021-11-05,Harga Selisih
NISP,2021-11-08,Harga Selisih
NISP,2021-11-09,Harga Selisih
NISP,2021-11-10,Harga Selisih
NISP,2021-11-11,Harga Selisih
NISP,2021-11-12,Harga Selisih
NISP,2021-11-15,Harga Selisih
NISP,2021-11-16,Harga Selisih
NISP,2021-11-17,Harga Selisih
NISP,2021-11-18,Harga Selisih
NISP,2021-11-19,Harga Selisih
NISP,2021-11-22,Harga Selisih
NISP,2021-11-23,Harga Selisih
NISP,2021-11-24,Harga Selisih
NISP,2021-11-25,Harga Selisih
NISP,2021-11-26,Harga Selisih
NISP,2021-11-29,Harga Selisih
NISP,2021-11-30,Harga Selisih
NISP,2021-12-01,Harga Selisih
NISP,2021-12-02,Harga Selisih
NISP,2021-12-03,Harga Selisih
NISP,2021-12-06,Harga Selisih
NISP,2021-12-07,Harga Selisih
NISP,2021-12-08,Harga Selisih
NISP,2021-12-09,Harga Selisih
NISP,2021-12-10,Harga Selisih
NISP,2021-12-13,Harga Selisih
NISP,2021-12-14,Harga Selisih
NISP,2021-12-15,Harga Selisih
NISP,2021-12-16,Harga Selisih
NISP,2021-12-17,Harga Selisih
NISP,2021-12-20,Harga Selisih
NISP,2021-12-21,Harga Selisih
NISP,2021-12-22,Harga Selisih
NISP,2021-12-23,Harga Selisih
NISP,2021-12-24,Harga Selisih
NISP,2021-12-27,Harga Selisih
NISP,2021-12-28,Harga Selisih
NISP,2021-12-29,Harga Selisih
NISP,2021-12-30,Harga Selisih
NISP,2022-01-03,Harga Selisih
NISP,2022-01-04,Harga Selisih
NISP,2022-01-05,Harga Selisih
NISP,2022-01-06,Harga Selisih
NISP,2022-01-07,Harga Selisih
NISP,2022-01-10,Harga Selisih
NISP,2022-01-11,Harga Selisih
NISP,2022-01-12,Harga Selisih
NISP,2022-01-13,Harga Selisih
NISP,2022-01-14,Harga Selisih
NISP,2022-01-17,Harga Selisih
NISP,2022-01-18,Harga Selisih
NISP,2022-01-19,Harga Selisih
NISP,2022-01-20,Harga Selisih
NISP,2022-01-21,Harga Selisih
NISP,2022-01-24,Harga Selisih
NISP,2022-01-25,Harga Selisih
NISP,2022-01-26,Harga Selisih
NISP,2022-01-27,Harga Selisih
NISP,2022-01-28,Harga Selisih
NISP,2022-01-31,Harga Selisih
NISP,2022-02-02,Harga Selisih
NISP,2022-02-03,Harga Selisih
NISP,2022-02-04,Harga Selisih
NISP,2022-02-07,Harga Selisih
NISP,2022-02-08,Harga Selisih
NISP,2022-02-09,Harga Selisih
NISP,2022-02-10,Harga Selisih
NISP,2022-02-11,Harga Selisih
NISP,2022-02-14,Harga Selisih
NISP,2022-02-15,Harga Selisih
NISP,2022-02-16,Harga Selisih
NISP,2022-02-17,Harga Selisih
NISP,2022-02-18,Harga Selisih
NISP,2022-02-21,Harga Selisih
NISP,2022-02-22,Harga Selisih
NISP,2022-02-23,Harga Selisih
NISP,2022-02-24,Harga Selisih
NISP,2022-02-25,Harga Selisih
NISP,2022-03-01,Harga Selisih
NISP,2022-03-02,Harga Selisih
NISP,2022-03-04,Harga Selisih
NISP,2022-03-07,Harga Selisih
NISP,2022-03-08,Harga Selisih
NISP,2022-03-09,Harga Selisih
NISP,2022-03-10,Harga Selisih
NISP,2022-03-11,Harga Selisih
NISP,2022-03-14,Harga Selisih
NISP,2022-03-15,Harga Selisih
NISP,2022-03-16,Harga Selisih
NISP,2022-03-17,Harga Selisih
NISP,2022-03-18,Harga Selisih
NISP,2022-03-21,Harga Selisih
NISP,2022-03-22,Harga Selisih
NISP,2022-03-23,Harga Selisih
NISP,2022-03-24,Harga Selisih
NISP,2022-03-25,Harga Selisih
NISP,2022-03-28,Harga Selisih
NISP,2022-03-29,Harga Selisih
NISP,2022-03-30,Harga Selisih
NISP,2022-03-31,Harga Selisih
NISP,2022-04-01,Harga Selisih
NISP,2022-04-04,Harga Selisih
NISP,2022-04-05,Harga Selisih
NISP,2022-04-06,Harga Selisih
NISP,2022-04-07,Harga Selisih
NISP,2022-04-08,Harga Selisih
NISP,2022-04-11,Harga Selisih
NISP,2022-04-12,Harga Selisih
NISP,2022-04-13,Harga Selisih
NISP,2022-04-14,Harga Selisih
NISP,2022-04-18,Harga Selisih
NISP,2022-04-19,Harga Selisih
NISP,2022-04-20,Harga Selisih
NISP,2022-04-21,Harga Selisih
NISP,2022-04-22,Harga Selisih
NISP,2022-04-25,Harga Selisih
NISP,2022-04-26,Harga Selisih
NISP,2022-04-27,Harga Selisih
NISP,2022-04-28,Harga Selisih
NISP,2022-05-09,Harga Selisih
NISP,2022-05-10,Harga Selisih
NISP,2022-05-11,Harga Selisih
NISP,2022-05-12,Harga Selisih
NISP,2022-05-13,Harga Selisih
NISP,2022-05-17,Harga Selisih
NISP,2022-05-18,Harga Selisih
NISP,2022-05-19,Harga Selisih
NISP,2022-05-20,Harga Selisih
NISP,2022-05-23,Harga Selisih
NISP,2022-05-24,Harga Selisih
NISP,2022-05-25,Harga Selisih
NISP,2022-05-27,Harga Selisih
NISP,2022-05-30,Harga Selisih
NISP,2022-05-31,Harga Selisih
NISP,2022-06-02,Harga Selisih
NISP,2022-06-03,Harga Selisih
NISP,2022-06-06,Harga Selisih
NISP,2022-06-07,Harga Selisih
NISP,2022-06-08,Harga Selisih
NISP,2022-06-09,Harga Selisih
NISP,2022-06-10,Harga Selisih
NISP,2022-06-13,Harga Selisih
NISP,2022-06-14,Harga Selisih
NISP,2022-06-15,Harga Selisih
NISP,2022-06-16,Harga Selisih
NISP,2022-06-17,Harga Selisih
NISP,2022-06-20,Harga Selisih
NISP,2022-06-21,Harga Selisih
NISP,2022-06-22,Harga Selisih
NISP,2022-06-23,Harga Selisih
NISP,2022-06-24,Harga Selisih
NISP,2022-06-27,Harga Selisih
NISP,2022-06-28,Harga Selisih
NISP,2022-06-29,Harga Selisih
NISP,2022-06-30,Harga Selisih
NISP,2022-07-01,Harga Selisih
NISP,2022-07-04,Harga Selisih
NISP,2022-07-05,Harga Selisih
NISP,2022-07-06,Harga Selisih
NISP,2022-07-07,Harga Selisih
NISP,2022-07-08,Harga Selisih
NISP,2022-07-11,Harga Selisih
NISP,2022-07-12,Harga Selisih
NISP,2022-07-13,Harga Selisih
NISP,2022-07-14,Harga Selisih
NISP,2022-07-15,Harga Selisih
NISP,2022-07-18,Harga Selisih
NISP,2022-07-19,Harga Selisih
NISP,2022-07-20,Harga Selisih
NISP,2022-07-21,Harga Selisih
NISP,2022-07-22,Harga Selisih
NISP,2022-07-25,Harga Selisih
NISP,2022-07-26,Harga Selisih
NISP,2022-07-27,Harga Selisih
NISP,2022-07-28,Harga Selisih
NISP,2022-07-29,Harga Selisih
NISP,2022-08-01,Harga Selisih
NISP,2022-08-02,Harga Selisih
NISP,2022-08-03,Harga Selisih
NISP,2022-08-04,Harga Selisih
NISP,2022-08-05,Harga Selisih
NISP,2022-08-08,Harga Selisih
NISP,2022-08-09,Harga Selisih
NISP,2022-08-10,Harga Selisih
NISP,2022-08-11,Harga Selisih
NISP,2022-08-12,Harga Selisih
NISP,2022-08-15,Harga Selisih
NISP,2022-08-16,Harga Selisih
NISP,2022-08-18,Harga Selisih
NISP,2022-08-19,Harga Selisih
NISP,2022-08-22,Harga Selisih
NISP,2022-08-23,Harga Selisih
NISP,2022-08-24,Harga Selisih
NISP,2022-08-25,Harga Selisih
NISP,2022-08-26,Harga Selisih
NISP,2022-08-29,Harga Selisih
NISP,2022-08-30,Harga Selisih
NISP,2022-08-31,Harga Selisih
NISP,2022-09-01,Harga Selisih
NISP,2022-09-02,Harga Selisih
NISP,2022-09-05,Harga Selisih
NISP,2022-09-06,Harga Selisih
NISP,2022-09-07,Harga Selisih
NISP,2022-09-08,Harga Selisih
NISP,2022-09-09,Harga Selisih
NISP,2022-09-12,Harga Selisih
NISP,2022-09-13,Harga Selisih
NISP,2022-09-14,Harga Selisih
NISP,2022-09-15,Harga Selisih
NISP,2022-09-16,Harga Selisih
NISP,2022-09-19,Harga Selisih
NISP,2022-09-20,Harga Selisih
NISP,2022-09-21,Harga Selisih
NISP,2022-09-22,Harga Selisih
NISP,2022-09-23,Harga Selisih
NISP,2022-09-26,Harga Selisih
NISP,2022-09-27,Harga Selisih
NISP,2022-09-28,Harga Selisih
NISP,2022-09-29,Harga Selisih
NISP,2022-09-30,Harga Selisih
NISP,2022-10-03,Harga Selisih
NISP,2022-10-04,Harga Selisih
NISP,2022-10-05,Harga Selisih
NISP,2022-10-06,Harga Selisih
NISP,2022-10-07,Harga Selisih
NISP,2022-10-10,Harga Selisih
NISP,2022-10-11,Harga Selisih
NISP,2022-10-12,Harga Selisih
NISP,2022-10-13,Harga Selisih
NISP,2022-10-14,Harga Selisih
NISP,2022-10-17,Harga Selisih
NISP,2022-10-18,Harga Selisih
NISP,2022-10-19,Harga Selisih
NISP,2022-10-20,Harga Selisih
NISP,2022-10-21,Harga Selisih
NISP,2022-10-24,Harga Selisih
NISP,2022-10-25,Harga Selisih
NISP,2022-10-26,Harga Selisih
NISP,2022-10-27,Harga Selisih
NISP,2022-10-28,Harga Selisih
NISP,2022-10-31,Harga Selisih
NISP,2022-11-01,Harga Selisih
NISP,2022-11-02,Harga Selisih
NISP,2022-11-03,Harga Selisih
NISP,2022-11-04,Harga Selisih
NISP,2022-11-07,Harga Selisih
NISP,2022-11-08,Harga Selisih
NISP,2022-11-09,Harga Selisih
NISP,2022-11-10,Harga Selisih
NISP,2022-11-11,Harga Selisih
NISP,2022-11-14,Harga Selisih
NISP,2022-11-15,Harga Selisih
NISP,2022-11-16,Harga Selisih
NISP,2022-11-17,Harga Selisih
NISP,2022-11-18,Harga Selisih
NISP,2022-11-21,Harga Selisih
NISP,2022-11-22,Harga Selisih
NISP,2022-11-23,Harga Selisih
NISP,2022-11-24,Harga Selisih
NISP,2022-11-25,Harga Selisih
NISP,2022-11-28,Harga Selisih
NISP,2022-11-29,Harga Selisih
NISP,2022-11-30,Harga Selisih
NISP,2022-12-01,Harga Selisih
NISP,2022-12-02,Harga Selisih
NISP,2022-12-05,Harga Selisih
NISP,2022-12-06,Harga Selisih
NISP,2022-12-07,Harga Selisih
NISP,2022-12-08,Harga Selisih
NISP,2022-12-09,Harga Selisih
NISP,2022-12-12,Harga Selisih
NISP,2022-12-13,Harga Selisih
NISP,2022-12-14,Harga Selisih
NISP,2022-12-15,Harga Selisih
NISP,2022-12-16,Harga Selisih
NISP,2022-12-19,Harga Selisih
NISP,2022-12-20,Harga Selisih
NISP,2022-12-21,Harga Selisih
NISP,2022-12-22,Harga Selisih
NISP,2022-12-23,Harga Selisih
NISP,2022-12-26,Harga Selisih
NISP,2022-12-27,Harga Selisih
NISP,2022-12-28,Harga Selisih
NISP,2022-12-29,Harga Selisih
NISP,2022-12-30,Harga Selisih
NISP,2023-01-02,Harga Selisih
NISP,2023-01-03,Harga Selisih
NISP,2023-01-04,Harga Selisih
NISP,2023-01-05,Harga Selisih
NISP,2023-01-06,Harga Selisih
NISP,2023-01-09,Harga Selisih
NISP,2023-01-10,Harga Selisih
NISP,2023-01-11,Harga Selisih
NISP,2023-01-12,Harga Selisih
NISP,2023-01-13,Harga Selisih
NISP,2023-01-16,Harga Selisih
NISP,2023-01-17,Harga Selisih
NISP,2023-01-18,Harga Selisih
NISP,2023-01-19,Harga Selisih
NISP,2023-01-20,Harga Selisih
NISP,2023-01-24,Harga Selisih
NISP,2023-01-25,Harga Selisih
NISP,2023-01-26,Harga Selisih
NISP,2023-01-27,Harga Selisih
NISP,2023-01-30,Harga Selisih
NISP,2023-01-31,Harga Selisih
NISP,2023-02-01,Harga Selisih
NISP,2023-02-02,Harga Selisih
NISP,2023-02-03,Harga Selisih
NISP,2023-02-06,Harga Selisih
NISP,2023-02-07,Harga Selisih
NISP,2023-02-08,Harga Selisih
NISP,2023-02-09,Harga Selisih
NISP,2023-02-10,Harga Selisih
NISP,2023-02-13,Harga Selisih
NISP,2023-02-14,Harga Selisih
NISP,2023-02-15,Harga Selisih
NISP,2023-02-16,Harga Selisih
NISP,2023-02-17,Harga Selisih
NISP,2023-02-20,Harga Selisih
NISP,2023-02-21,Harga Selisih
NISP,2023-02-22,Harga Selisih
NISP,2023-02-23,Harga Selisih
NISP,2023-02-24,Harga Selisih
NISP,2023-02-27,Harga Selisih
NISP,2023-02-28,Harga Selisih
NISP,2023-03-01,Harga Selisih
NISP,2023-03-02,Harga Selisih
NISP,2023-03-03,Harga Selisih
NISP,2023-03-06,Harga Selisih
NISP,2023-03-07,Harga Selisih
NISP,2023-03-08,Harga Selisih
NISP,2023-03-09,Harga Selisih
NISP,2023-03-10,Harga Selisih
NISP,2023-03-13,Harga Selisih
NISP,2023-03-14,Harga Selisih
NISP,2023-03-15,Harga Selisih
NISP,2023-03-16,Harga Selisih
NISP,2023-03-17,Harga Selisih
NISP,2023-03-20,Harga Selisih
NISP,2023-03-21,Harga Selisih
NISP,2023-03-24,Harga Selisih
NISP,2023-03-27,Harga Selisih
NISP,2023-03-28,Harga Selisih
NISP,2023-03-29,Harga Selisih
NISP,2023-03-30,Harga Selisih
NISP,2023-03-31,Harga Selisih
NISP,2023-04-03,Harga Selisih
NISP,2023-04-04,Harga Selisih
NISP,2023-04-05,Harga Selisih
NISP,2023-04-06,Harga Selisih
NISP,2023-04-10,Harga Selisih
NISP,2023-04-11,Harga Selisih
NISP,2023-04-12,Harga Selisih
NISP,2023-04-13,Harga Selisih
NISP,2023-04-14,Harga Selisih
NISP,2023-04-17,Harga Selisih
NISP,2023-04-18,Harga Selisih
NISP,2023-04-26,Harga Selisih
NISP,2023-04-27,Harga Selisih
NISP,2023-04-28,Harga Selisih
NISP,2023-05-02,Harga Selisih
NISP,2023-05-03,Harga Selisih
NISP,2023-05-04,Harga Selisih
NISP,2023-05-05,Harga Selisih
NISP,2023-05-08,Harga Selisih
NISP,2023-05-09,Harga Selisih
NISP,2023-05-10,Harga Selisih
NISP,2023-05-11,Harga Selisih
NISP,2023-05-12,Harga Selisih
NISP,2023-05-15,Harga Selisih
NISP,2023-05-16,Harga Selisih
NISP,2023-05-17,Harga Selisih
NISP,2023-05-19,Harga Selisih
NISP,2023-05-22,Harga Selisih
NISP,2023-05-23,Harga Selisih
NISP,2023-05-24,Harga Selisih
NISP,2023-05-25,Harga Selisih
NISP,2023-05-26,Harga Selisih
NISP,2023-05-29,Harga Selisih
NISP,2023-05-30,Harga Selisih
NISP,2023-05-31,Harga Selisih
NISP,2023-06-05,Harga Selisih
NISP,2023-06-06,Harga Selisih
NISP,2023-06-07,Harga Selisih
NISP,2023-06-08,Harga Selisih
NISP,2023-06-09,Harga Selisih
NISP,2023-06-12,Harga Selisih
NISP,2023-06-13,Harga Selisih
NISP,2023-06-14,Harga Selisih
NISP,2023-06-15,Harga Selisih
NISP,2023-06-16,Harga Selisih
NISP,2023-06-19,Harga Selisih
NISP,2023-06-20,Harga Selisih
NISP,2023-06-21,Harga Selisih
NISP,2023-06-22,Harga Selisih
NISP,2023-06-23,Harga Selisih
NISP,2023-06-26,Harga Selisih
NISP,2023-06-27,Harga Selisih
NISP,2023-07-03,Harga Selisih
NISP,2023-07-04,Harga Selisih
NISP,2023-07-05,Harga Selisih
NISP,2023-07-06,Harga Selisih
NISP,2023-07-07,Harga Selisih
NISP,2023-07-10,Harga Selisih
NISP,2023-07-11,Harga Selisih
NISP,2023-07-12,Harga Selisih
NISP,2023-07-13,Harga Selisih
NISP,2023-07-14,Harga Selisih
NISP,2023-07-17,Harga Selisih
NISP,2023-07-18,Harga Selisih
NISP,2023-07-20,Harga Selisih
NISP,2023-07-21,Harga Selisih
NISP,2023-07-24,Harga Selisih
NISP,2023-07-25,Harga Selisih
NISP,2023-07-26,Harga Selisih
NISP,2023-07-27,Harga Selisih
NISP,2023-07-28,Harga Selisih
NISP,2023-07-31,Harga Selisih
NISP,2023-08-01,Harga Selisih
NISP,2023-08-02,Harga Selisih
NISP,2023-08-03,Harga Selisih
NISP,2023-08-04,Harga Selisih
NISP,2023-08-07,Harga Selisih
NISP,2023-08-08,Harga Selisih
NISP,2023-08-09,Harga Selisih
NISP,2023-08-10,Harga Selisih
NISP,2023-08-11,Harga Selisih
NISP,2023-08-14,Harga Selisih
NISP,2023-08-15,Harga Selisih
NISP,2023-08-16,Harga Selisih
NISP,2023-08-18,Harga Selisih
NISP,2023-08-21,Harga Selisih
NISP,2023-08-22,Harga Selisih
NISP,2023-08-23,Harga Selisih
NISP,2023-08-24,Harga Selisih
NISP,2023-08-25,Harga Selisih
NISP,2023-08-28,Harga Selisih
NISP,2023-08-29,Harga Selisih
NISP,2023-08-30,Harga Selisih
NISP,2023-08-31,Harga Selisih
NISP,2023-09-01,Harga Selisih
NISP,2023-09-04,Harga Selisih
NISP,2023-09-05,Harga Selisih
NISP,2023-09-06,Harga Selisih
NISP,2023-09-07,Harga Selisih
NISP,2023-09-08,Harga Selisih
NISP,2023-09-11,Harga Selisih
NISP,2023-09-12,Harga Selisih
NISP,2023-09-13,Harga Selisih
NISP,2023-09-14,Harga Selisih
NISP,2023-09-15,Harga Selisih
NISP,2023-09-18,Harga Selisih
NISP,2023-09-19,Harga Selisih
NISP,2023-09-20,Harga Selisih
NISP,2023-09-21,Harga Selisih
NISP,2023-09-22,Harga Selisih
NISP,2023-09-25,Harga Selisih
NISP,2023-09-26,Harga Selisih
NISP,2023-09-27,Harga Selisih
NISP,2023-09-29,Harga Selisih
NISP,2023-10-02,Harga Selisih
NISP,2023-10-03,Harga Selisih
NISP,2023-10-04,Harga Selisih
NISP,2023-10-05,Harga Selisih
NISP,2023-10-06,Harga Selisih
NISP,2023-10-09,Harga Selisih
NISP,2023-10-10,Harga Selisih
NISP,2023-10-11,Harga Selisih
NISP,2023-10-12,Harga Selisih
NISP,2023-10-13,Harga Selisih
NISP,2023-10-16,Harga Selisih
NISP,2023-10-17,Harga Selisih
NISP,2023-10-18,Harga Selisih
NISP,2023-10-19,Harga Selisih
NISP,2023-10-20,Harga Selisih
NISP,2023-10-23,Harga Selisih
NISP,2023-10-24,Harga Selisih
NISP,2023-10-25,Harga Selisih
NISP,2023-10-26,Harga Selisih
NISP,2023-10-27,Harga Selisih
NISP,2023-10-30,Harga Selisih
NISP,2023-10-31,Harga Selisih
NISP,2023-11-01,Harga Selisih
NISP,2023-11-02,Harga Selisih
NISP,2023-11-03,Harga Selisih
NISP,2023-11-06,Harga Selisih
NISP,2023-11-07,Harga Selisih
NISP,2023-11-08,Harga Selisih
NISP,2023-11-09,Harga Selisih
NISP,2023-11-10,Harga Selisih
NISP,2023-11-13,Harga Selisih
NISP,2023-11-14,Harga Selisih
NISP,2023-11-15,Harga Selisih
NISP,2023-11-16,Harga Selisih
NISP,2023-11-17,Harga Selisih
NISP,2023-11-20,Harga Selisih
NISP,2023-11-21,Harga Selisih
NISP,2023-11-22,Harga Selisih
NISP,2023-11-23,Harga Selisih
NISP,2023-11-24,Harga Selisih
NISP,2023-11-27,Harga Selisih
NISP,2023-11-28,Harga Selisih
NISP,2023-11-29,Harga Selisih
NISP,2023-11-30,Harga Selisih
NISP,2023-12-01,Harga Selisih
NISP,2023-12-04,Harga Selisih
NISP,2023-12-05,Harga Selisih
NISP,2023-12-06,Harga Selisih
NISP,2023-12-07,Harga Selisih
NISP,2023-12-08,Harga Selisih
NISP,2023-12-11,Harga Selisih
NISP,2023-12-12,Harga Selisih
NISP,2023-12-13,Harga Selisih
NISP,2023-12-14,Harga Selisih
NISP,2023-12-15,Harga Selisih
NISP,2023-12-18,Harga Selisih
NISP,2023-12-19,Harga Selisih
NISP,2023-12-20,Harga Selisih
NISP,2023-12-21,Harga Selisih
NISP,2023-12-22,Harga Selisih
NOBU,2019-12-26,Data Adjusted
NOBU,2019-12-27,Data Adjusted
NOBU,2019-12-30,Data Adjusted
NOBU,2020-01-02,Data Adjusted
NOBU,2020-01-03,Data Adjusted
NOBU,2020-01-06,Data Adjusted
NOBU,2020-01-07,Data Adjusted
NOBU,2020-01-08,Data Adjusted
NOBU,2020-01-09,Data Adjusted
NOBU,2020-01-10,Data Adjusted
NOBU,2020-01-13,Data Adjusted
NOBU,2020-01-14,Data Adjusted
NOBU,2020-01-15,Data Adjusted
NOBU,2020-01-16,Data Adjusted
NOBU,2020-01-17,Data Adjusted
NOBU,2020-01-20,Data Adjusted
NOBU,2020-01-21,Data Adjusted
NOBU,2020-01-22,Data Adjusted
NOBU,2020-01-23,Data Adjusted
NOBU,2020-01-24,Data Adjusted
NOBU,2020-01-27,Data Adjusted
NOBU,2020-01-28,Data Adjusted
NOBU,2020-01-29,Data Adjusted
NOBU,2020-01-30,Data Adjusted
NOBU,2020-01-31,Data Adjusted
NOBU,2020-02-03,Data Adjusted
NOBU,2020-02-04,Data Adjusted
NOBU,2020-02-05,Data Adjusted
NOBU,2020-02-06,Data Adjusted
NOBU,2020-02-07,Data Adjusted
NOBU,2020-02-10,Data Adjusted
NOBU,2020-02-11,Data Adjusted
NOBU,2020-02-12,Data Adjusted
NOBU,2020-02-13,Data Adjusted
NOBU,2020-02-14,Data Adjusted
NOBU,2020-02-17,Data Adjusted
NOBU,2020-02-18,Data Adjusted
NOBU,2020-02-19,Data Adjusted
NOBU,2020-02-20,Data Adjusted
NOBU,2020-02-21,Data Adjusted
NOBU,2020-02-24,Data Adjusted
NOBU,2020-02-25,Data Adjusted
NOBU,2020-02-26,Data Adjusted
NOBU,2020-02-27,Data Adjusted
NOBU,2020-02-28,Data Adjusted
NOBU,2020-03-02,Data Adjusted
NOBU,2020-03-03,Data Adjusted
NOBU,2020-03-04,Data Adjusted
NOBU,2020-03-05,Data Adjusted
NOBU,2020-03-06,Data Adjusted
NOBU,2020-03-09,Data Adjusted
NOBU,2020-03-10,Data Adjusted
NOBU,2020-03-11,Data Adjusted
NOBU,2020-03-12,Data Adjusted
NOBU,2020-03-13,Data Adjusted
NOBU,2020-03-16,Data Adjusted
NOBU,2020-03-17,Data Adjusted
NOBU,2020-03-18,Data Adjusted
NOBU,2020-03-19,Data Adjusted
NOBU,2020-03-20,Data Adjusted
NOBU,2020-03-23,Data Adjusted
NOBU,2020-03-24,Data Adjusted
NOBU,2020-03-26,Data Adjusted
NOBU,2020-03-27,Data Adjusted
NOBU,2020-03-30,Data Adjusted
NOBU,2020-03-31,Data Adjusted
NOBU,2020-04-01,Data Adjusted
NOBU,2020-04-02,Data Adjusted
NOBU,2020-04-03,Data Adjusted
NOBU,2020-04-06,Data Adjusted
NOBU,2020-04-07,Data Adjusted
NOBU,2020-04-08,Data Adjusted
NOBU,2020-04-09,Data Adjusted
NOBU,2020-04-13,Data Adjusted
NOBU,2020-04-14,Data Adjusted
NOBU,2020-04-15,Data Adjusted
NOBU,2020-04-16,Data Adjusted
NOBU,2020-04-17,Data Adjusted
NOBU,2020-04-20,Data Adjusted
NOBU,2020-04-21,Data Adjusted
NOBU,2020-04-22,Data Adjusted
NOBU,2020-04-23,Data Adjusted
NOBU,2020-04-24,Data Adjusted
NOBU,2020-04-27,Data Adjusted
NOBU,2020-04-28,Data Adjusted
NOBU,2020-04-29,Data Adjusted
NOBU,2020-04-30,Data Adjusted
NOBU,2020-05-04,Data Adjusted
NOBU,2020-05-05,Data Adjusted
NOBU,2020-05-06,Data Adjusted
NOBU,2020-05-08,Data Adjusted
NOBU,2020-05-11,Data Adjusted
NOBU,2020-05-12,Data Adjusted
NOBU,2020-05-13,Data Adjusted
NOBU,2020-05-14,Data Adjusted
NOBU,2020-05-15,Data Adjusted
NOBU,2020-05-18,Data Adjusted
NOBU,2020-05-19,Data Adjusted
NOBU,2020-05-20,Data Adjusted
NOBU,2020-05-26,Data Adjusted
NOBU,2020-05-27,Data Adjusted
NOBU,2020-05-28,Data Adjusted
NOBU,2020-05-29,Data Adjusted
NOBU,2020-06-02,Data Adjusted
NOBU,2020-06-03,Data Adjusted
NOBU,2020-06-04,Data Adjusted
NOBU,2020-06-05,Data Adjusted
NOBU,2020-06-08,Data Adjusted
NOBU,2020-06-09,Data Adjusted
NOBU,2020-06-10,Data Adjusted
NOBU,2020-06-11,Data Adjusted
NOBU,2020-06-12,Data Adjusted
NOBU,2020-06-15,Data Adjusted
NOBU,2020-06-16,Data Adjusted
NOBU,2020-06-17,Data Adjusted
NOBU,2020-06-18,Data Adjusted
NOBU,2020-06-19,Data Adjusted
NOBU,2020-06-22,Data Adjusted
NOBU,2020-06-23,Data Adjusted
NOBU,2020-06-24,Data Adjusted
NOBU,2020-06-25,Data Adjusted
NOBU,2020-06-26,Data Adjusted
NOBU,2020-06-29,Data Adjusted
NOBU,2020-06-30,Data Adjusted
NOBU,2020-07-01,Data Adjusted
NOBU,2020-07-02,Data Adjusted
NOBU,2020-07-03,Data Adjusted
NOBU,2020-07-06,Data Adjusted
NOBU,2020-07-07,Data Adjusted
NOBU,2020-07-08,Data Adjusted
NOBU,2020-07-09,Data Adjusted
NOBU,2020-07-10,Data Adjusted
NOBU,2020-07-13,Data Adjusted
NOBU,2020-07-14,Data Adjusted
NOBU,2020-07-15,Data Adjusted
NOBU,2020-07-16,Data Adjusted
NOBU,2020-07-17,Data Adjusted
NOBU,2020-07-20,Data Adjusted
NOBU,2020-07-21,Data Adjusted
NOBU,2020-07-22,Data Adjusted
NOBU,2020-07-23,Data Adjusted
NOBU,2020-07-24,Data Adjusted
NOBU,2020-07-27,Data Adjusted
NOBU,2020-07-28,Data Adjusted
NOBU,2020-07-29,Data Adjusted
NOBU,2020-07-30,Data Adjusted
NOBU,2020-08-03,Data Adjusted
NOBU,2020-08-04,Data Adjusted
NOBU,2020-08-05,Data Adjusted
NOBU,2020-08-06,Data Adjusted
NOBU,2020-08-07,Data Adjusted
NOBU,2020-08-10,Data Adjusted
NOBU,2020-08-11,Data Adjusted
NOBU,2020-08-12,Data Adjusted
NOBU,2020-08-13,Data Adjusted
NOBU,2020-08-14,Data Adjusted
NOBU,2020-08-18,Data Adjusted
NOBU,2020-08-19,Data Adjusted
NOBU,2020-08-24,Data Adjusted
NOBU,2020-08-25,Data Adjusted
NOBU,2020-08-26,Data Adjusted
NOBU,2020-08-27,Data Adjusted
NOBU,2020-08-28,Data Adjusted
NOBU,2020-08-31,Data Adjusted
NOBU,2020-09-01,Data Adjusted
NOBU,2020-09-02,Data Adjusted
NOBU,2020-09-03,Data Adjusted
NOBU,2020-09-04,Data Adjusted
NOBU,2020-09-07,Data Adjusted
NOBU,2020-09-08,Data Adjusted
NOBU,2020-09-09,Data Adjusted
NOBU,2020-09-10,Data Adjusted
NOBU,2020-09-11,Data Adjusted
NOBU,2020-09-14,Data Adjusted
NOBU,2020-09-15,Data Adjusted
NOBU,2020-09-16,Data Adjusted
NOBU,2020-09-17,Data Adjusted
NOBU,2020-09-18,Data Adjusted
NOBU,2020-09-21,Data Adjusted
NOBU,2020-09-22,Data Adjusted
NOBU,2020-09-23,Data Adjusted
NOBU,2020-09-24,Data Adjusted
NOBU,2020-09-25,Data Adjusted
NOBU,2020-09-28,Data Adjusted
NOBU,2020-09-29,Data Adjusted
NOBU,2020-09-30,Data Adjusted
NOBU,2020-10-01,Data Adjusted
NOBU,2020-10-02,Data Adjusted
NOBU,2020-10-05,Data Adjusted
NOBU,2020-10-06,Data Adjusted
NOBU,2020-10-07,Data Adjusted
NOBU,2020-10-08,Data Adjusted
NOBU,2020-10-09,Data Adjusted
NOBU,2020-10-12,Data Adjusted
NOBU,2020-10-13,Data Adjusted
NOBU,2020-10-14,Data Adjusted
NOBU,2020-10-15,Data Adjusted
NOBU,2020-10-16,Data Adjusted
NOBU,2020-10-19,Data Adjusted
NOBU,2020-10-20,Data Adjusted
NOBU,2020-10-21,Data Adjusted
NOBU,2020-10-22,Data Adjusted
NOBU,2020-10-23,Data Adjusted
NOBU,2020-10-26,Data Adjusted
NOBU,2020-10-27,Data Adjusted
NOBU,2020-11-02,Data Adjusted
NOBU,2020-11-03,Data Adjusted
NOBU,2020-11-04,Data Adjusted
NOBU,2020-11-05,Data Adjusted
NOBU,2020-11-06,Data Adjusted
NOBU,2020-11-09,Data Adjusted
NOBU,2020-11-10,Data Adjusted
NOBU,2020-11-11,Data Adjusted
NOBU,2020-11-12,Data Adjusted
NOBU,2020-11-13,Data Adjusted
NOBU,2020-11-16,Data Adjusted
NOBU,2020-11-17,Data Adjusted
NOBU,2020-11-18,Data Adjusted
NOBU,2020-11-19,Data Adjusted
NOBU,2020-11-20,Data Adjusted
NOBU,2020-11-23,Data Adjusted
NOBU,2020-11-24,Data Adjusted
NOBU,2020-11-25,Data Adjusted
NOBU,2020-11-26,Data Adjusted
NOBU,2020-11-27,Data Adjusted
NOBU,2020-11-30,Data Adjusted
NOBU,2020-12-01,Data Adjusted
NOBU,2020-12-02,Data Adjusted
NOBU,2020-12-03,Data Adjusted
NOBU,2020-12-04,Data Adjusted
NOBU,2020-12-07,Data Adjusted
NOBU,2020-12-08,Data Adjusted
NOBU,2020-12-10,Data Adjusted
NOBU,2020-12-11,Data Adjusted
NOBU,2020-12-14,Data Adjusted
NOBU,2020-12-15,Data Adjusted
NOBU,2020-12-16,Data Adjusted
NOBU,2020-12-17,Data Adjusted
NOBU,2020-12-18,Data Adjusted
NOBU,2020-12-21,Data Adjusted
NOBU,2020-12-22,Data Adjusted
NOBU,2020-12-23,Data Adjusted
NOBU,2020-12-28,Data Adjusted
NOBU,2020-12-29,Data Adjusted
NOBU,2020-12-30,Data Adjusted
NOBU,2021-01-04,Data Adjusted
NOBU,2021-01-05,Data Adjusted
NOBU,2021-01-06,Data Adjusted
NOBU,2021-01-07,Data Adjusted
NOBU,2021-01-08,Data Adjusted
NOBU,2021-01-11,Data Adjusted
NOBU,2021-01-12,Data Adjusted
NOBU,2021-01-13,Data Adjusted
NOBU,2021-01-14,Data Adjusted
NOBU,2021-01-15,Data Adjusted
NOBU,2021-01-18,Data Adjusted
NOBU,2021-01-19,Data Adjusted
NOBU,2021-01-20,Data Adjusted
NOBU,2021-01-21,Data Adjusted
NOBU,2021-01-22,Data Adjusted
NOBU,2021-01-25,Data Adjusted
NOBU,2021-01-26,Data Adjusted
NOBU,2021-01-27,Data Adjusted
NOBU,2021-01-28,Data Adjusted
NOBU,2021-01-29,Data Adjusted
NOBU,2021-02-01,Data Adjusted
NOBU,2021-02-02,Data Adjusted
NOBU,2021-02-03,Data Adjusted
NOBU,2021-02-04,Data Adjusted
NOBU,2021-02-05,Data Adjusted
NOBU,2021-02-08,Data Adjusted
NOBU,2021-02-09,Data Adjusted
NOBU,2021-02-10,Data Adjusted
NOBU,2021-02-11,Data Adjusted
NOBU,2021-02-15,Data Adjusted
NOBU,2021-02-16,Data Adjusted
NOBU,2021-02-17,Data Adjusted
NOBU,2021-02-18,Data Adjusted
NOBU,2021-02-19,Data Adjusted
NOBU,2021-02-22,Data Adjusted
NOBU,2021-02-23,Data Adjusted
NOBU,2021-02-24,Data Adjusted
NOBU,2021-02-25,Data Adjusted
NOBU,2021-02-26,Data Adjusted
NOBU,2021-03-01,Data Adjusted
NOBU,2021-03-02,Data Adjusted
NOBU,2021-03-03,Data Adjusted
NOBU,2021-03-04,Data Adjusted
NOBU,2021-03-05,Data Adjusted
NOBU,2021-03-08,Data Adjusted
NOBU,2021-03-09,Data Adjusted
NOBU,2021-03-10,Data Adjusted
NOBU,2021-03-12,Data Adjusted
NOBU,2021-03-15,Data Adjusted
NOBU,2021-03-16,Data Adjusted
NOBU,2021-03-17,Data Adjusted
NOBU,2021-03-18,Data Adjusted
NOBU,2021-03-19,Data Adjusted
NOBU,2021-03-22,Data Adjusted
NOBU,2021-03-23,Data Adjusted
NOBU,2021-03-24,Data Adjusted
NOBU,2021-03-25,Data Adjusted
NOBU,2021-03-26,Data Adjusted
NOBU,2021-03-29,Data Adjusted
NOBU,2021-03-30,Data Adjusted
NOBU,2021-03-31,Data Adjusted
NOBU,2021-04-01,Data Adjusted
NOBU,2021-04-05,Data Adjusted
NOBU,2021-04-06,Data Adjusted
NOBU,2021-04-07,Data Adjusted
NOBU,2021-04-08,Data Adjusted
NOBU,2021-04-09,Data Adjusted
NOBU,2021-04-12,Data Adjusted
NOBU,2021-04-13,Data Adjusted
NOBU,2021-04-14,Data Adjusted
NOBU,2021-04-15,Data Adjusted
NOBU,2021-04-16,Data Adjusted
NOBU,2021-04-19,Data Adjusted
NOBU,2021-04-20,Data Adjusted
NOBU,2021-04-21,Data Adjusted
NOBU,2021-04-22,Data Adjusted
NOBU,2021-04-23,Data Adjusted
NOBU,2021-04-26,Data Adjusted
NOBU,2021-04-27,Data Adjusted
NOBU,2021-04-28,Data Adjusted
NOBU,2021-04-29,Data Adjusted
NOBU,2021-04-30,Data Adjusted
NOBU,2021-05-03,Data Adjusted
NOBU,2021-05-04,Data Adjusted
NOBU,2021-05-05,Data Adjusted
NOBU,2021-05-06,Data Adjusted
NOBU,2021-05-07,Data Adjusted
NOBU,2021-05-10,Data Adjusted
NOBU,2021-05-11,Data Adjusted
NOBU,2021-05-17,Data Adjusted
NOBU,2021-05-18,Data Adjusted
NOBU,2021-05-19,Data Adjusted
NOBU,2021-05-20,Data Adjusted
NOBU,2021-05-21,Data Adjusted
NOBU,2021-05-24,Data Adjusted
NOBU,2021-05-25,Data Adjusted
NOBU,2021-05-27,Data Adjusted
NOBU,2021-05-28,Data Adjusted
NOBU,2021-05-31,Data Adjusted
NOBU,2021-06-02,Data Adjusted
NOBU,2021-06-03,Data Adjusted
NOBU,2021-06-04,Data Adjusted
NOBU,2021-06-07,Data Adjusted
NOBU,2021-06-08,Data Adjusted
NOBU,2021-06-09,Data Adjusted
NOBU,2021-06-10,Data Adjusted
NOBU,2021-06-11,Data Adjusted
NOBU,2021-06-14,Data Adjusted
NOBU,2021-06-15,Data Adjusted
NOBU,2021-06-16,Data Adjusted
NOBU,2021-06-17,Data Adjusted
NOBU,2021-06-18,Data Adjusted
NOBU,2021-06-21,Data Adjusted
NOBU,2021-06-22,Data Adjusted
NOBU,2021-06-23,Data Adjusted
NOBU,2021-06-24,Data Adjusted
NOBU,2021-06-25,Data Adjusted
NOBU,2021-06-28,Data Adjusted
NOBU,2021-06-29,Data Adjusted
NOBU,2021-06-30,Data Adjusted
NOBU,2021-07-01,Data Adjusted
NOBU,2021-07-02,Data Adjusted
NOBU,2021-07-05,Data Adjusted
NOBU,2021-07-06,Data Adjusted
NOBU,2021-07-07,Data Adjusted
NOBU,2021-07-08,Data Adjusted
NOBU,2021-07-09,Data Adjusted
NOBU,2021-07-12,Data Adjusted
NOBU,2021-07-13,Data Adjusted
NOBU,2021-07-14,Data Adjusted
NOBU,2021-07-15,Data Adjusted
NOBU,2021-07-16,Data Adjusted
NOBU,2021-07-19,Data Adjusted
NOBU,2021-07-21,Data Adjusted
NOBU,2021-07-22,Data Adjusted
NOBU,2021-07-23,Data Adjusted
NOBU,2021-07-26,Data Adjusted
NOBU,2021-07-27,Data Adjusted
NOBU,2021-07-28,Data Adjusted
NOBU,2021-07-29,Data Adjusted
NOBU,2021-07-30,Data Adjusted
NOBU,2021-08-02,Data Adjusted
NOBU,2021-08-03,Data Adjusted
NOBU,2021-08-04,Data Adjusted
NOBU,2021-08-05,Data Adjusted
NOBU,2021-08-06,Data Adjusted
NOBU,2021-08-09,Data Adjusted
NOBU,2021-08-10,Data Adjusted
NOBU,2021-08-12,Data Adjusted
NOBU,2021-08-13,Data Adjusted
NOBU,2021-08-16,Data Adjusted
NOBU,2021-08-18,Data Adjusted
NOBU,2021-08-19,Data Adjusted
NOBU,2021-08-20,Data Adjusted
NOBU,2021-08-23,Data Adjusted
NOBU,2021-08-24,Data Adjusted
NOBU,2021-08-25,Data Adjusted
NOBU,2021-08-26,Data Adjusted
NOBU,2021-08-27,Data Adjusted
NOBU,2021-08-30,Data Adjusted
NOBU,2021-08-31,Data Adjusted
NOBU,2021-09-01,Data Adjusted
NOBU,2021-09-02,Data Adjusted
NOBU,2021-09-03,Data Adjusted
NOBU,2021-09-06,Data Adjusted
NOBU,2021-09-07,Data Adjusted
NOBU,2021-09-08,Data Adjusted
NOBU,2021-09-09,Data Adjusted
NOBU,2021-09-10,Data Adjusted
NOBU,2021-09-13,Data Adjusted
NOBU,2021-09-14,Data Adjusted
NOBU,2021-09-15,Data Adjusted
NOBU,2021-09-16,Data Adjusted
NOBU,2021-09-17,Data Adjusted
NOBU,2021-09-20,Data Adjusted
NOBU,2021-09-21,Data Adjusted
NOBU,2021-09-22,Data Adjusted
NOBU,2021-09-23,Data Adjusted
NOBU,2021-09-24,Data Adjusted
NOBU,2021-09-27,Data Adjusted
NOBU,2021-09-28,Data Adjusted
NOBU,2021-09-29,Data Adjusted
NOBU,2021-09-30,Data Adjusted
NOBU,2021-10-01,Data Adjusted
NOBU,2021-10-04,Data Adjusted
NOBU,2021-10-05,Data Adjusted
NOBU,2021-10-06,Data Adjusted
NOBU,2021-10-07,Data Adjusted
NOBU,2021-10-08,Data Adjusted
NOBU,2021-10-11,Data Adjusted
NOBU,2021-10-12,Data Adjusted
NOBU,2021-10-13,Data Adjusted
NOBU,2021-10-14,Data Adjusted
NOBU,2021-10-15,Data Adjusted
NOBU,2021-10-18,Data Adjusted
NOBU,2021-10-19,Data Adjusted
NOBU,2021-10-21,Data Adjusted
NOBU,2021-10-22,Data Adjusted
NOBU,2021-10-25,Data Adjusted
NOBU,2021-10-26,Data Adjusted
NOBU,2021-10-27,Data Adjusted
NOBU,2021-10-28,Data Adjusted
NOBU,2021-10-29,Data Adjusted
NOBU,2021-11-01,Data Adjusted
NOBU,2021-11-02,Data Adjusted
NOBU,2021-11-03,Data Adjusted
NOBU,2021-11-04,Data Adjusted
NOBU,2021-11-05,Data Adjusted
NOBU,2021-11-08,Data Adjusted
NOBU,2021-11-09,Data Adjusted
NOBU,2021-11-10,Data Adjusted
NOBU,2021-11-11,Data Adjusted
NOBU,2021-11-12,Data Adjusted
NOBU,2021-11-15,Data Adjusted
NOBU,2021-11-16,Data Adjusted
NOBU,2021-11-17,Data Adjusted
NOBU,2021-11-18,Data Adjusted
NOBU,2021-11-19,Data Adjusted
NOBU,2021-11-22,Data Adjusted
NOBU,2021-11-23,Data Adjusted
NOBU,2021-11-24,Data Adjusted
NOBU,2021-11-25,Data Adjusted
NOBU,2021-11-26,Data Adjusted
NOBU,2021-11-29,Data Adjusted
NOBU,2021-11-30,Data Adjusted
NOBU,2021-12-01,Data Adjusted
NOBU,2021-12-02,Data Adjusted
NOBU,2021-12-03,Data Adjusted
NOBU,2021-12-06,Data Adjusted
NOBU,2021-12-07,Data Adjusted
NOBU,2021-12-08,Data Adjusted
NOBU,2021-12-09,Data Adjusted
NOBU,2021-12-10,Data Adjusted
NOBU,2021-12-13,Data Adjusted
NOBU,2021-12-14,Data Adjusted
NOBU,2021-12-15,Data Adjusted
NOBU,2021-12-16,Data Adjusted
NOBU,2021-12-17,Data Adjusted
NOBU,2021-12-20,Data Adjusted
NOBU,2021-12-21,Data Adjusted
NOBU,2021-12-22,Data Adjusted
NOBU,2021-12-23,Data Adjusted
NOBU,2021-12-24,Data Adjusted
NOBU,2021-12-27,Data Adjusted
NOBU,2021-12-28,Data Adjusted
NOBU,2021-12-29,Data Adjusted
NOBU,2021-12-30,Data Adjusted
NOBU,2022-01-03,Data Adjusted
NOBU,2022-01-04,Data Adjusted
NOBU,2022-01-05,Data Adjusted
NOBU,2022-01-06,Data Adjusted
NOBU,2022-01-07,Data Adjusted
NOBU,2022-01-10,Data Adjusted
NOBU,2022-01-11,Data Adjusted
NOBU,2022-01-12,Data Adjusted
NOBU,2022-01-13,Data Adjusted
NOBU,2022-01-14,Data Adjusted
NOBU,2022-01-17,Data Adjusted
NOBU,2022-01-18,Data Adjusted
NOBU,2022-01-19,Data Adjusted
NOBU,2022-01-20,Data Adjusted
NOBU,2022-01-21,Data Adjusted
NOBU,2022-01-24,Data Adjusted
NOBU,2022-01-25,Data Adjusted
NOBU,2022-01-26,Data Adjusted
NOBU,2022-01-27,Data Adjusted
NOBU,2022-01-28,Data Adjusted
NOBU,2022-01-31,Data Adjusted
NOBU,2022-02-02,Data Adjusted
NOBU,2022-02-03,Data Adjusted
NOBU,2022-02-04,Data Adjusted
NOBU,2022-02-07,Data Adjusted
NOBU,2022-02-08,Data Adjusted
NOBU,2022-02-09,Data Adjusted
NOBU,2022-02-10,Data Adjusted
NOBU,2022-02-11,Data Adjusted
NOBU,2022-02-14,Data Adjusted
NOBU,2022-02-15,Data Adjusted
NOBU,2022-02-16,Data Adjusted
NOBU,2022-02-17,Data Adjusted
NOBU,2022-02-18,Data Adjusted
NOBU,2022-02-21,Data Adjusted
NOBU,2022-02-22,Data Adjusted
NOBU,2022-02-23,Data Adjusted
NOBU,2022-02-24,Data Adjusted
NOBU,2022-02-25,Data Adjusted
NOBU,2022-03-01,Data Adjusted
NOBU,2022-03-02,Data Adjusted
NOBU,2022-03-04,Data Adjusted
NOBU,2022-03-07,Data Adjusted
NOBU,2022-03-08,Data Adjusted
NOBU,2022-03-09,Data Adjusted
NOBU,2022-03-10,Data Adjusted
NOBU,2022-03-11,Data Adjusted
NOBU,2022-03-14,Data Adjusted
NOBU,2022-03-15,Data Adjusted
NOBU,2022-03-16,Data Adjusted
NOBU,2022-03-17,Data Adjusted
NOBU,2022-03-18,Data Adjusted
NOBU,2022-03-21,Data Adjusted
NOBU,2022-03-22,Data Adjusted
NOBU,2022-03-23,Data Adjusted
NOBU,2022-03-24,Data Adjusted
NOBU,2022-03-25,Data Adjusted
NOBU,2022-03-28,Data Adjusted
NOBU,2022-03-29,Data Adjusted
NOBU,2022-03-30,Data Adjusted
NOBU,2022-03-31,Data Adjusted
NOBU,2022-04-01,Data Adjusted
NOBU,2022-04-04,Data Adjusted
NOBU,2022-04-05,Data Adjusted
NOBU,2022-04-06,Data Adjusted
NOBU,2022-04-07,Data Adjusted
NOBU,2022-04-08,Data Adjusted
NOBU,2022-04-11,Data Adjusted
NOBU,2022-04-12,Data Adjusted
NOBU,2022-04-13,Data Adjusted
NOBU,2022-04-14,Data Adjusted
NOBU,2022-04-18,Data Adjusted
NOBU,2022-04-19,Data Adjusted
NOBU,2022-04-20,Data Adjusted
NOBU,2022-04-21,Data Adjusted
NOBU,2022-04-22,Data Adjusted
NOBU,2022-04-25,Data Adjusted
NOBU,2022-04-26,Data Adjusted
NOBU,2022-04-27,Data Adjusted
NOBU,2022-04-28,Data Adjusted
NOBU,2022-05-09,Data Adjusted
NOBU,2022-05-10,Data Adjusted
NOBU,2022-05-11,Data Adjusted
NOBU,2022-05-12,Data Adjusted
NOBU,2022-05-13,Data Adjusted
NOBU,2022-05-17,Data Adjusted
NOBU,2022-05-18,Data Adjusted
NOBU,2022-05-19,Data Adjusted
NOBU,2022-05-20,Data Adjusted
NOBU,2022-05-23,Data Adjusted
NOBU,2022-05-24,Data Adjusted
NOBU,2022-05-25,Data Adjusted
NOBU,2022-05-27,Data Adjusted
NOBU,2022-05-30,Data Adjusted
NOBU,2022-05-31,Data Adjusted
NOBU,2022-06-02,Data Adjusted
NOBU,2022-06-03,Data Adjusted
NOBU,2022-06-06,Data Adjusted
NOBU,2022-06-07,Data Adjusted
NOBU,2022-06-08,Data Adjusted
NOBU,2022-06-09,Data Adjusted
NOBU,2022-06-10,Data Adjusted
NOBU,2022-06-13,Data Adjusted
NOBU,2022-06-14,Data Adjusted
NOBU,2022-06-15,Data Adjusted
NOBU,2022-06-16,Data Adjusted
NOBU,2022-06-17,Data Adjusted
NOBU,2022-06-20,Data Adjusted
NOBU,2022-06-21,Data Adjusted
NOBU,2022-06-22,Data Adjusted
NOBU,2022-06-23,Data Adjusted
NOBU,2022-06-24,Data Adjusted
NOBU,2022-06-27,Data Adjusted
NOBU,2022-06-28,Data Adjusted
NOBU,2022-06-29,Data Adjusted
NOBU,2022-06-30,Data Adjusted
NOBU,2022-07-01,Data Adjusted
NOBU,2022-07-04,Data Adjusted
NOBU,2022-07-05,Data Adjusted
NOBU,2022-07-06,Data Adjusted
NOBU,2022-07-07,Data Adjusted
NOBU,2022-07-08,Data Adjusted
NOBU,2022-07-11,Data Adjusted
NOBU,2022-07-12,Data Adjusted
NOBU,2022-07-13,Data Adjusted
NOBU,2022-07-14,Data Adjusted
NOBU,2022-07-15,Data Adjusted
NOBU,2022-07-18,Data Adjusted
NOBU,2022-07-19,Data Adjusted
NOBU,2022-07-20,Data Adjusted
NOBU,2022-07-21,Data Adjusted
NOBU,2022-07-22,Data Adjusted
NOBU,2022-07-25,Data Adjusted
NOBU,2022-07-26,Data Adjusted
NOBU,2022-07-27,Data Adjusted
NOBU,2022-07-28,Data Adjusted
NOBU,2022-07-29,Data Adjusted
NOBU,2022-08-01,Data Adjusted
NOBU,2022-08-02,Data Adjusted
NOBU,2022-08-03,Data Adjusted
NOBU,2022-08-04,Data Adjusted
NOBU,2022-08-05,Data Adjusted
NOBU,2022-08-08,Data Adjusted
NOBU,2022-08-09,Data Adjusted
NOBU,2022-08-10,Data Adjusted
NOBU,2022-08-11,Data Adjusted
NOBU,2022-08-12,Data Adjusted
NOBU,2022-08-15,Data Adjusted
NOBU,2022-08-16,Data Adjusted
NOBU,2022-08-18,Data Adjusted
NOBU,2022-08-19,Data Adjusted
NOBU,2022-08-22,Data Adjusted
NOBU,2022-08-23,Data Adjusted
NOBU,2022-08-24,Data Adjusted
NOBU,2022-08-25,Data Adjusted
NOBU,2022-08-26,Data Adjusted
NOBU,2022-08-29,Data Adjusted
NOBU,2022-08-30,Data Adjusted
NOBU,2022-08-31,Data Adjusted
NOBU,2022-09-01,Data Adjusted
NOBU,2022-09-02,Data Adjusted
NOBU,2022-09-05,Data Adjusted
NOBU,2022-09-06,Data Adjusted
NOBU,2022-09-07,Data Adjusted
NOBU,2022-09-08,Data Adjusted
NOBU,2022-09-09,Data Adjusted
NOBU,2022-09-12,Data Adjusted
NOBU,2022-09-13,Data Adjusted
NOBU,2022-09-14,Data Adjusted
NOBU,2022-09-15,Data Adjusted
NOBU,2022-09-16,Data Adjusted
NOBU,2022-09-19,Data Adjusted
NOBU,2022-09-20,Data Adjusted
NOBU,2022-09-21,Data Adjusted
NOBU,2022-09-22,Data Adjusted
NOBU,2022-09-23,Data Adjusted
NOBU,2022-09-26,Data Adjusted
NOBU,2022-09-27,Data Adjusted
NOBU,2022-09-28,Data Adjusted
NOBU,2022-09-29,Data Adjusted
NOBU,2022-09-30,Data Adjusted
NOBU,2022-10-03,Data Adjusted
NOBU,2022-10-04,Data Adjusted
NOBU,2022-10-05,Data Adjusted
NOBU,2022-10-06,Data Adjusted
NOBU,2022-10-07,Data Adjusted
NOBU,2022-10-10,Data Adjusted
NOBU,2022-10-11,Data Adjusted
NOBU,2022-10-12,Data Adjusted
NOBU,2022-10-13,Data Adjusted
NOBU,2022-10-14,Data Adjusted
NOBU,2022-10-17,Data Adjusted
NOBU,2022-10-18,Data Adjusted
NOBU,2022-10-19,Data Adjusted
NOBU,2022-10-20,Data Adjusted
NOBU,2022-10-21,Data Adjusted
NOBU,2022-10-24,Data Adjusted
NOBU,2022-10-25,Data Adjusted
NOBU,2022-10-26,Data Adjusted
NOBU,2022-10-27,Data Adjusted
NOBU,2022-10-28,Data Adjusted
NOBU,2022-10-31,Data Adjusted
NOBU,2022-11-01,Data Adjusted
NOBU,2022-11-02,Data Adjusted
NOBU,2022-11-03,Data Adjusted
NOBU,2022-11-04,Data Adjusted
NOBU,2022-11-07,Data Adjusted
NOBU,2022-11-08,Data Adjusted
NOBU,2022-11-09,Data Adjusted
NOBU,2022-11-10,Data Adjusted
NOBU,2022-11-11,Data Adjusted
NOBU,2022-11-14,Data Adjusted
NOBU,2022-11-15,Data Adjusted
NOBU,2022-11-16,Data Adjusted
NOBU,2022-11-17,Data Adjusted
NOBU,2022-11-18,Data Adjusted
NOBU,2022-11-21,Data Adjusted
NOBU,2022-11-22,Data Adjusted
NOBU,2022-11-23,Data Adjusted
NOBU,2022-11-24,Data Adjusted
NOBU,2022-11-25,Data Adjusted
NOBU,2022-11-28,Data Adjusted
NOBU,2022-11-29,Data Adjusted
NOBU,2022-11-30,Data Adjusted
NOBU,2022-12-01,Data Adjusted
NOBU,2022-12-02,Data Adjusted
NOBU,2022-12-05,Data Adjusted
NOBU,2022-12-06,Data Adjusted
NOBU,2022-12-07,Data Adjusted
NOBU,2022-12-08,Data Adjusted
NOBU,2022-12-09,Data Adjusted
NOBU,2022-12-12,Data Adjusted
NOBU,2022-12-13,Data Adjusted
NOBU,2022-12-14,Data Adjusted
NOBU,2022-12-15,Data Adjusted
NOBU,2022-12-16,Data Adjusted
NOBU,2022-12-19,Data Adjusted
NOBU,2022-12-20,Data Adjusted
NOBU,2022-12-21,Data Adjusted
NOBU,2022-12-22,Data Adjusted
NOBU,2022-12-23,Data Adjusted
NOBU,2022-12-26,Data Adjusted
NOBU,2022-12-27,Data Adjusted
NOBU,2022-12-28,Data Adjusted
NOBU,2022-12-29,Data Adjusted
NOBU,2022-12-30,Data Adjusted
NOBU,2023-01-02,Data Adjusted
NOBU,2023-01-03,Data Adjusted
NOBU,2023-01-04,Data Adjusted
NOBU,2023-01-05,Data Adjusted
NOBU,2023-01-06,Data Adjusted
NOBU,2023-01-09,Data Adjusted
NOBU,2023-01-10,Data Adjusted
NOBU,2023-01-11,Data Adjusted
NOBU,2023-01-12,Data Adjusted
NOBU,2023-01-13,Data Adjusted
NOBU,2023-01-16,Data Adjusted
NOBU,2023-01-17,Data Adjusted
NOBU,2023-01-18,Data Adjusted
NOBU,2023-01-19,Data Adjusted
NOBU,2023-01-20,Data Adjusted
NOBU,2023-01-24,Data Adjusted
NOBU,2023-01-25,Data Adjusted
NOBU,2023-01-26,Data Adjusted
NOBU,2023-01-27,Data Adjusted
NOBU,2023-01-30,Data Adjusted
NOBU,2023-01-31,Data Adjusted
NOBU,2023-02-01,Data Adjusted
NOBU,2023-02-02,Data Adjusted
NOBU,2023-02-03,Data Adjusted
NOBU,2023-02-06,Data Adjusted
NOBU,2023-02-07,Data Adjusted
NOBU,2023-02-08,Data Adjusted
NOBU,2023-02-09,Data Adjusted
NOBU,2023-02-10,Data Adjusted
NOBU,2023-02-13,Data Adjusted
NOBU,2023-02-14,Data Adjusted
NOBU,2023-02-15,Data Adjusted
NOBU,2023-02-16,Data Adjusted
NOBU,2023-02-17,Data Adjusted
NOBU,2023-02-20,Data Adjusted
NOBU,2023-02-21,Data Adjusted
NOBU,2023-02-22,Data Adjusted
NOBU,2023-02-23,Data Adjusted
NOBU,2023-02-24,Data Adjusted
NOBU,2023-02-27,Data Adjusted
NOBU,2023-02-28,Data Adjusted
NOBU,2023-03-01,Data Adjusted
NOBU,2023-03-02,Data Adjusted
NOBU,2023-03-03,Data Adjusted
NOBU,2023-03-06,Data Adjusted
NOBU,2023-03-07,Data Adjusted
NOBU,2023-03-08,Data Adjusted
NOBU,2023-03-09,Data Adjusted
NOBU,2023-03-10,Data Adjusted
NOBU,2023-03-13,Data Adjusted
NOBU,2023-03-14,Data Adjusted
NOBU,2023-03-15,Data Adjusted
NOBU,2023-03-16,Data Adjusted
NOBU,2023-03-17,Data Adjusted
NOBU,2023-03-20,Data Adjusted
NOBU,2023-03-21,Data Adjusted
NOBU,2023-03-24,Data Adjusted
NOBU,2023-03-27,Data Adjusted
NOBU,2023-03-28,Data Adjusted
NOBU,2023-03-29,Data Adjusted
NOBU,2023-03-30,Data Adjusted
NOBU,2023-03-31,Data Adjusted
NOBU,2023-04-03,Data Adjusted
NOBU,2023-04-04,Data Adjusted
NOBU,2023-04-05,Data Adjusted
NOBU,2023-04-06,Data Adjusted
NOBU,2023-04-10,Data Adjusted
NOBU,2023-04-11,Data Adjusted
NOBU,2023-04-12,Data Adjusted
NOBU,2023-04-13,Data Adjusted
NOBU,2023-04-14,Data Adjusted
NOBU,2023-04-17,Data Adjusted
NOBU,2023-04-18,Data Adjusted
NOBU,2023-04-26,Data Adjusted
NOBU,2023-04-27,Data Adjusted
NOBU,2023-04-28,Data Adjusted
NOBU,2023-05-02,Data Adjusted
NOBU,2023-05-03,Data Adjusted
NOBU,2023-05-04,Data Adjusted
NOBU,2023-05-05,Data Adjusted
NOBU,2023-05-08,Data Adjusted
NOBU,2023-05-09,Data Adjusted
NOBU,2023-05-10,Data Adjusted
NOBU,2023-05-11,Data Adjusted
NOBU,2023-05-12,Data Adjusted
NOBU,2023-05-15,Data Adjusted
NOBU,2023-05-16,Data Adjusted
NOBU,2023-05-17,Data Adjusted
NOBU,2023-05-19,Data Adjusted
NOBU,2023-05-22,Data Adjusted
NOBU,2023-05-23,Data Adjusted
NOBU,2023-05-24,Data Adjusted
NOBU,2023-05-25,Data Adjusted
NOBU,2023-05-26,Data Adjusted
NOBU,2023-05-29,Data Adjusted
NOBU,2023-05-30,Data Adjusted
NOBU,2023-05-31,Data Adjusted
NOBU,2023-06-05,Data Adjusted
NOBU,2023-06-06,Data Adjusted
NOBU,2023-06-07,Data Adjusted
NOBU,2023-06-08,Data Adjusted
NOBU,2023-06-09,Data Adjusted
NOBU,2023-06-12,Data Adjusted
NOBU,2023-06-13,Data Adjusted
NOBU,2023-06-14,Data Adjusted
NOBU,2023-06-15,Data Adjusted
NOBU,2023-06-16,Data Adjusted
NOBU,2023-06-19,Data Adjusted
NOBU,2023-06-20,Data Adjusted
NOBU,2023-06-21,Data Adjusted
NOBU,2023-06-22,Data Adjusted
NOBU,2023-06-23,Data Adjusted
NOBU,2023-06-26,Data Adjusted
NOBU,2023-06-27,Data Adjusted
NOBU,2023-07-03,Data Adjusted
NOBU,2023-07-04,Data Adjusted
NOBU,2023-07-05,Data Adjusted
NOBU,2023-07-06,Data Adjusted
NOBU,2023-07-07,Data Adjusted
NOBU,2023-07-10,Data Adjusted
NOBU,2023-07-11,Data Adjusted
NOBU,2023-07-12,Data Adjusted
NOBU,2023-07-13,Data Adjusted
NOBU,2023-07-14,Data Adjusted
NOBU,2023-07-17,Data Adjusted
NOBU,2023-07-18,Data Adjusted
NOBU,2023-07-20,Data Adjusted
NOBU,2023-07-21,Data Adjusted
NOBU,2023-07-24,Data Adjusted
NOBU,2023-07-25,Data Adjusted
NOBU,2023-07-26,Data Adjusted
NOBU,2023-07-27,Data Adjusted
NOBU,2023-07-28,Data Adjusted
NOBU,2023-07-31,Data Adjusted
NOBU,2023-08-01,Data Adjusted
NOBU,2023-08-02,Data Adjusted
NOBU,2023-08-03,Data Adjusted
NOBU,2023-08-04,Data Adjusted
NOBU,2023-08-07,Data Adjusted
PNBN,2019-12-26,Harga Selisih
PNBN,2019-12-27,Harga Selisih
PNBN,2019-12-30,Harga Selisih
PNBN,2020-01-02,Harga Selisih
PNBN,2020-01-03,Harga Selisih
PNBN,2020-01-06,Harga Selisih
PNBN,2020-01-07,Harga Selisih
PNBN,2020-01-08,Harga Selisih
PNBN,2020-01-09,Harga Selisih
PNBN,2020-01-10,Harga Selisih
PNBN,2020-01-13,Harga Selisih
PNBN,2020-01-14,Harga Selisih
PNBN,2020-01-15,Harga Selisih
PNBN,2020-01-16,Harga Selisih
PNBN,2020-01-17,Harga Selisih
PNBN,2020-01-20,Harga Selisih
PNBN,2020-01-21,Harga Selisih
PNBN,2020-01-22,Harga Selisih
PNBN,2020-01-23,Harga Selisih
PNBN,2020-01-24,Harga Selisih
PNBN,2020-01-27,Harga Selisih
PNBN,2020-01-28,Harga Selisih
PNBN,2020-01-29,Harga Selisih
PNBN,2020-01-30,Harga Selisih
PNBN,2020-01-31,Harga Selisih
PNBN,2020-02-03,Harga Selisih
PNBN,2020-02-04,Harga Selisih
PNBN,2020-02-05,Harga Selisih
PNBN,2020-02-06,Harga Selisih
PNBN,2020-02-07,Harga Selisih
PNBN,2020-02-10,Harga Selisih
PNBN,2020-02-11,Harga Selisih
PNBN,2020-02-12,Harga Selisih
PNBN,2020-02-13,Harga Selisih
PNBN,2020-02-14,Harga Selisih
PNBN,2020-02-17,Harga Selisih
PNBN,2020-02-18,Harga Selisih
PNBN,2020-02-19,Harga Selisih
PNBN,2020-02-20,Harga Selisih
PNBN,2020-02-21,Harga Selisih
PNBN,2020-02-24,Harga Selisih
PNBN,2020-02-25,Harga Selisih
PNBN,2020-02-26,Harga Selisih
PNBN,2020-02-27,Harga Selisih
PNBN,2020-02-28,Harga Selisih
PNBN,2020-03-02,Harga Selisih
PNBN,2020-03-03,Harga Selisih
PNBN,2020-03-04,Harga Selisih
PNBN,2020-03-05,Harga Selisih
PNBN,2020-03-06,Harga Selisih
PNBN,2020-03-09,Harga Selisih
PNBN,2020-03-10,Harga Selisih
PNBN,2020-03-11,Harga Selisih
PNBN,2020-03-12,Harga Selisih
PNBN,2020-03-13,Harga Selisih
PNBN,2020-03-16,Harga Selisih
PNBN,2020-03-17,Harga Selisih
PNBN,2020-03-18,Harga Selisih
PNBN,2020-03-19,Harga Selisih
PNBN,2020-03-20,Harga Selisih
PNBN,2020-03-23,Harga Selisih
PNBN,2020-03-24,Harga Selisih
PNBN,2020-03-26,Harga Selisih
PNBN,2020-03-27,Harga Selisih
PNBN,2020-03-30,Harga Selisih
PNBN,2020-03-31,Harga Selisih
PNBN,2020-04-01,Harga Selisih
PNBN,2020-04-02,Harga Selisih
PNBN,2020-04-03,Harga Selisih
PNBN,2020-04-06,Harga Selisih
PNBN,2020-04-07,Harga Selisih
PNBN,2020-04-08,Harga Selisih
PNBN,2020-04-09,Harga Selisih
PNBN,2020-04-13,Harga Selisih
PNBN,2020-04-14,Harga Selisih
PNBN,2020-04-15,Harga Selisih
PNBN,2020-04-16,Harga Selisih
PNBN,2020-04-17,Harga Selisih
PNBN,2020-04-20,Harga Selisih
PNBN,2020-04-21,Harga Selisih
PNBN,2020-04-22,Harga Selisih
PNBN,2020-04-23,Harga Selisih
PNBN,2020-04-24,Harga Selisih
PNBN,2020-04-27,Harga Selisih
PNBN,2020-04-28,Harga Selisih
PNBN,2020-04-29,Harga Selisih
PNBN,2020-04-30,Harga Selisih
PNBN,2020-05-04,Harga Selisih
PNBN,2020-05-05,Harga Selisih
PNBN,2020-05-06,Harga Selisih
PNBN,2020-05-08,Harga Selisih
PNBN,2020-05-11,Harga Selisih
PNBN,2020-05-12,Harga Selisih
PNBN,2020-05-13,Harga Selisih
PNBN,2020-05-14,Harga Selisih
PNBN,2020-05-15,Harga Selisih
PNBN,2020-05-18,Harga Selisih
PNBN,2020-05-19,Harga Selisih
PNBN,2020-05-20,Harga Selisih
PNBN,2020-05-26,Harga Selisih
PNBN,2020-05-27,Harga Selisih
PNBN,2020-05-28,Harga Selisih
PNBN,2020-05-29,Harga Selisih
PNBN,2020-06-02,Harga Selisih
PNBN,2020-06-03,Harga Selisih
PNBN,2020-06-04,Harga Selisih
PNBN,2020-06-05,Harga Selisih
PNBN,2020-06-08,Harga Selisih
PNBN,2020-06-09,Harga Selisih
PNBN,2020-06-10,Harga Selisih
PNBN,2020-06-11,Harga Selisih
PNBN,2020-06-12,Harga Selisih
PNBN,2020-06-15,Harga Selisih
PNBN,2020-06-16,Harga Selisih
PNBN,2020-06-17,Harga Selisih
PNBN,2020-06-18,Harga Selisih
PNBN,2020-06-19,Harga Selisih
PNBN,2020-06-22,Harga Selisih
PNBN,2020-06-23,Harga Selisih
PNBN,2020-06-24,Harga Selisih
PNBN,2020-06-25,Harga Selisih
PNBN,2020-06-26,Harga Selisih
PNBN,2020-06-29,Harga Selisih
PNBN,2020-06-30,Harga Selisih
PNBN,2020-07-01,Harga Selisih
PNBN,2020-07-02,Harga Selisih
PNBN,2020-07-03,Harga Selisih
PNBN,2020-07-06,Harga Selisih
PNBN,2020-07-07,Harga Selisih
PNBN,2020-07-08,Harga Selisih
PNBN,2020-07-09,Harga Selisih
PNBN,2020-07-10,Harga Selisih
PNBN,2020-07-13,Harga Selisih
PNBN,2020-07-14,Harga Selisih
PNBN,2020-07-15,Harga Selisih
PNBN,2020-07-16,Harga Selisih
PNBN,2020-07-17,Harga Selisih
PNBN,2020-07-20,Harga Selisih
PNBN,2020-07-21,Harga Selisih
PNBN,2020-07-22,Harga Selisih
PNBN,2020-07-23,Harga Selisih
PNBN,2020-07-24,Harga Selisih
PNBN,2020-07-27,Harga Selisih
PNBN,2020-07-28,Harga Selisih
PNBN,2020-07-29,Harga Selisih
PNBN,2020-07-30,Harga Selisih
PNBN,2020-08-03,Harga Selisih
PNBN,2020-08-04,Harga Selisih
PNBN,2020-08-05,Harga Selisih
PNBN,2020-08-06,Harga Selisih
PNBN,2020-08-07,Harga Selisih
PNBN,2020-08-10,Harga Selisih
PNBN,2020-08-11,Harga Selisih
PNBN,2020-08-12,Harga Selisih
PNBN,2020-08-13,Harga Selisih
PNBN,2020-08-14,Harga Selisih
PNBN,2020-08-18,Harga Selisih
PNBN,2020-08-19,Harga Selisih
PNBN,2020-08-24,Harga Selisih
PNBN,2020-08-25,Harga Selisih
PNBN,2020-08-26,Harga Selisih
PNBN,2020-08-27,Harga Selisih
PNBN,2020-08-28,Harga Selisih
PNBN,2020-08-31,Harga Selisih
PNBN,2020-09-01,Harga Selisih
PNBN,2020-09-02,Harga Selisih
PNBN,2020-09-03,Harga Selisih
PNBN,2020-09-04,Harga Selisih
PNBN,2020-09-07,Harga Selisih
PNBN,2020-09-08,Harga Selisih
PNBN,2020-09-09,Harga Selisih
PNBN,2020-09-10,Harga Selisih
PNBN,2020-09-11,Harga Selisih
PNBN,2020-09-14,Harga Selisih
PNBN,2020-09-15,Harga Selisih
PNBN,2020-09-16,Harga Selisih
PNBN,2020-09-17,Harga Selisih
PNBN,2020-09-18,Harga Selisih
PNBN,2020-09-21,Harga Selisih
PNBN,2020-09-22,Harga Selisih
PNBN,2020-09-23,Harga Selisih
PNBN,2020-09-24,Harga Selisih
PNBN,2020-09-25,Harga Selisih
PNBN,2020-09-28,Harga Selisih
PNBN,2020-09-29,Harga Selisih
PNBN,2020-09-30,Harga Selisih
PNBN,2020-10-01,Harga Selisih
PNBN,2020-10-02,Harga Selisih
PNBN,2020-10-05,Harga Selisih
PNBN,2020-10-06,Harga Selisih
PNBN,2020-10-07,Harga Selisih
PNBN,2020-10-08,Harga Selisih
PNBN,2020-10-09,Harga Selisih
PNBN,2020-10-12,Harga Selisih
PNBN,2020-10-13,Harga Selisih
PNBN,2020-10-14,Harga Selisih
PNBN,2020-10-15,Harga Selisih
PNBN,2020-10-16,Harga Selisih
PNBN,2020-10-19,Harga Selisih
PNBN,2020-10-20,Harga Selisih
PNBN,2020-10-21,Harga Selisih
PNBN,2020-10-22,Harga Selisih
PNBN,2020-10-23,Harga Selisih
PNBN,2020-10-26,Harga Selisih
PNBN,2020-10-27,Harga Selisih
PNBN,2020-11-02,Harga Selisih
PNBN,2020-11-03,Harga Selisih
PNBN,2020-11-04,Harga Selisih
PNBN,2020-11-05,Harga Selisih
PNBN,2020-11-06,Harga Selisih
PNBN,2020-11-09,Harga Selisih
PNBN,2020-11-10,Harga Selisih
PNBN,2020-11-11,Harga Selisih
PNBN,2020-11-12,Harga Selisih
PNBN,2020-11-13,Harga Selisih
PNBN,2020-11-16,Harga Selisih
PNBN,2020-11-17,Harga Selisih
PNBN,2020-11-18,Harga Selisih
PNBN,2020-11-19,Harga Selisih
PNBN,2020-11-20,Harga Selisih
PNBN,2020-11-23,Harga Selisih
PNBN,2020-11-24,Harga Selisih
PNBN,2020-11-25,Harga Selisih
PNBN,2020-11-26,Harga Selisih
PNBN,2020-11-27,Harga Selisih
PNBN,2020-11-30,Harga Selisih
PNBN,2020-12-01,Harga Selisih
PNBN,2020-12-02,Harga Selisih
PNBN,2020-12-03,Harga Selisih
PNBN,2020-12-04,Harga Selisih
PNBN,2020-12-07,Harga Selisih
PNBN,2020-12-08,Harga Selisih
PNBN,2020-12-10,Harga Selisih
PNBN,2020-12-11,Harga Selisih
PNBN,2020-12-14,Harga Selisih
PNBN,2020-12-15,Harga Selisih
PNBN,2020-12-16,Harga Selisih
PNBN,2020-12-17,Harga Selisih
PNBN,2020-12-18,Harga Selisih
PNBN,2020-12-21,Harga Selisih
PNBN,2020-12-22,Harga Selisih
PNBN,2020-12-23,Harga Selisih
PNBN,2020-12-28,Harga Selisih
PNBN,2020-12-29,Harga Selisih
PNBN,2020-12-30,Harga Selisih
PNBN,2021-01-04,Harga Selisih
PNBN,2021-01-05,Harga Selisih
PNBN,2021-01-06,Harga Selisih
PNBN,2021-01-07,Harga Selisih
PNBN,2021-01-08,Harga Selisih
PNBN,2021-01-11,Harga Selisih
PNBN,2021-01-12,Harga Selisih
PNBN,2021-01-13,Harga Selisih
PNBN,2021-01-14,Harga Selisih
PNBN,2021-01-15,Harga Selisih
PNBN,2021-01-18,Harga Selisih
PNBN,2021-01-19,Harga Selisih
PNBN,2021-01-20,Harga Selisih
PNBN,2021-01-21,Harga Selisih
PNBN,2021-01-22,Harga Selisih
PNBN,2021-01-25,Harga Selisih
PNBN,2021-01-26,Harga Selisih
PNBN,2021-01-27,Harga Selisih
PNBN,2021-01-28,Harga Selisih
PNBN,2021-01-29,Harga Selisih
PNBN,2021-02-01,Harga Selisih
PNBN,2021-02-02,Harga Selisih
PNBN,2021-02-03,Harga Selisih
PNBN,2021-02-04,Harga Selisih
PNBN,2021-02-05,Harga Selisih
PNBN,2021-02-08,Harga Selisih
PNBN,2021-02-09,Harga Selisih
PNBN,2021-02-10,Harga Selisih
PNBN,2021-02-11,Harga Selisih
PNBN,2021-02-15,Harga Selisih
PNBN,2021-02-16,Harga Selisih
PNBN,2021-02-17,Harga Selisih
PNBN,2021-02-18,Harga Selisih
PNBN,2021-02-19,Harga Selisih
PNBN,2021-02-22,Harga Selisih
PNBN,2021-02-23,Harga Selisih
PNBN,2021-02-24,Harga Selisih
PNBN,2021-02-25,Harga Selisih
PNBN,2021-02-26,Harga Selisih
PNBN,2021-03-01,Harga Selisih
PNBN,2021-03-02,Harga Selisih
PNBN,2021-03-03,Harga Selisih
PNBN,2021-03-04,Harga Selisih
PNBN,2021-03-05,Harga Selisih
PNBN,2021-03-08,Harga Selisih
PNBN,2021-03-09,Harga Selisih
PNBN,2021-03-10,Harga Selisih
PNBN,2021-03-12,Harga Selisih
PNBN,2021-03-15,Harga Selisih
PNBN,2021-03-16,Harga Selisih
PNBN,2021-03-17,Harga Selisih
PNBN,2021-03-18,Harga Selisih
PNBN,2021-03-19,Harga Selisih
PNBN,2021-03-22,Harga Selisih
PNBN,2021-03-23,Harga Selisih
PNBN,2021-03-24,Harga Selisih
PNBN,2021-03-25,Harga Selisih
PNBN,2021-03-26,Harga Selisih
PNBN,2021-03-29,Harga Selisih
PNBN,2021-03-30,Harga Selisih
PNBN,2021-03-31,Harga Selisih
PNBN,2021-04-01,Harga Selisih
PNBN,2021-04-05,Harga Selisih
PNBN,2021-04-06,Harga Selisih
PNBN,2021-04-07,Harga Selisih
PNBN,2021-04-08,Harga Selisih
PNBN,2021-04-09,Harga Selisih
PNBN,2021-04-12,Harga Selisih
PNBN,2021-04-13,Harga Selisih
PNBN,2021-04-14,Harga Selisih
PNBN,2021-04-15,Harga Selisih
PNBN,2021-04-16,Harga Selisih
PNBN,2021-04-19,Harga Selisih
PNBN,2021-04-20,Harga Selisih
PNBN,2021-04-21,Harga Selisih
PNBN,2021-04-22,Harga Selisih
PNBN,2021-04-23,Harga Selisih
PNBN,2021-04-26,Harga Selisih
PNBN,2021-04-27,Harga Selisih
PNBN,2021-04-28,Harga Selisih
PNBN,2021-04-29,Harga Selisih
PNBN,2021-04-30,Harga Selisih
PNBN,2021-05-03,Harga Selisih
PNBN,2021-05-04,Harga Selisih
PNBN,2021-05-05,Harga Selisih
PNBN,2021-05-06,Harga Selisih
PNBN,2021-05-07,Harga Selisih
PNBN,2021-05-10,Harga Selisih
PNBN,2021-05-11,Harga Selisih
PNBN,2021-05-17,Harga Selisih
PNBN,2021-05-18,Harga Selisih
PNBN,2021-05-19,Harga Selisih
PNBN,2021-05-20,Harga Selisih
PNBN,2021-05-21,Harga Selisih
PNBN,2021-05-24,Harga Selisih
PNBN,2021-05-25,Harga Selisih
PNBN,2021-05-27,Harga Selisih
PNBN,2021-05-28,Harga Selisih
PNBN,2021-05-31,Harga Selisih
PNBN,2021-06-02,Harga Selisih
PNBN,2021-06-03,Harga Selisih
PNBN,2021-06-04,Harga Selisih
PNBN,2021-06-07,Harga Selisih
PNBN,2021-06-08,Harga Selisih
PNBN,2021-06-09,Harga Selisih
PNBN,2021-06-10,Harga Selisih
PNBN,2021-06-11,Harga Selisih
PNBN,2021-06-14,Harga Selisih
PNBN,2021-06-15,Harga Selisih
PNBN,2021-06-16,Harga Selisih
PNBN,2021-06-17,Harga Selisih
PNBN,2021-06-18,Harga Selisih
PNBN,2021-06-21,Harga Selisih
PNBN,2021-06-22,Harga Selisih
PNBN,2021-06-23,Harga Selisih
PNBN,2021-06-24,Harga Selisih
PNBN,2021-06-25,Harga Selisih
PNBN,2021-06-28,Harga Selisih
PNBN,2021-06-29,Harga Selisih
PNBN,2021-06-30,Harga Selisih
PNBN,2021-07-01,Harga Selisih
PNBN,2021-07-02,Harga Selisih
PNBN,2021-07-05,Harga Selisih
PNBN,2021-07-06,Harga Selisih
PNBN,2021-07-07,Harga Selisih
PNBN,2021-07-08,Harga Selisih
PNBN,2021-07-09,Harga Selisih
PNBN,2021-07-12,Harga Selisih
PNBN,2021-07-13,Harga Selisih
PNBN,2021-07-14,Harga Selisih
PNBN,2021-07-15,Harga Selisih
PNBN,2021-07-16,Harga Selisih
PNBN,2021-07-19,Harga Selisih
PNBN,2021-07-21,Harga Selisih
PNBN,2021-07-22,Harga Selisih
PNBN,2021-07-23,Harga Selisih
PNBN,2021-07-26,Harga Selisih
PNBN,2021-07-27,Harga Selisih
PNBN,2021-07-28,Harga Selisih
PNBN,2021-07-29,Harga Selisih
PNBN,2021-07-30,Harga Selisih
PNBN,2021-08-02,Harga Selisih
PNBN,2021-08-03,Harga Selisih
PNBN,2021-08-04,Harga Selisih
PNBN,2021-08-05,Harga Selisih
PNBN,2021-08-06,Harga Selisih
PNBN,2021-08-09,Harga Selisih
PNBN,2021-08-10,Harga Selisih
PNBN,2021-08-12,Harga Selisih
PNBN,2021-08-13,Harga Selisih
PNBN,2021-08-16,Harga Selisih
PNBN,2021-08-18,Harga Selisih
PNBN,2021-08-19,Harga Selisih
PNBN,2021-08-20,Harga Selisih
PNBN,2021-08-23,Harga Selisih
PNBN,2021-08-24,Harga Selisih
PNBN,2021-08-25,Harga Selisih
PNBN,2021-08-26,Harga Selisih
PNBN,2021-08-27,Harga Selisih
PNBN,2021-08-30,Harga Selisih
PNBN,2021-08-31,Harga Selisih
PNBN,2021-09-01,Harga Selisih
PNBN,2021-09-02,Harga Selisih
PNBN,2021-09-03,Harga Selisih
PNBN,2021-09-06,Harga Selisih
PNBN,2021-09-07,Harga Selisih
PNBN,2021-09-08,Harga Selisih
PNBN,2021-09-09,Harga Selisih
PNBN,2021-09-10,Harga Selisih
PNBN,2021-09-13,Harga Selisih
PNBN,2021-09-14,Harga Selisih
PNBN,2021-09-15,Harga Selisih
PNBN,2021-09-16,Harga Selisih
PNBN,2021-09-17,Harga Selisih
PNBN,2021-09-20,Harga Selisih
PNBN,2021-09-21,Harga Selisih
PNBN,2021-09-22,Harga Selisih
PNBN,2021-09-23,Harga Selisih
PNBN,2021-09-24,Harga Selisih
PNBN,2021-09-27,Harga Selisih
PNBN,2021-09-28,Harga Selisih
PNBN,2021-09-29,Harga Selisih
PNBN,2021-09-30,Harga Selisih
PNBN,2021-10-01,Harga Selisih
PNBN,2021-10-04,Harga Selisih
PNBN,2021-10-05,Harga Selisih
PNBN,2021-10-06,Harga Selisih
PNBN,2021-10-07,Harga Selisih
PNBN,2021-10-08,Harga Selisih
PNBN,2021-10-11,Harga Selisih
PNBN,2021-10-12,Harga Selisih
PNBN,2021-10-13,Harga Selisih
PNBN,2021-10-14,Harga Selisih
PNBN,2021-10-15,Harga Selisih
PNBN,2021-10-18,Harga Selisih
PNBN,2021-10-19,Harga Selisih
PNBN,2021-10-21,Harga Selisih
PNBN,2021-10-22,Harga Selisih
PNBN,2021-10-25,Harga Selisih
PNBN,2021-10-26,Harga Selisih
PNBN,2021-10-27,Harga Selisih
PNBN,2021-10-28,Harga Selisih
PNBN,2021-10-29,Harga Selisih
PNBN,2021-11-01,Harga Selisih
PNBN,2021-11-02,Harga Selisih
PNBN,2021-11-03,Harga Selisih
PNBN,2021-11-04,Harga Selisih
PNBN,2021-11-05,Harga Selisih
PNBN,2021-11-08,Harga Selisih
PNBN,2021-11-09,Harga Selisih
PNBN,2021-11-10,Harga Selisih
PNBN,2021-11-11,Harga Selisih
PNBN,2021-11-12,Harga Selisih
PNBN,2021-11-15,Harga Selisih
PNBN,2021-11-16,Harga Selisih
PNBN,2021-11-17,Harga Selisih
PNBN,2021-11-18,Harga Selisih
PNBN,2021-11-19,Harga Selisih
PNBN,2021-11-22,Harga Selisih
PNBN,2021-11-23,Harga Selisih
PNBN,2021-11-24,Harga Selisih
PNBN,2021-11-25,Harga Selisih
PNBN,2021-11-26,Harga Selisih
PNBN,2021-11-29,Harga Selisih
PNBN,2021-11-30,Harga Selisih
PNBN,2021-12-01,Harga Selisih
PNBN,2021-12-02,Harga Selisih
PNBN,2021-12-03,Harga Selisih
PNBN,2021-12-06,Harga Selisih
PNBN,2021-12-07,Harga Selisih
PNBN,2021-12-08,Harga Selisih
PNBN,2021-12-09,Harga Selisih
PNBN,2021-12-10,Harga Selisih
PNBN,2021-12-13,Harga Selisih
PNBN,2021-12-14,Harga Selisih
PNBN,2021-12-15,Harga Selisih
PNBN,2021-12-16,Harga Selisih
PNBN,2021-12-17,Harga Selisih
PNBN,2021-12-20,Harga Selisih
PNBN,2021-12-21,Harga Selisih
PNBN,2021-12-22,Harga Selisih
PNBN,2021-12-23,Harga Selisih
PNBN,2021-12-24,Harga Selisih
PNBN,2021-12-27,Harga Selisih
PNBN,2021-12-28,Harga Selisih
PNBN,2021-12-29,Harga Selisih
PNBN,2021-12-30,Harga Selisih
PNBN,2022-01-03,Harga Selisih
PNBN,2022-01-04,Harga Selisih
PNBN,2022-01-05,Harga Selisih
PNBN,2022-01-06,Harga Selisih
PNBN,2022-01-07,Harga Selisih
PNBN,2022-01-10,Harga Selisih
PNBN,2022-01-11,Harga Selisih
PNBN,2022-01-12,Harga Selisih
PNBN,2022-01-13,Harga Selisih
PNBN,2022-01-14,Harga Selisih
PNBN,2022-01-17,Harga Selisih
PNBN,2022-01-18,Harga Selisih
PNBN,2022-01-19,Harga Selisih
PNBN,2022-01-20,Harga Selisih
PNBN,2022-01-21,Harga Selisih
PNBN,2022-01-24,Harga Selisih
PNBN,2022-01-25,Harga Selisih
PNBN,2022-01-26,Harga Selisih
PNBN,2022-01-27,Harga Selisih
PNBN,2022-01-28,Harga Selisih
PNBN,2022-01-31,Harga Selisih
PNBN,2022-02-02,Harga Selisih
PNBN,2022-02-03,Harga Selisih
PNBN,2022-02-04,Harga Selisih
PNBN,2022-02-07,Harga Selisih
PNBN,2022-02-08,Harga Selisih
PNBN,2022-02-09,Harga Selisih
PNBN,2022-02-10,Harga Selisih
PNBN,2022-02-11,Harga Selisih
PNBN,2022-02-14,Harga Selisih
PNBN,2022-02-15,Harga Selisih
PNBN,2022-02-16,Harga Selisih
PNBN,2022-02-17,Harga Selisih
PNBN,2022-02-18,Harga Selisih
PNBN,2022-02-21,Harga Selisih
PNBN,2022-02-22,Harga Selisih
PNBN,2022-02-23,Harga Selisih
PNBN,2022-02-24,Harga Selisih
PNBN,2022-02-25,Harga Selisih
PNBN,2022-03-01,Harga Selisih
PNBN,2022-03-02,Harga Selisih
PNBN,2022-03-04,Harga Selisih
PNBN,2022-03-07,Harga Selisih
PNBN,2022-03-08,Harga Selisih
PNBN,2022-03-09,Harga Selisih
PNBN,2022-03-10,Harga Selisih
PNBN,2022-03-11,Harga Selisih
PNBN,2022-03-14,Harga Selisih
PNBN,2022-03-15,Harga Selisih
PNBN,2022-03-16,Harga Selisih
PNBN,2022-03-17,Harga Selisih
PNBN,2022-03-18,Harga Selisih
PNBN,2022-03-21,Harga Selisih
PNBN,2022-03-22,Harga Selisih
PNBN,2022-03-23,Harga Selisih
PNBN,2022-03-24,Harga Selisih
PNBN,2022-03-25,Harga Selisih
PNBN,2022-03-28,Harga Selisih
PNBN,2022-03-29,Harga Selisih
PNBN,2022-03-30,Harga Selisih
PNBN,2022-03-31,Harga Selisih
PNBN,2022-04-01,Harga Selisih
PNBN,2022-04-04,Harga Selisih
PNBN,2022-04-05,Harga Selisih
PNBN,2022-04-06,Harga Selisih
PNBN,2022-04-07,Harga Selisih
PNBN,2022-04-08,Harga Selisih
PNBN,2022-04-11,Harga Selisih
PNBN,2022-04-12,Harga Selisih
PNBN,2022-04-13,Harga Selisih
PNBN,2022-04-14,Harga Selisih
PNBN,2022-04-18,Harga Selisih
PNBN,2022-04-19,Harga Selisih
PNBN,2022-04-20,Harga Selisih
PNBN,2022-04-21,Harga Selisih
PNBN,2022-04-22,Harga Selisih
PNBN,2022-04-25,Harga Selisih
PNBN,2022-04-26,Harga Selisih
PNBN,2022-04-27,Harga Selisih
PNBN,2022-04-28,Harga Selisih
PNBN,2022-05-09,Harga Selisih
PNBN,2022-05-10,Harga Selisih
PNBN,2022-05-11,Harga Selisih
PNBN,2022-05-12,Harga Selisih
PNBN,2022-05-13,Harga Selisih
PNBN,2022-05-17,Harga Selisih
PNBN,2022-05-18,Harga Selisih
PNBN,2022-05-19,Harga Selisih
PNBN,2022-05-20,Harga Selisih
PNBN,2022-05-23,Harga Selisih
PNBN,2022-05-24,Harga Selisih
PNBN,2022-05-25,Harga Selisih
PNBN,2022-05-27,Harga Selisih
PNBN,2022-05-30,Harga Selisih
PNBN,2022-05-31,Harga Selisih
PNBN,2022-06-02,Harga Selisih
PNBN,2022-06-03,Harga Selisih
PNBN,2022-06-06,Harga Selisih
PNBN,2022-06-07,Harga Selisih
PNBN,2022-06-08,Harga Selisih
PNBN,2022-06-09,Harga Selisih
PNBN,2022-06-10,Harga Selisih
PNBN,2022-06-13,Harga Selisih
PNBN,2022-06-14,Harga Selisih
PNBN,2022-06-15,Harga Selisih
PNBN,2022-06-16,Harga Selisih
PNBN,2022-06-17,Harga Selisih
PNBN,2022-06-20,Harga Selisih
PNBN,2022-06-21,Harga Selisih
PNBN,2022-06-22,Harga Selisih
PNBN,2022-06-23,Harga Selisih
PNBN,2022-06-24,Harga Selisih
PNBN,2022-06-27,Harga Selisih
PNBN,2022-06-28,Harga Selisih
PNBN,2022-06-29,Harga Selisih
PNBN,2022-06-30,Harga Selisih
PNBN,2022-07-01,Harga Selisih
PNBN,2022-07-04,Harga Selisih
PNBN,2022-07-05,Harga Selisih
PNBN,2022-07-06,Harga Selisih
PNBN,2022-07-07,Harga Selisih
PNBN,2022-07-08,Harga Selisih
PNBN,2022-07-11,Harga Selisih
PNBN,2022-07-12,Harga Selisih
PNBN,2022-07-13,Harga Selisih
PNBN,2022-07-14,Harga Selisih
PNBN,2022-07-15,Harga Selisih
PNBN,2022-07-18,Harga Selisih
PNBN,2022-07-19,Harga Selisih
PNBN,2022-07-20,Harga Selisih
PNBN,2022-07-21,Harga Selisih
PNBN,2022-07-22,Harga Selisih
PNBN,2022-07-25,Harga Selisih
PNBN,2022-07-26,Harga Selisih
PNBN,2022-07-27,Harga Selisih
PNBN,2022-07-28,Harga Selisih
PNBN,2022-07-29,Harga Selisih
PNBN,2022-08-01,Harga Selisih
PNBN,2022-08-02,Harga Selisih
PNBN,2022-08-03,Harga Selisih
PNBN,2022-08-04,Harga Selisih
PNBN,2022-08-05,Harga Selisih
PNBN,2022-08-08,Harga Selisih
PNBN,2022-08-09,Harga Selisih
PNBN,2022-08-10,Harga Selisih
PNBN,2022-08-11,Harga Selisih
PNBN,2022-08-12,Harga Selisih
PNBN,2022-08-15,Harga Selisih
PNBN,2022-08-16,Harga Selisih
PNBN,2022-08-18,Harga Selisih
PNBN,2022-08-19,Harga Selisih
PNBN,2022-08-22,Harga Selisih
PNBN,2022-08-23,Harga Selisih
PNBN,2022-08-24,Harga Selisih
PNBN,2022-08-25,Harga Selisih
PNBN,2022-08-26,Harga Selisih
PNBN,2022-08-29,Harga Selisih
PNBN,2022-08-30,Harga Selisih
PNBN,2022-08-31,Harga Selisih
PNBN,2022-09-01,Harga Selisih
PNBN,2022-09-02,Harga Selisih
PNBN,2022-09-05,Harga Selisih
PNBN,2022-09-06,Harga Selisih
PNBN,2022-09-07,Harga Selisih
PNBN,2022-09-08,Harga Selisih
PNBN,2022-09-09,Harga Selisih
PNBN,2022-09-12,Harga Selisih
PNBN,2022-09-13,Harga Selisih
PNBN,2022-09-14,Harga Selisih
PNBN,2022-09-15,Harga Selisih
PNBN,2022-09-16,Harga Selisih
PNBN,2022-09-19,Harga Selisih
PNBN,2022-09-20,Harga Selisih
PNBN,2022-09-21,Harga Selisih
PNBN,2022-09-22,Harga Selisih
PNBN,2022-09-23,Harga Selisih
PNBN,2022-09-26,Harga Selisih
PNBN,2022-09-27,Harga Selisih
PNBN,2022-09-28,Harga Selisih
PNBN,2022-09-29,Harga Selisih
PNBN,2022-09-30,Harga Selisih
PNBN,2022-10-03,Harga Selisih
PNBN,2022-10-04,Harga Selisih
PNBN,2022-10-05,Harga Selisih
PNBN,2022-10-06,Harga Selisih
PNBN,2022-10-07,Harga Selisih
PNBN,2022-10-10,Harga Selisih
PNBN,2022-10-11,Harga Selisih
PNBN,2022-10-12,Harga Selisih
PNBN,2022-10-13,Harga Selisih
PNBN,2022-10-14,Harga Selisih
PNBN,2022-10-17,Harga Selisih
PNBN,2022-10-18,Harga Selisih
PNBN,2022-10-19,Harga Selisih
PNBN,2022-10-20,Harga Selisih
PNBN,2022-10-21,Harga Selisih
PNBN,2022-10-24,Harga Selisih
PNBN,2022-10-25,Harga Selisih
PNBN,2022-10-26,Harga Selisih
PNBN,2022-10-27,Harga Selisih
PNBN,2022-10-28,Harga Selisih
PNBN,2022-10-31,Harga Selisih
PNBN,2022-11-01,Harga Selisih
PNBN,2022-11-02,Harga Selisih
PNBN,2022-11-03,Harga Selisih
PNBN,2022-11-04,Harga Selisih
PNBN,2022-11-07,Harga Selisih
PNBN,2022-11-08,Harga Selisih
PNBN,2022-11-09,Harga Selisih
PNBN,2022-11-10,Harga Selisih
PNBN,2022-11-11,Harga Selisih
PNBN,2022-11-14,Harga Selisih
PNBN,2022-11-15,Harga Selisih
PNBN,2022-11-16,Harga Selisih
PNBN,2022-11-17,Harga Selisih
PNBN,2022-11-18,Harga Selisih
PNBN,2022-11-21,Harga Selisih
PNBN,2022-11-22,Harga Selisih
PNBN,2022-11-23,Harga Selisih
PNBN,2022-11-24,Harga Selisih
PNBN,2022-11-25,Harga Selisih
PNBN,2022-11-28,Harga Selisih
PNBN,2022-11-29,Harga Selisih
PNBN,2022-11-30,Harga Selisih
PNBN,2022-12-01,Harga Selisih
PNBN,2022-12-02,Harga Selisih
PNBN,2022-12-05,Harga Selisih
PNBN,2022-12-06,Harga Selisih
PNBN,2022-12-07,Harga Selisih
PNBN,2022-12-08,Harga Selisih
PNBN,2022-12-09,Harga Selisih
PNBN,2022-12-12,Harga Selisih
PNBN,2022-12-13,Harga Selisih
PNBN,2022-12-14,Harga Selisih
PNBN,2022-12-15,Harga Selisih
PNBN,2022-12-16,Harga Selisih
PNBN,2022-12-19,Harga Selisih
PNBN,2022-12-20,Harga Selisih
PNBN,2022-12-21,Harga Selisih
PNBN,2022-12-22,Harga Selisih
PNBN,2022-12-23,Harga Selisih
PNBN,2022-12-26,Harga Selisih
PNBN,2022-12-27,Harga Selisih
PNBN,2022-12-28,Harga Selisih
PNBN,2022-12-29,Harga Selisih
PNBN,2022-12-30,Harga Selisih
PNBN,2023-01-02,Harga Selisih
PNBN,2023-01-03,Harga Selisih
PNBN,2023-01-04,Harga Selisih
PNBN,2023-01-05,Harga Selisih
PNBN,2023-01-06,Harga Selisih
PNBN,2023-01-09,Harga Selisih
PNBN,2023-01-10,Harga Selisih
PNBN,2023-01-11,Harga Selisih
PNBN,2023-01-12,Harga Selisih
PNBN,2023-01-13,Harga Selisih
PNBN,2023-01-16,Harga Selisih
PNBN,2023-01-17,Harga Selisih
PNBN,2023-01-18,Harga Selisih
PNBN,2023-01-19,Harga Selisih
PNBN,2023-01-20,Harga Selisih
PNBN,2023-01-24,Harga Selisih
PNBN,2023-01-25,Harga Selisih
PNBN,2023-01-26,Harga Selisih
PNBN,2023-01-27,Harga Selisih
PNBN,2023-01-30,Harga Selisih
PNBN,2023-01-31,Harga Selisih
PNBN,2023-02-01,Harga Selisih
PNBN,2023-02-02,Harga Selisih
PNBN,2023-02-03,Harga Selisih
PNBN,2023-02-06,Harga Selisih
PNBN,2023-02-07,Harga Selisih
PNBN,2023-02-08,Harga Selisih
PNBN,2023-02-09,Harga Selisih
PNBN,2023-02-10,Harga Selisih
PNBN,2023-02-13,Harga Selisih
PNBN,2023-02-14,Harga Selisih
PNBN,2023-02-15,Harga Selisih
PNBN,2023-02-16,Harga Selisih
PNBN,2023-02-17,Harga Selisih
PNBN,2023-02-20,Harga Selisih
PNBN,2023-02-21,Harga Selisih
PNBN,2023-02-22,Harga Selisih
PNBN,2023-02-23,Harga Selisih
PNBN,2023-02-24,Harga Selisih
PNBN,2023-02-27,Harga Selisih
PNBN,2023-02-28,Harga Selisih
PNBN,2023-03-01,Harga Selisih
PNBN,2023-03-02,Harga Selisih
PNBN,2023-03-03,Harga Selisih
PNBN,2023-03-06,Harga Selisih
PNBN,2023-03-07,Harga Selisih
PNBN,2023-03-08,Harga Selisih
PNBN,2023-03-09,Harga Selisih
PNBN,2023-03-10,Harga Selisih
PNBN,2023-03-13,Harga Selisih
PNBN,2023-03-14,Harga Selisih
PNBN,2023-03-15,Harga Selisih
PNBN,2023-03-16,Harga Selisih
PNBN,2023-03-17,Harga Selisih
PNBN,2023-03-20,Harga Selisih
PNBN,2023-03-21,Harga Selisih
PNBN,2023-03-24,Harga Selisih
PNBN,2023-03-27,Harga Selisih
PNBN,2023-03-28,Harga Selisih
PNBN,2023-03-29,Harga Selisih
PNBN,2023-03-30,Harga Selisih
PNBN,2023-03-31,Harga Selisih
PNBN,2023-04-03,Harga Selisih
PNBN,2023-04-04,Harga Selisih
PNBN,2023-04-05,Harga Selisih
PNBN,2023-04-06,Harga Selisih
PNBN,2023-04-10,Harga Selisih
PNBN,2023-04-11,Harga Selisih
PNBN,2023-04-12,Harga Selisih
PNBN,2023-04-13,Harga Selisih
PNBN,2023-04-14,Harga Selisih
PNBN,2023-04-17,Harga Selisih
PNBN,2023-04-18,Harga Selisih
PNBN,2023-04-26,Harga Selisih
PNBN,2023-04-27,Harga Selisih
PNBN,2023-04-28,Harga Selisih
PNBN,2023-05-02,Harga Selisih
PNBN,2023-05-03,Harga Selisih
PNBN,2023-05-04,Harga Selisih
PNBN,2023-05-05,Harga Selisih
PNBN,2023-05-08,Harga Selisih
PNBN,2023-05-09,Harga Selisih
PNBN,2023-05-10,Harga Selisih
PNBN,2023-05-11,Harga Selisih
PNBN,2023-05-12,Harga Selisih
PNBN,2023-05-15,Harga Selisih
PNBN,2023-05-16,Harga Selisih
PNBN,2023-05-17,Harga Selisih
PNBN,2023-05-19,Harga Selisih
PNBN,2023-05-22,Harga Selisih
PNBN,2023-05-23,Harga Selisih
PNBN,2023-05-24,Harga Selisih
PNBN,2023-05-25,Harga Selisih
PNBN,2023-05-26,Harga Selisih
PNBN,2023-05-29,Harga Selisih
PNBN,2023-05-30,Harga Selisih
PNBN,2023-05-31,Harga Selisih
PNBN,2023-06-05,Harga Selisih
PNBN,2023-06-06,Harga Selisih
PNBN,2023-06-07,Harga Selisih
PNBN,2023-06-08,Harga Selisih
PNBN,2023-06-09,Harga Selisih
PNBN,2023-06-12,Harga Selisih
PNBN,2023-06-13,Harga Selisih
PNBN,2023-06-14,Harga Selisih
PNBN,2023-06-15,Harga Selisih
PNBN,2023-06-16,Harga Selisih
PNBN,2023-06-19,Harga Selisih
PNBN,2023-06-20,Harga Selisih
PNBN,2023-06-21,Harga Selisih
PNBN,2023-06-22,Harga Selisih
PNBN,2023-06-23,Harga Selisih
PNBN,2023-06-26,Harga Selisih
PNBN,2023-06-27,Harga Selisih
PNBN,2023-07-03,Harga Selisih
PNBN,2023-07-04,Harga Selisih
PNBN,2023-07-05,Harga Selisih
PNBN,2023-07-06,Harga Selisih
PNBN,2023-07-07,Harga Selisih
PNBN,2023-07-10,Harga Selisih
PNBN,2023-07-11,Harga Selisih
PNBN,2023-07-12,Harga Selisih
PNBN,2023-07-13,Harga Selisih
PNBN,2023-07-14,Harga Selisih
PNBN,2023-07-17,Harga Selisih
PNBN,2023-07-18,Harga Selisih
PNBN,2023-07-20,Harga Selisih
PNBN,2023-07-21,Harga Selisih
PNBN,2023-07-24,Harga Selisih
PNBN,2023-07-25,Harga Selisih
PNBN,2023-07-26,Harga Selisih
PNBN,2023-07-27,Harga Selisih
PNBN,2023-07-28,Harga Selisih
PNBN,2023-07-31,Harga Selisih
PNBN,2023-08-01,Harga Selisih
PNBN,2023-08-02,Harga Selisih
PNBN,2023-08-03,Harga Selisih
PNBN,2023-08-04,Harga Selisih
PNBN,2023-08-07,Harga Selisih
PNBN,2023-08-08,Harga Selisih
PNBN,2023-08-09,Harga Selisih
PNBN,2023-08-10,Harga Selisih
PNBN,2023-08-11,Harga Selisih
PNBN,2023-08-14,Harga Selisih
PNBN,2023-08-15,Harga Selisih
PNBN,2023-08-16,Harga Selisih
PNBN,2023-08-18,Harga Selisih
PNBN,2023-08-21,Harga Selisih
PNBN,2023-08-22,Harga Selisih
PNBN,2023-08-23,Harga Selisih
PNBN,2023-08-24,Harga Selisih
PNBN,2023-08-25,Harga Selisih
PNBN,2023-08-28,Harga Selisih
PNBN,2023-08-29,Harga Selisih
PNBN,2023-08-30,Harga Selisih
PNBN,2023-08-31,Harga Selisih
PNBN,2023-09-01,Harga Selisih
PNBN,2023-09-04,Harga Selisih
PNBN,2023-09-05,Harga Selisih
PNBN,2023-09-06,Harga Selisih
PNBN,2023-09-07,Harga Selisih
PNBN,2023-09-08,Harga Selisih
PNBN,2023-09-11,Harga Selisih
PNBN,2023-09-12,Harga Selisih
PNBN,2023-09-13,Harga Selisih
PNBN,2023-09-14,Harga Selisih
PNBN,2023-09-15,Harga Selisih
PNBN,2023-09-18,Harga Selisih
PNBN,2023-09-19,Harga Selisih
PNBN,2023-09-20,Harga Selisih
PNBN,2023-09-21,Harga Selisih
PNBN,2023-09-22,Harga Selisih
PNBN,2023-09-25,Harga Selisih
PNBN,2023-09-26,Harga Selisih
PNBN,2023-09-27,Harga Selisih
PNBN,2023-09-29,Harga Selisih
PNBN,2023-10-02,Harga Selisih
PNBN,2023-10-03,Harga Selisih
PNBN,2023-10-04,Harga Selisih
PNBN,2023-10-05,Harga Selisih
PNBN,2023-10-06,Harga Selisih
PNBN,2023-10-09,Harga Selisih
PNBN,2023-10-10,Harga Selisih
PNBN,2023-10-11,Harga Selisih
PNBN,2023-10-12,Harga Selisih
PNBN,2023-10-13,Harga Selisih
PNBN,2023-10-16,Harga Selisih
PNBN,2023-10-17,Harga Selisih
PNBN,2023-10-18,Harga Selisih
PNBN,2023-10-19,Harga Selisih
PNBN,2023-10-20,Harga Selisih
PNBN,2023-10-23,Harga Selisih
PNBN,2023-10-24,Harga Selisih
PNBN,2023-10-25,Harga Selisih
PNBN,2023-10-26,Harga Selisih
PNBN,2023-10-27,Harga Selisih
PNBN,2023-10-30,Harga Selisih
PNBN,2023-10-31,Harga Selisih
PNBN,2023-11-01,Harga Selisih
PNBN,2023-11-02,Harga Selisih
PNBN,2023-11-03,Harga Selisih
PNBN,2023-11-06,Harga Selisih
PNBN,2023-11-07,Harga Selisih
PNBN,2023-11-08,Harga Selisih
PNBN,2023-11-09,Harga Selisih
PNBN,2023-11-10,Harga Selisih
PNBN,2023-11-13,Harga Selisih
PNBN,2023-11-14,Harga Selisih
PNBN,2023-11-15,Harga Selisih
PNBN,2023-11-16,Harga Selisih
PNBN,2023-11-17,Harga Selisih
PNBN,2023-11-20,Harga Selisih
PNBN,2023-11-21,Harga Selisih
PNBN,2023-11-22,Harga Selisih
PNBN,2023-11-23,Harga Selisih
PNBN,2023-11-24,Harga Selisih
PNBN,2023-11-27,Harga Selisih
PNBN,2023-11-28,Harga Selisih
PNBN,2023-11-29,Harga Selisih
PNBN,2023-11-30,Harga Selisih
PNBN,2023-12-01,Harga Selisih
PNBN,2023-12-04,Harga Selisih
PNBN,2023-12-05,Harga Selisih
PNBN,2023-12-06,Harga Selisih
PNBN,2023-12-07,Harga Selisih
PNBN,2023-12-08,Harga Selisih
PNBN,2023-12-11,Harga Selisih
PNBN,2023-12-12,Harga Selisih
PNBN,2023-12-13,Harga Selisih
PNBN,2023-12-14,Harga Selisih
PNBN,2023-12-15,Harga Selisih
PNBN,2023-12-18,Harga Selisih
PNBN,2023-12-19,Harga Selisih
PNBN,2023-12-20,Harga Selisih
PNBN,2023-12-21,Harga Selisih
PNBN,2023-12-22,Harga Selisih
BRIS,2019-12-26,Harga Selisih
BRIS,2019-12-27,Harga Selisih
BRIS,2019-12-30,Harga Selisih
BRIS,2020-01-02,Harga Selisih
BRIS,2020-01-03,Harga Selisih
BRIS,2020-01-06,Harga Selisih
BRIS,2020-01-07,Harga Selisih
BRIS,2020-01-08,Harga Selisih
BRIS,2020-01-09,Harga Selisih
BRIS,2020-01-10,Harga Selisih
BRIS,2020-01-13,Harga Selisih
BRIS,2020-01-14,Harga Selisih
BRIS,2020-01-15,Harga Selisih
BRIS,2020-01-16,Harga Selisih
BRIS,2020-01-17,Harga Selisih
BRIS,2020-01-20,Harga Selisih
BRIS,2020-01-21,Harga Selisih
BRIS,2020-01-22,Harga Selisih
BRIS,2020-01-23,Harga Selisih
BRIS,2020-01-24,Harga Selisih
BRIS,2020-01-27,Harga Selisih
BRIS,2020-01-28,Harga Selisih
BRIS,2020-01-29,Harga Selisih
BRIS,2020-01-30,Harga Selisih
BRIS,2020-01-31,Harga Selisih
BRIS,2020-02-03,Harga Selisih
BRIS,2020-02-04,Harga Selisih
BRIS,2020-02-05,Harga Selisih
BRIS,2020-02-06,Harga Selisih
BRIS,2020-02-07,Harga Selisih
BRIS,2020-02-10,Harga Selisih
BRIS,2020-02-11,Harga Selisih
BRIS,2020-02-12,Harga Selisih
BRIS,2020-02-13,Harga Selisih
BRIS,2020-02-14,Harga Selisih
BRIS,2020-02-17,Harga Selisih
BRIS,2020-02-18,Harga Selisih
BRIS,2020-02-19,Harga Selisih
BRIS,2020-02-20,Harga Selisih
BRIS,2020-02-21,Harga Selisih
BRIS,2020-02-24,Harga Selisih
BRIS,2020-02-25,Harga Selisih
BRIS,2020-02-26,Harga Selisih
BRIS,2020-02-27,Harga Selisih
BRIS,2020-02-28,Harga Selisih
BRIS,2020-03-02,Harga Selisih
BRIS,2020-03-03,Harga Selisih
BRIS,2020-03-04,Harga Selisih
BRIS,2020-03-05,Harga Selisih
BRIS,2020-03-06,Harga Selisih
BRIS,2020-03-09,Harga Selisih
BRIS,2020-03-10,Harga Selisih
BRIS,2020-03-11,Harga Selisih
BRIS,2020-03-12,Harga Selisih
BRIS,2020-03-13,Harga Selisih
BRIS,2020-03-16,Harga Selisih
BRIS,2020-03-17,Harga Selisih
BRIS,2020-03-18,Harga Selisih
BRIS,2020-03-19,Harga Selisih
BRIS,2020-03-20,Harga Selisih
BRIS,2020-03-23,Harga Selisih
BRIS,2020-03-24,Harga Selisih
BRIS,2020-03-26,Harga Selisih
BRIS,2020-03-27,Harga Selisih
BRIS,2020-03-30,Harga Selisih
BRIS,2020-03-31,Harga Selisih
BRIS,2020-04-01,Harga Selisih
BRIS,2020-04-02,Harga Selisih
BRIS,2020-04-03,Harga Selisih
BRIS,2020-04-06,Harga Selisih
BRIS,2020-04-07,Harga Selisih
BRIS,2020-04-08,Harga Selisih
BRIS,2020-04-09,Harga Selisih
BRIS,2020-04-13,Harga Selisih
BRIS,2020-04-14,Harga Selisih
BRIS,2020-04-15,Harga Selisih
BRIS,2020-04-16,Harga Selisih
BRIS,2020-04-17,Harga Selisih
BRIS,2020-04-20,Harga Selisih
BRIS,2020-04-21,Harga Selisih
BRIS,2020-04-22,Harga Selisih
BRIS,2020-04-23,Harga Selisih
BRIS,2020-04-24,Harga Selisih
BRIS,2020-04-27,Harga Selisih
BRIS,2020-04-28,Harga Selisih
BRIS,2020-04-29,Harga Selisih
BRIS,2020-04-30,Harga Selisih
BRIS,2020-05-04,Harga Selisih
BRIS,2020-05-05,Harga Selisih
BRIS,2020-05-06,Harga Selisih
BRIS,2020-05-08,Harga Selisih
BRIS,2020-05-11,Harga Selisih
BRIS,2020-05-12,Harga Selisih
BRIS,2020-05-13,Harga Selisih
BRIS,2020-05-14,Harga Selisih
BRIS,2020-05-15,Harga Selisih
BRIS,2020-05-18,Harga Selisih
BRIS,2020-05-19,Harga Selisih
BRIS,2020-05-20,Harga Selisih
BRIS,2020-05-26,Harga Selisih
BRIS,2020-05-27,Harga Selisih
BRIS,2020-05-28,Harga Selisih
BRIS,2020-05-29,Harga Selisih
BRIS,2020-06-02,Harga Selisih
BRIS,2020-06-03,Harga Selisih
BRIS,2020-06-04,Harga Selisih
BRIS,2020-06-05,Harga Selisih
BRIS,2020-06-08,Harga Selisih
BRIS,2020-06-09,Harga Selisih
BRIS,2020-06-10,Harga Selisih
BRIS,2020-06-11,Harga Selisih
BRIS,2020-06-12,Harga Selisih
BRIS,2020-06-15,Harga Selisih
BRIS,2020-06-16,Harga Selisih
BRIS,2020-06-17,Harga Selisih
BRIS,2020-06-18,Harga Selisih
BRIS,2020-06-19,Harga Selisih
BRIS,2020-06-22,Harga Selisih
BRIS,2020-06-23,Harga Selisih
BRIS,2020-06-24,Harga Selisih
BRIS,2020-06-25,Harga Selisih
BRIS,2020-06-26,Harga Selisih
BRIS,2020-06-29,Harga Selisih
BRIS,2020-06-30,Harga Selisih
BRIS,2020-07-01,Harga Selisih
BRIS,2020-07-02,Harga Selisih
BRIS,2020-07-03,Harga Selisih
BRIS,2020-07-06,Harga Selisih
BRIS,2020-07-07,Harga Selisih
BRIS,2020-07-08,Harga Selisih
BRIS,2020-07-09,Harga Selisih
BRIS,2020-07-10,Harga Selisih
BRIS,2020-07-13,Harga Selisih
BRIS,2020-07-14,Harga Selisih
BRIS,2020-07-15,Harga Selisih
BRIS,2020-07-16,Harga Selisih
BRIS,2020-07-17,Harga Selisih
BRIS,2020-07-20,Harga Selisih
BRIS,2020-07-21,Harga Selisih
BRIS,2020-07-22,Harga Selisih
BRIS,2020-07-23,Harga Selisih
BRIS,2020-07-24,Harga Selisih
BRIS,2020-07-27,Harga Selisih
BRIS,2020-07-28,Harga Selisih
BRIS,2020-07-29,Harga Selisih
BRIS,2020-07-30,Harga Selisih
BRIS,2020-08-03,Harga Selisih
BRIS,2020-08-04,Harga Selisih
BRIS,2020-08-05,Harga Selisih
BRIS,2020-08-06,Harga Selisih
BRIS,2020-08-07,Harga Selisih
BRIS,2020-08-10,Harga Selisih
BRIS,2020-08-11,Harga Selisih
BRIS,2020-08-12,Harga Selisih
BRIS,2020-08-13,Harga Selisih
BRIS,2020-08-14,Harga Selisih
BRIS,2020-08-18,Harga Selisih
BRIS,2020-08-19,Harga Selisih
BRIS,2020-08-24,Harga Selisih
BRIS,2020-08-25,Harga Selisih
BRIS,2020-08-26,Harga Selisih
BRIS,2020-08-27,Harga Selisih
BRIS,2020-08-28,Harga Selisih
BRIS,2020-08-31,Harga Selisih
BRIS,2020-09-01,Harga Selisih
BRIS,2020-09-02,Harga Selisih
BRIS,2020-09-03,Harga Selisih
BRIS,2020-09-04,Harga Selisih
BRIS,2020-09-07,Harga Selisih
BRIS,2020-09-08,Harga Selisih
BRIS,2020-09-09,Harga Selisih
BRIS,2020-09-10,Harga Selisih
BRIS,2020-09-11,Harga Selisih
BRIS,2020-09-14,Harga Selisih
BRIS,2020-09-15,Harga Selisih
BRIS,2020-09-16,Harga Selisih
BRIS,2020-09-17,Harga Selisih
BRIS,2020-09-18,Harga Selisih
BRIS,2020-09-21,Harga Selisih
BRIS,2020-09-22,Harga Selisih
BRIS,2020-09-23,Harga Selisih
BRIS,2020-09-24,Harga Selisih
BRIS,2020-09-25,Harga Selisih
BRIS,2020-09-28,Harga Selisih
BRIS,2020-09-29,Harga Selisih
BRIS,2020-09-30,Harga Selisih
BRIS,2020-10-01,Harga Selisih
BRIS,2020-10-02,Harga Selisih
BRIS,2020-10-05,Harga Selisih
BRIS,2020-10-06,Harga Selisih
BRIS,2020-10-07,Harga Selisih
BRIS,2020-10-08,Harga Selisih
BRIS,2020-10-09,Harga Selisih
BRIS,2020-10-12,Harga Selisih
BRIS,2020-10-13,Harga Selisih
BRIS,2020-10-14,Harga Selisih
BRIS,2020-10-15,Harga Selisih
BRIS,2020-10-16,Harga Selisih
BRIS,2020-10-19,Harga Selisih
BRIS,2020-10-20,Harga Selisih
BRIS,2020-10-21,Harga Selisih
BRIS,2020-10-22,Harga Selisih
BRIS,2020-10-23,Harga Selisih
BRIS,2020-10-26,Harga Selisih
BRIS,2020-10-27,Harga Selisih
BRIS,2020-11-02,Harga Selisih
BRIS,2020-11-03,Harga Selisih
BRIS,2020-11-04,Harga Selisih
BRIS,2020-11-05,Harga Selisih
BRIS,2020-11-06,Harga Selisih
BRIS,2020-11-09,Harga Selisih
BRIS,2020-11-10,Harga Selisih
BRIS,2020-11-11,Harga Selisih
BRIS,2020-11-12,Harga Selisih
BRIS,2020-11-13,Harga Selisih
BRIS,2020-11-16,Harga Selisih
BRIS,2020-11-17,Harga Selisih
BRIS,2020-11-18,Harga Selisih
BRIS,2020-11-19,Harga Selisih
BRIS,2020-11-20,Harga Selisih
BRIS,2020-11-23,Harga Selisih
BRIS,2020-11-24,Harga Selisih
BRIS,2020-11-25,Harga Selisih
BRIS,2020-11-26,Harga Selisih
BRIS,2020-11-27,Harga Selisih
BRIS,2020-11-30,Harga Selisih
BRIS,2020-12-01,Harga Selisih
BRIS,2020-12-02,Harga Selisih
BRIS,2020-12-03,Harga Selisih
BRIS,2020-12-04,Harga Selisih
BRIS,2020-12-07,Harga Selisih
BRIS,2020-12-08,Harga Selisih
BRIS,2020-12-10,Harga Selisih
BRIS,2020-12-11,Harga Selisih
BRIS,2020-12-14,Harga Selisih
BRIS,2020-12-15,Harga Selisih
BRIS,2020-12-16,Harga Selisih
BRIS,2020-12-17,Harga Selisih
BRIS,2020-12-18,Harga Selisih
BRIS,2020-12-21,Harga Selisih
BRIS,2020-12-22,Harga Selisih
BRIS,2020-12-23,Harga Selisih
BRIS,2020-12-28,Harga Selisih
BRIS,2020-12-29,Harga Selisih
BRIS,2020-12-30,Harga Selisih
BRIS,2021-01-04,Harga Selisih
BRIS,2021-01-05,Harga Selisih
BRIS,2021-01-06,Harga Selisih
BRIS,2021-01-07,Harga Selisih
BRIS,2021-01-08,Harga Selisih
BRIS,2021-01-11,Harga Selisih
BRIS,2021-01-12,Harga Selisih
BRIS,2021-01-13,Harga Selisih
BRIS,2021-01-14,Harga Selisih
BRIS,2021-01-15,Harga Selisih
BRIS,2021-01-18,Harga Selisih
BRIS,2021-01-19,Harga Selisih
BRIS,2021-01-20,Harga Selisih
BRIS,2021-01-21,Harga Selisih
BRIS,2021-01-22,Harga Selisih
BRIS,2021-01-25,Harga Selisih
BRIS,2021-01-26,Harga Selisih
BRIS,2021-01-27,Harga Selisih
BRIS,2021-01-28,Harga Selisih
BRIS,2021-01-29,Harga Selisih
BRIS,2021-02-01,Harga Selisih
BRIS,2021-02-02,Harga Selisih
BRIS,2021-02-03,Harga Selisih
BRIS,2021-02-04,Harga Selisih
BRIS,2021-02-05,Harga Selisih
BRIS,2021-02-08,Harga Selisih
BRIS,2021-02-09,Harga Selisih
BRIS,2021-02-10,Harga Selisih
BRIS,2021-02-11,Harga Selisih
BRIS,2021-02-15,Harga Selisih
BRIS,2021-02-16,Harga Selisih
BRIS,2021-02-17,Harga Selisih
BRIS,2021-02-18,Harga Selisih
BRIS,2021-02-19,Harga Selisih
BRIS,2021-02-22,Harga Selisih
BRIS,2021-02-23,Harga Selisih
BRIS,2021-02-24,Harga Selisih
BRIS,2021-02-25,Harga Selisih
BRIS,2021-02-26,Harga Selisih
BRIS,2021-03-01,Harga Selisih
BRIS,2021-03-02,Harga Selisih
BRIS,2021-03-03,Harga Selisih
BRIS,2021-03-04,Harga Selisih
BRIS,2021-03-05,Harga Selisih
BRIS,2021-03-08,Harga Selisih
BRIS,2021-03-09,Harga Selisih
BRIS,2021-03-10,Harga Selisih
BRIS,2021-03-12,Harga Selisih
BRIS,2021-03-15,Harga Selisih
BRIS,2021-03-16,Harga Selisih
BRIS,2021-03-17,Harga Selisih
BRIS,2021-03-18,Harga Selisih
BRIS,2021-03-19,Harga Selisih
BRIS,2021-03-22,Harga Selisih
BRIS,2021-03-23,Harga Selisih
BRIS,2021-03-24,Harga Selisih
BRIS,2021-03-25,Harga Selisih
BRIS,2021-03-26,Harga Selisih
BRIS,2021-03-29,Harga Selisih
BRIS,2021-03-30,Harga Selisih
BRIS,2021-03-31,Harga Selisih
BRIS,2021-04-01,Harga Selisih
BRIS,2021-04-05,Harga Selisih
BRIS,2021-04-06,Harga Selisih
BRIS,2021-04-07,Harga Selisih
BRIS,2021-04-08,Harga Selisih
BRIS,2021-04-09,Harga Selisih
BRIS,2021-04-12,Harga Selisih
BRIS,2021-04-13,Harga Selisih
BRIS,2021-04-14,Harga Selisih
BRIS,2021-04-15,Harga Selisih
BRIS,2021-04-16,Harga Selisih
BRIS,2021-04-19,Harga Selisih
BRIS,2021-04-20,Harga Selisih
BRIS,2021-04-21,Harga Selisih
BRIS,2021-04-22,Harga Selisih
BRIS,2021-04-23,Harga Selisih
BRIS,2021-04-26,Harga Selisih
BRIS,2021-04-27,Harga Selisih
BRIS,2021-04-28,Harga Selisih
BRIS,2021-04-29,Harga Selisih
BRIS,2021-04-30,Harga Selisih
BRIS,2021-05-03,Harga Selisih
BRIS,2021-05-04,Harga Selisih
BRIS,2021-05-05,Harga Selisih
BRIS,2021-05-06,Harga Selisih
BRIS,2021-05-07,Harga Selisih
BRIS,2021-05-10,Harga Selisih
BRIS,2021-05-11,Harga Selisih
BRIS,2021-05-17,Harga Selisih
BRIS,2021-05-18,Harga Selisih
BRIS,2021-05-19,Harga Selisih
BRIS,2021-05-20,Harga Selisih
BRIS,2021-05-21,Harga Selisih
BRIS,2021-05-24,Harga Selisih
BRIS,2021-05-25,Harga Selisih
BRIS,2021-05-27,Harga Selisih
BRIS,2021-05-28,Harga Selisih
BRIS,2021-05-31,Harga Selisih
BRIS,2021-06-02,Harga Selisih
BRIS,2021-06-03,Harga Selisih
BRIS,2021-06-04,Harga Selisih
BRIS,2021-06-07,Harga Selisih
BRIS,2021-06-08,Harga Selisih
BRIS,2021-06-09,Harga Selisih
BRIS,2021-06-10,Harga Selisih
BRIS,2021-06-11,Harga Selisih
BRIS,2021-06-14,Harga Selisih
BRIS,2021-06-15,Harga Selisih
BRIS,2021-06-16,Harga Selisih
BRIS,2021-06-17,Harga Selisih
BRIS,2021-06-18,Harga Selisih
BRIS,2021-06-21,Harga Selisih
BRIS,2021-06-22,Harga Selisih
BRIS,2021-06-23,Harga Selisih
BRIS,2021-06-24,Harga Selisih
BRIS,2021-06-25,Harga Selisih
BRIS,2021-06-28,Harga Selisih
BRIS,2021-06-29,Harga Selisih
BRIS,2021-06-30,Harga Selisih
BRIS,2021-07-01,Harga Selisih
BRIS,2021-07-02,Harga Selisih
BRIS,2021-07-05,Harga Selisih
BRIS,2021-07-06,Harga Selisih
BRIS,2021-07-07,Harga Selisih
BRIS,2021-07-08,Harga Selisih
BRIS,2021-07-09,Harga Selisih
BRIS,2021-07-12,Harga Selisih
BRIS,2021-07-13,Harga Selisih
BRIS,2021-07-14,Harga Selisih
BRIS,2021-07-15,Harga Selisih
BRIS,2021-07-16,Harga Selisih
BRIS,2021-07-19,Harga Selisih
BRIS,2021-07-21,Harga Selisih
BRIS,2021-07-22,Harga Selisih
BRIS,2021-07-23,Harga Selisih
BRIS,2021-07-26,Harga Selisih
BRIS,2021-07-27,Harga Selisih
BRIS,2021-07-28,Harga Selisih
BRIS,2021-07-29,Harga Selisih
BRIS,2021-07-30,Harga Selisih
BRIS,2021-08-02,Harga Selisih
BRIS,2021-08-03,Harga Selisih
BRIS,2021-08-04,Harga Selisih
BRIS,2021-08-05,Harga Selisih
BRIS,2021-08-06,Harga Selisih
BRIS,2021-08-09,Harga Selisih
BRIS,2021-08-10,Harga Selisih
BRIS,2021-08-12,Harga Selisih
BRIS,2021-08-13,Harga Selisih
BRIS,2021-08-16,Harga Selisih
BRIS,2021-08-18,Harga Selisih
BRIS,2021-08-19,Harga Selisih
BRIS,2021-08-20,Harga Selisih
BRIS,2021-08-23,Harga Selisih
BRIS,2021-08-24,Harga Selisih
BRIS,2021-08-25,Harga Selisih
BRIS,2021-08-26,Harga Selisih
BRIS,2021-08-27,Harga Selisih
BRIS,2021-08-30,Harga Selisih
BRIS,2021-08-31,Harga Selisih
BRIS,2021-09-01,Harga Selisih
BRIS,2021-09-02,Harga Selisih
BRIS,2021-09-03,Harga Selisih
BRIS,2021-09-06,Harga Selisih
BRIS,2021-09-07,Harga Selisih
BRIS,2021-09-08,Harga Selisih
BRIS,2021-09-09,Harga Selisih
BRIS,2021-09-10,Harga Selisih
BRIS,2021-09-13,Harga Selisih
BRIS,2021-09-14,Harga Selisih
BRIS,2021-09-15,Harga Selisih
BRIS,2021-09-16,Harga Selisih
BRIS,2021-09-17,Harga Selisih
BRIS,2021-09-20,Harga Selisih
BRIS,2021-09-21,Harga Selisih
BRIS,2021-09-22,Harga Selisih
BRIS,2021-09-23,Harga Selisih
BRIS,2021-09-24,Harga Selisih
BRIS,2021-09-27,Harga Selisih
BRIS,2021-09-28,Harga Selisih
BRIS,2021-09-29,Harga Selisih
BRIS,2021-09-30,Harga Selisih
BRIS,2021-10-01,Harga Selisih
BRIS,2021-10-04,Harga Selisih
BRIS,2021-10-05,Harga Selisih
BRIS,2021-10-06,Harga Selisih
BRIS,2021-10-07,Harga Selisih
BRIS,2021-10-08,Harga Selisih
BRIS,2021-10-11,Harga Selisih
BRIS,2021-10-12,Harga Selisih
BRIS,2021-10-13,Harga Selisih
BRIS,2021-10-14,Harga Selisih
BRIS,2021-10-15,Harga Selisih
BRIS,2021-10-18,Harga Selisih
BRIS,2021-10-19,Harga Selisih
BRIS,2021-10-21,Harga Selisih
BRIS,2021-10-22,Harga Selisih
BRIS,2021-10-25,Harga Selisih
BRIS,2021-10-26,Harga Selisih
BRIS,2021-10-27,Harga Selisih
BRIS,2021-10-28,Harga Selisih
BRIS,2021-10-29,Harga Selisih
BRIS,2021-11-01,Harga Selisih
BRIS,2021-11-02,Harga Selisih
BRIS,2021-11-03,Harga Selisih
BRIS,2021-11-04,Harga Selisih
BRIS,2021-11-05,Harga Selisih
BRIS,2021-11-08,Harga Selisih
BRIS,2021-11-09,Harga Selisih
BRIS,2021-11-10,Harga Selisih
BRIS,2021-11-11,Harga Selisih
BRIS,2021-11-12,Harga Selisih
BRIS,2021-11-15,Harga Selisih
BRIS,2021-11-16,Harga Selisih
BRIS,2021-11-17,Harga Selisih
BRIS,2021-11-18,Harga Selisih
BRIS,2021-11-19,Harga Selisih
BRIS,2021-11-22,Harga Selisih
BRIS,2021-11-23,Harga Selisih
BRIS,2021-11-24,Harga Selisih
BRIS,2021-11-25,Harga Selisih
BRIS,2021-11-26,Harga Selisih
BRIS,2021-11-29,Harga Selisih
BRIS,2021-11-30,Harga Selisih
BRIS,2021-12-01,Harga Selisih
BRIS,2021-12-02,Harga Selisih
BRIS,2021-12-03,Harga Selisih
BRIS,2021-12-06,Harga Selisih
BRIS,2021-12-07,Harga Selisih
BRIS,2021-12-08,Harga Selisih
BRIS,2021-12-09,Harga Selisih
BRIS,2021-12-10,Harga Selisih
BRIS,2021-12-13,Harga Selisih
BRIS,2021-12-14,Harga Selisih
BRIS,2021-12-15,Harga Selisih
BRIS,2021-12-16,Harga Selisih
BRIS,2021-12-17,Harga Selisih
BRIS,2021-12-20,Harga Selisih
BRIS,2021-12-21,Harga Selisih
BRIS,2021-12-22,Harga Selisih
BRIS,2021-12-23,Harga Selisih
BRIS,2021-12-24,Harga Selisih
BRIS,2021-12-27,Harga Selisih
BRIS,2021-12-28,Harga Selisih
BRIS,2021-12-29,Harga Selisih
BRIS,2021-12-30,Harga Selisih
BRIS,2022-01-03,Harga Selisih
BRIS,2022-01-04,Harga Selisih
BRIS,2022-01-05,Harga Selisih
BRIS,2022-01-06,Harga Selisih
BRIS,2022-01-07,Harga Selisih
BRIS,2022-01-10,Harga Selisih
BRIS,2022-01-11,Harga Selisih
BRIS,2022-01-12,Harga Selisih
BRIS,2022-01-13,Harga Selisih
BRIS,2022-01-14,Harga Selisih
BRIS,2022-01-17,Harga Selisih
BRIS,2022-01-18,Harga Selisih
BRIS,2022-01-19,Harga Selisih
BRIS,2022-01-20,Harga Selisih
BRIS,2022-01-21,Harga Selisih
BRIS,2022-01-24,Harga Selisih
BRIS,2022-01-25,Harga Selisih
BRIS,2022-01-26,Harga Selisih
BRIS,2022-01-27,Harga Selisih
BRIS,2022-01-28,Harga Selisih
BRIS,2022-01-31,Harga Selisih
BRIS,2022-02-02,Harga Selisih
BRIS,2022-02-03,Harga Selisih
BRIS,2022-02-04,Harga Selisih
BRIS,2022-02-07,Harga Selisih
BRIS,2022-02-08,Harga Selisih
BRIS,2022-02-09,Harga Selisih
BRIS,2022-02-10,Harga Selisih
BRIS,2022-02-11,Harga Selisih
BRIS,2022-02-14,Harga Selisih
BRIS,2022-02-15,Harga Selisih
BRIS,2022-02-16,Harga Selisih
BRIS,2022-02-17,Harga Selisih
BRIS,2022-02-18,Harga Selisih
BRIS,2022-02-21,Harga Selisih
BRIS,2022-02-22,Harga Selisih
BRIS,2022-02-23,Harga Selisih
BRIS,2022-02-24,Harga Selisih
BRIS,2022-02-25,Harga Selisih
BRIS,2022-03-01,Harga Selisih
BRIS,2022-03-02,Harga Selisih
BRIS,2022-03-04,Harga Selisih
BRIS,2022-03-07,Harga Selisih
BRIS,2022-03-08,Harga Selisih
BRIS,2022-03-09,Harga Selisih
BRIS,2022-03-10,Harga Selisih
BRIS,2022-03-11,Harga Selisih
BRIS,2022-03-14,Harga Selisih
BRIS,2022-03-15,Harga Selisih
BRIS,2022-03-16,Harga Selisih
BRIS,2022-03-17,Harga Selisih
BRIS,2022-03-18,Harga Selisih
BRIS,2022-03-21,Harga Selisih
BRIS,2022-03-22,Harga Selisih
BRIS,2022-03-23,Harga Selisih
BRIS,2022-03-24,Harga Selisih
BRIS,2022-03-25,Harga Selisih
BRIS,2022-03-28,Harga Selisih
BRIS,2022-03-29,Harga Selisih
BRIS,2022-03-30,Harga Selisih
BRIS,2022-03-31,Harga Selisih
BRIS,2022-04-01,Harga Selisih
BRIS,2022-04-04,Harga Selisih
BRIS,2022-04-05,Harga Selisih
BRIS,2022-04-06,Harga Selisih
BRIS,2022-04-07,Harga Selisih
BRIS,2022-04-08,Harga Selisih
BRIS,2022-04-11,Harga Selisih
BRIS,2022-04-12,Harga Selisih
BRIS,2022-04-13,Harga Selisih
BRIS,2022-04-14,Harga Selisih
BRIS,2022-04-18,Harga Selisih
BRIS,2022-04-19,Harga Selisih
BRIS,2022-04-20,Harga Selisih
BRIS,2022-04-21,Harga Selisih
BRIS,2022-04-22,Harga Selisih
BRIS,2022-04-25,Harga Selisih
BRIS,2022-04-26,Harga Selisih
BRIS,2022-04-27,Harga Selisih
BRIS,2022-04-28,Harga Selisih
BRIS,2022-05-09,Harga Selisih
BRIS,2022-05-10,Harga Selisih
BRIS,2022-05-11,Harga Selisih
BRIS,2022-05-12,Harga Selisih
BRIS,2022-05-13,Harga Selisih
BRIS,2022-05-17,Harga Selisih
BRIS,2022-05-18,Harga Selisih
BRIS,2022-05-19,Harga Selisih
BRIS,2022-05-20,Harga Selisih
BRIS,2022-05-23,Harga Selisih
BRIS,2022-05-24,Harga Selisih
BRIS,2022-05-25,Harga Selisih
BRIS,2022-05-27,Harga Selisih
BRIS,2022-05-30,Harga Selisih
BRIS,2022-05-31,Harga Selisih
BRIS,2022-06-02,Harga Selisih
BRIS,2022-06-03,Harga Selisih
BRIS,2022-06-06,Harga Selisih
BRIS,2022-06-07,Harga Selisih
BRIS,2022-06-08,Harga Selisih
BRIS,2022-06-09,Harga Selisih
BRIS,2022-06-10,Harga Selisih
BRIS,2022-06-13,Harga Selisih
BRIS,2022-06-14,Harga Selisih
BRIS,2022-06-15,Harga Selisih
BRIS,2022-06-16,Harga Selisih
BRIS,2022-06-17,Harga Selisih
BRIS,2022-06-20,Harga Selisih
BRIS,2022-06-21,Harga Selisih
BRIS,2022-06-22,Harga Selisih
BRIS,2022-06-23,Harga Selisih
BRIS,2022-06-24,Harga Selisih
BRIS,2022-06-27,Harga Selisih
BRIS,2022-06-28,Harga Selisih
BRIS,2022-06-29,Harga Selisih
BRIS,2022-06-30,Harga Selisih
BRIS,2022-07-01,Harga Selisih
BRIS,2022-07-04,Harga Selisih
BRIS,2022-07-05,Harga Selisih
BRIS,2022-07-06,Harga Selisih
BRIS,2022-07-07,Harga Selisih
BRIS,2022-07-08,Harga Selisih
BRIS,2022-07-11,Harga Selisih
BRIS,2022-07-12,Harga Selisih
BRIS,2022-07-13,Harga Selisih
BRIS,2022-07-14,Harga Selisih
BRIS,2022-07-15,Harga Selisih
BRIS,2022-07-18,Harga Selisih
BRIS,2022-07-19,Harga Selisih
BRIS,2022-07-20,Harga Selisih
BRIS,2022-07-21,Harga Selisih
BRIS,2022-07-22,Harga Selisih
BRIS,2022-07-25,Harga Selisih
BRIS,2022-07-26,Harga Selisih
BRIS,2022-07-27,Harga Selisih
BRIS,2022-07-28,Harga Selisih
BRIS,2022-07-29,Harga Selisih
BRIS,2022-08-01,Harga Selisih
BRIS,2022-08-02,Harga Selisih
BRIS,2022-08-03,Harga Selisih
BRIS,2022-08-04,Harga Selisih
BRIS,2022-08-05,Harga Selisih
BRIS,2022-08-08,Harga Selisih
BRIS,2022-08-09,Harga Selisih
BRIS,2022-08-10,Harga Selisih
BRIS,2022-08-11,Harga Selisih
BRIS,2022-08-12,Harga Selisih
BRIS,2022-08-15,Harga Selisih
BRIS,2022-08-16,Harga Selisih
BRIS,2022-08-18,Harga Selisih
BRIS,2022-08-19,Harga Selisih
BRIS,2022-08-22,Harga Selisih
BRIS,2022-08-23,Harga Selisih
BRIS,2022-08-24,Harga Selisih
BRIS,2022-08-25,Harga Selisih
BRIS,2022-08-26,Harga Selisih
BRIS,2022-08-29,Harga Selisih
BRIS,2022-08-30,Harga Selisih
BRIS,2022-08-31,Harga Selisih
BRIS,2022-09-01,Harga Selisih
BRIS,2022-09-02,Harga Selisih
BRIS,2022-09-05,Harga Selisih
BRIS,2022-09-06,Harga Selisih
BRIS,2022-09-07,Harga Selisih
BRIS,2022-09-08,Harga Selisih
BRIS,2022-09-09,Harga Selisih
BRIS,2022-09-12,Harga Selisih
BRIS,2022-09-13,Harga Selisih
BRIS,2022-09-14,Harga Selisih
BRIS,2022-09-15,Harga Selisih
BRIS,2022-09-16,Harga Selisih
BRIS,2022-09-19,Harga Selisih
BRIS,2022-09-20,Harga Selisih
BRIS,2022-09-21,Harga Selisih
BRIS,2022-09-22,Harga Selisih
BRIS,2022-09-23,Harga Selisih
BRIS,2022-09-26,Harga Selisih
BRIS,2022-09-27,Harga Selisih
BRIS,2022-09-28,Harga Selisih
BRIS,2022-09-29,Harga Selisih
BRIS,2022-09-30,Harga Selisih
BRIS,2022-10-03,Harga Selisih
BRIS,2022-10-04,Harga Selisih
BRIS,2022-10-05,Harga Selisih
BRIS,2022-10-06,Harga Selisih
BRIS,2022-10-07,Harga Selisih
BRIS,2022-10-10,Harga Selisih
BRIS,2022-10-11,Harga Selisih
BRIS,2022-10-12,Harga Selisih
BRIS,2022-10-13,Harga Selisih
BRIS,2022-10-14,Harga Selisih
BRIS,2022-10-17,Harga Selisih
BRIS,2022-10-18,Harga Selisih
BRIS,2022-10-19,Harga Selisih
BRIS,2022-10-20,Harga Selisih
BRIS,2022-10-21,Harga Selisih
BRIS,2022-10-24,Harga Selisih
BRIS,2022-10-25,Harga Selisih
BRIS,2022-10-26,Harga Selisih
BRIS,2022-10-27,Harga Selisih
BRIS,2022-10-28,Harga Selisih
BRIS,2022-10-31,Harga Selisih
BRIS,2022-11-01,Harga Selisih
BRIS,2022-11-02,Harga Selisih
BRIS,2022-11-03,Harga Selisih
BRIS,2022-11-04,Harga Selisih
BRIS,2022-11-07,Harga Selisih
BRIS,2022-11-08,Harga Selisih
BRIS,2022-11-09,Harga Selisih
BRIS,2022-11-10,Harga Selisih
BRIS,2022-11-11,Harga Selisih
BRIS,2022-11-14,Harga Selisih
BRIS,2022-11-15,Harga Selisih
BRIS,2022-11-16,Harga Selisih
BRIS,2022-11-17,Harga Selisih
BRIS,2022-11-18,Harga Selisih
BRIS,2022-11-21,Harga Selisih
BRIS,2022-11-22,Harga Selisih
BRIS,2022-11-23,Harga Selisih
BRIS,2022-11-24,Harga Selisih
BRIS,2022-11-25,Harga Selisih
BRIS,2022-11-28,Harga Selisih
BRIS,2022-11-29,Harga Selisih
BRIS,2022-11-30,Harga Selisih
BRIS,2022-12-01,Harga Selisih
BRIS,2022-12-02,Harga Selisih
BRIS,2022-12-05,Harga Selisih
BRIS,2022-12-06,Harga Selisih
BRIS,2022-12-07,Harga Selisih
BRIS,2022-12-08,Harga Selisih
BRIS,2022-12-09,Harga Selisih
BRIS,2022-12-12,Harga Selisih
BRIS,2022-12-13,Harga Selisih
BRIS,2022-12-14,Harga Selisih
BRIS,2022-12-15,Harga Selisih
BRIS,2022-12-16,Harga Selisih
BRIS,2022-12-19,Harga Selisih
BRIS,2022-12-20,Harga Selisih
BRIS,2022-12-21,Harga Selisih
BRIS,2022-12-22,Harga Selisih
BRIS,2022-12-23,Harga Selisih
BRIS,2022-12-26,Harga Selisih
BRIS,2022-12-27,Harga Selisih
BRIS,2022-12-28,Harga Selisih
BRIS,2022-12-29,Harga Selisih
BRIS,2022-12-30,Harga Selisih
BRIS,2023-01-02,Harga Selisih
BRIS,2023-01-03,Harga Selisih
BRIS,2023-01-04,Harga Selisih
BRIS,2023-01-05,Harga Selisih
BRIS,2023-01-06,Harga Selisih
BRIS,2023-01-09,Harga Selisih
BRIS,2023-01-10,Harga Selisih
BRIS,2023-01-11,Harga Selisih
BRIS,2023-01-12,Harga Selisih
BRIS,2023-01-13,Harga Selisih
BRIS,2023-01-16,Harga Selisih
BRIS,2023-01-17,Harga Selisih
BRIS,2023-01-18,Harga Selisih
BRIS,2023-01-19,Harga Selisih
BRIS,2023-01-20,Harga Selisih
BRIS,2023-01-24,Harga Selisih
BRIS,2023-01-25,Harga Selisih
BRIS,2023-01-26,Harga Selisih
BRIS,2023-01-27,Harga Selisih
BRIS,2023-01-30,Harga Selisih
BRIS,2023-01-31,Harga Selisih
BRIS,2023-02-01,Harga Selisih
BRIS,2023-02-02,Harga Selisih
BRIS,2023-02-03,Harga Selisih
BRIS,2023-02-06,Harga Selisih
BRIS,2023-02-07,Harga Selisih
BRIS,2023-02-08,Harga Selisih
BRIS,2023-02-09,Harga Selisih
BRIS,2023-02-10,Harga Selisih
BRIS,2023-02-13,Harga Selisih
BRIS,2023-02-14,Harga Selisih
BRIS,2023-02-15,Harga Selisih
BRIS,2023-02-16,Harga Selisih
BRIS,2023-02-17,Harga Selisih
BRIS,2023-02-20,Harga Selisih
BRIS,2023-02-21,Harga Selisih
BRIS,2023-02-22,Harga Selisih
BRIS,2023-02-23,Harga Selisih
BRIS,2023-02-24,Harga Selisih
BRIS,2023-02-27,Harga Selisih
BRIS,2023-02-28,Harga Selisih
BRIS,2023-03-01,Harga Selisih
BRIS,2023-03-02,Harga Selisih
BRIS,2023-03-03,Harga Selisih
BRIS,2023-03-06,Harga Selisih
BRIS,2023-03-07,Harga Selisih
BRIS,2023-03-08,Harga Selisih
BRIS,2023-03-09,Harga Selisih
BRIS,2023-03-10,Harga Selisih
BRIS,2023-03-13,Harga Selisih
BRIS,2023-03-14,Harga Selisih
BRIS,2023-03-15,Harga Selisih
BRIS,2023-03-16,Harga Selisih
BRIS,2023-03-17,Harga Selisih
BRIS,2023-03-20,Harga Selisih
BRIS,2023-03-21,Harga Selisih
BRIS,2023-03-24,Harga Selisih
BRIS,2023-03-27,Harga Selisih
BRIS,2023-03-28,Harga Selisih
BRIS,2023-03-29,Harga Selisih
BRIS,2023-03-30,Harga Selisih
BRIS,2023-03-31,Harga Selisih
BRIS,2023-04-03,Harga Selisih
BRIS,2023-04-04,Harga Selisih
BRIS,2023-04-05,Harga Selisih
BRIS,2023-04-06,Harga Selisih
BRIS,2023-04-10,Harga Selisih
BRIS,2023-04-11,Harga Selisih
BRIS,2023-04-12,Harga Selisih
BRIS,2023-04-13,Harga Selisih
BRIS,2023-04-14,Harga Selisih
BRIS,2023-04-17,Harga Selisih
BRIS,2023-04-18,Harga Selisih
BRIS,2023-04-26,Harga Selisih
BRIS,2023-04-27,Harga Selisih
BRIS,2023-04-28,Harga Selisih
BRIS,2023-05-02,Harga Selisih
BRIS,2023-05-03,Harga Selisih
BRIS,2023-05-04,Harga Selisih
BRIS,2023-05-05,Harga Selisih
BRIS,2023-05-08,Harga Selisih
BRIS,2023-05-09,Harga Selisih
BRIS,2023-05-10,Harga Selisih
BRIS,2023-05-11,Harga Selisih
BRIS,2023-05-12,Harga Selisih
BRIS,2023-05-15,Harga Selisih
BRIS,2023-05-16,Harga Selisih
BRIS,2023-05-17,Harga Selisih
BRIS,2023-05-19,Harga Selisih
BRIS,2023-05-22,Harga Selisih
BRIS,2023-05-23,Harga Selisih
BRIS,2023-05-24,Harga Selisih
BRIS,2023-05-25,Harga Selisih
BRIS,2023-05-26,Harga Selisih
BRIS,2023-05-29,Harga Selisih
BRIS,2023-05-30,Harga Selisih
BRIS,2023-05-31,Harga Selisih
BRIS,2023-06-05,Harga Selisih
BRIS,2023-06-06,Harga Selisih
BRIS,2023-06-07,Harga Selisih
BRIS,2023-06-08,Harga Selisih
BRIS,2023-06-09,Harga Selisih
BRIS,2023-06-12,Harga Selisih
BRIS,2023-06-13,Harga Selisih
BRIS,2023-06-14,Harga Selisih
BRIS,2023-06-15,Harga Selisih
BRIS,2023-06-16,Harga Selisih
BRIS,2023-06-19,Harga Selisih
BRIS,2023-06-20,Harga Selisih
BRIS,2023-06-21,Harga Selisih
BRIS,2023-06-22,Harga Selisih
BRIS,2023-06-23,Harga Selisih
BRIS,2023-06-26,Harga Selisih
BRIS,2023-06-27,Harga Selisih
BRIS,2023-07-03,Harga Selisih
BRIS,2023-07-04,Harga Selisih
BRIS,2023-07-05,Harga Selisih
BRIS,2023-07-06,Harga Selisih
BRIS,2023-07-07,Harga Selisih
BRIS,2023-07-10,Harga Selisih
BRIS,2023-07-11,Harga Selisih
BRIS,2023-07-12,Harga Selisih
BRIS,2023-07-13,Harga Selisih
BRIS,2023-07-14,Harga Selisih
BRIS,2023-07-17,Harga Selisih
BRIS,2023-07-18,Harga Selisih
BRIS,2023-07-20,Harga Selisih
BRIS,2023-07-21,Harga Selisih
BRIS,2023-07-24,Harga Selisih
BRIS,2023-07-25,Harga Selisih
BRIS,2023-07-26,Harga Selisih
BRIS,2023-07-27,Harga Selisih
BRIS,2023-07-28,Harga Selisih
BRIS,2023-07-31,Harga Selisih
BRIS,2023-08-01,Harga Selisih
BRIS,2023-08-02,Harga Selisih
BRIS,2023-08-03,Harga Selisih
BRIS,2023-08-04,Harga Selisih
BRIS,2023-08-07,Harga Selisih
BRIS,2023-08-08,Harga Selisih
BRIS,2023-08-09,Harga Selisih
BRIS,2023-08-10,Harga Selisih
BRIS,2023-08-11,Harga Selisih
BRIS,2023-08-14,Harga Selisih
BRIS,2023-08-15,Harga Selisih
BRIS,2023-08-16,Harga Selisih
BRIS,2023-08-18,Harga Selisih
BRIS,2023-08-21,Harga Selisih
BRIS,2023-08-22,Harga Selisih
BRIS,2023-08-23,Harga Selisih
BRIS,2023-08-24,Harga Selisih
BRIS,2023-08-25,Harga Selisih
BRIS,2023-08-28,Harga Selisih
BRIS,2023-08-29,Harga Selisih
BRIS,2023-08-30,Harga Selisih
BRIS,2023-08-31,Harga Selisih
BRIS,2023-09-01,Harga Selisih
BRIS,2023-09-04,Harga Selisih
BRIS,2023-09-05,Harga Selisih
BRIS,2023-09-06,Harga Selisih
BRIS,2023-09-07,Harga Selisih
BRIS,2023-09-08,Harga Selisih
BRIS,2023-09-11,Harga Selisih
BRIS,2023-09-12,Harga Selisih
BRIS,2023-09-13,Harga Selisih
BRIS,2023-09-14,Harga Selisih
BRIS,2023-09-15,Harga Selisih
BRIS,2023-09-18,Harga Selisih
BRIS,2023-09-19,Harga Selisih
BRIS,2023-09-20,Harga Selisih
BRIS,2023-09-21,Harga Selisih
BRIS,2023-09-22,Harga Selisih
BRIS,2023-09-25,Harga Selisih
BRIS,2023-09-26,Harga Selisih
BRIS,2023-09-27,Harga Selisih
BRIS,2023-09-29,Harga Selisih
BRIS,2023-10-02,Harga Selisih
BRIS,2023-10-03,Harga Selisih
BRIS,2023-10-04,Harga Selisih
BRIS,2023-10-05,Harga Selisih
BRIS,2023-10-06,Harga Selisih
BRIS,2023-10-09,Harga Selisih
BRIS,2023-10-10,Harga Selisih
BRIS,2023-10-11,Harga Selisih
BRIS,2023-10-12,Harga Selisih
BRIS,2023-10-13,Harga Selisih
BRIS,2023-10-16,Harga Selisih
BRIS,2023-10-17,Harga Selisih
BRIS,2023-10-18,Harga Selisih
BRIS,2023-10-19,Harga Selisih
BRIS,2023-10-20,Harga Selisih
BRIS,2023-10-23,Harga Selisih
BRIS,2023-10-24,Harga Selisih
BRIS,2023-10-25,Harga Selisih
BRIS,2023-10-26,Harga Selisih
BRIS,2023-10-27,Harga Selisih
BRIS,2023-10-30,Harga Selisih
BRIS,2023-10-31,Harga Selisih
BRIS,2023-11-01,Harga Selisih
BRIS,2023-11-02,Harga Selisih
BRIS,2023-11-03,Harga Selisih
BRIS,2023-11-06,Harga Selisih
BRIS,2023-11-07,Harga Selisih
BRIS,2023-11-08,Harga Selisih
BRIS,2023-11-09,Harga Selisih
BRIS,2023-11-10,Harga Selisih
BRIS,2023-11-13,Harga Selisih
BRIS,2023-11-14,Harga Selisih
BRIS,2023-11-15,Harga Selisih
BRIS,2023-11-16,Harga Selisih
BRIS,2023-11-17,Harga Selisih
BRIS,2023-11-20,Harga Selisih
BRIS,2023-11-21,Harga Selisih
BRIS,2023-11-22,Harga Selisih
BRIS,2023-11-23,Harga Selisih
BRIS,2023-11-24,Harga Selisih
BRIS,2023-11-27,Harga Selisih
BRIS,2023-11-28,Harga Selisih
BRIS,2023-11-29,Harga Selisih
BRIS,2023-11-30,Harga Selisih
BRIS,2023-12-01,Harga Selisih
BRIS,2023-12-04,Harga Selisih
BRIS,2023-12-05,Harga Selisih
BRIS,2023-12-06,Harga Selisih
BRIS,2023-12-07,Harga Selisih
BRIS,2023-12-08,Harga Selisih
BRIS,2023-12-11,Harga Selisih
BRIS,2023-12-12,Harga Selisih
BRIS,2023-12-13,Harga Selisih
BRIS,2023-12-14,Harga Selisih
BRIS,2023-12-15,Harga Selisih
BRIS,2023-12-18,Harga Selisih
BRIS,2023-12-19,Harga Selisih
BRIS,2023-12-20,Harga Selisih
BRIS,2023-12-21,Harga Selisih
BRIS,2023-12-22,Harga Selisih
BTPS,2019-12-26,Harga Selisih
BTPS,2019-12-27,Harga Selisih
BTPS,2019-12-30,Harga Selisih
BTPS,2020-01-02,Harga Selisih
BTPS,2020-01-03,Harga Selisih
BTPS,2020-01-06,Harga Selisih
BTPS,2020-01-07,Harga Selisih
BTPS,2020-01-08,Harga Selisih
BTPS,2020-01-09,Harga Selisih
BTPS,2020-01-10,Harga Selisih
BTPS,2020-01-13,Harga Selisih
BTPS,2020-01-14,Harga Selisih
BTPS,2020-01-15,Harga Selisih
BTPS,2020-01-16,Harga Selisih
BTPS,2020-01-17,Harga Selisih
BTPS,2020-01-20,Harga Selisih
BTPS,2020-01-21,Harga Selisih
BTPS,2020-01-22,Harga Selisih
BTPS,2020-01-23,Harga Selisih
BTPS,2020-01-24,Harga Selisih
BTPS,2020-01-27,Harga Selisih
BTPS,2020-01-28,Harga Selisih
BTPS,2020-01-29,Harga Selisih
BTPS,2020-01-30,Harga Selisih
BTPS,2020-01-31,Harga Selisih
BTPS,2020-02-03,Harga Selisih
BTPS,2020-02-04,Harga Selisih
BTPS,2020-02-05,Harga Selisih
BTPS,2020-02-06,Harga Selisih
BTPS,2020-02-07,Harga Selisih
BTPS,2020-02-10,Harga Selisih
BTPS,2020-02-11,Harga Selisih
BTPS,2020-02-12,Harga Selisih
BTPS,2020-02-13,Harga Selisih
BTPS,2020-02-14,Harga Selisih
BTPS,2020-02-17,Harga Selisih
BTPS,2020-02-18,Harga Selisih
BTPS,2020-02-19,Harga Selisih
BTPS,2020-02-20,Harga Selisih
BTPS,2020-02-21,Harga Selisih
BTPS,2020-02-24,Harga Selisih
BTPS,2020-02-25,Harga Selisih
BTPS,2020-02-26,Harga Selisih
BTPS,2020-02-27,Harga Selisih
BTPS,2020-02-28,Harga Selisih
BTPS,2020-03-02,Harga Selisih
BTPS,2020-03-03,Harga Selisih
BTPS,2020-03-04,Harga Selisih
BTPS,2020-03-05,Harga Selisih
BTPS,2020-03-06,Harga Selisih
BTPS,2020-03-09,Harga Selisih
BTPS,2020-03-10,Harga Selisih
BTPS,2020-03-11,Harga Selisih
BTPS,2020-03-12,Harga Selisih
BTPS,2020-03-13,Harga Selisih
BTPS,2020-03-16,Harga Selisih
BTPS,2020-03-17,Harga Selisih
BTPS,2020-03-18,Harga Selisih
BTPS,2020-03-19,Harga Selisih
BTPS,2020-03-20,Harga Selisih
BTPS,2020-03-23,Harga Selisih
BTPS,2020-03-24,Harga Selisih
BTPS,2020-03-26,Harga Selisih
BTPS,2020-03-27,Harga Selisih
BTPS,2020-03-30,Harga Selisih
BTPS,2020-03-31,Harga Selisih
BTPS,2020-04-01,Harga Selisih
BTPS,2020-04-02,Harga Selisih
BTPS,2020-04-03,Harga Selisih
BTPS,2020-04-06,Harga Selisih
BTPS,2020-04-07,Harga Selisih
BTPS,2020-04-08,Harga Selisih
BTPS,2020-04-09,Harga Selisih
BTPS,2020-04-13,Harga Selisih
BTPS,2020-04-14,Harga Selisih
BTPS,2020-04-15,Harga Selisih
BTPS,2020-04-16,Harga Selisih
BTPS,2020-04-17,Harga Selisih
BTPS,2020-04-20,Harga Selisih
BTPS,2020-04-21,Harga Selisih
BTPS,2020-04-22,Harga Selisih
BTPS,2020-04-23,Harga Selisih
BTPS,2020-04-24,Harga Selisih
BTPS,2020-04-27,Harga Selisih
BTPS,2020-04-28,Harga Selisih
BTPS,2020-04-29,Harga Selisih
BTPS,2020-04-30,Harga Selisih
BTPS,2020-05-04,Harga Selisih
BTPS,2020-05-05,Harga Selisih
BTPS,2020-05-06,Harga Selisih
BTPS,2020-05-08,Harga Selisih
BTPS,2020-05-11,Harga Selisih
BTPS,2020-05-12,Harga Selisih
BTPS,2020-05-13,Harga Selisih
BTPS,2020-05-14,Harga Selisih
BTPS,2020-05-15,Harga Selisih
BTPS,2020-05-18,Harga Selisih
BTPS,2020-05-19,Harga Selisih
BTPS,2020-05-20,Harga Selisih
BTPS,2020-05-26,Harga Selisih
BTPS,2020-05-27,Harga Selisih
BTPS,2020-05-28,Harga Selisih
BTPS,2020-05-29,Harga Selisih
BTPS,2020-06-02,Harga Selisih
BTPS,2020-06-03,Harga Selisih
BTPS,2020-06-04,Harga Selisih
BTPS,2020-06-05,Harga Selisih
BTPS,2020-06-08,Harga Selisih
BTPS,2020-06-09,Harga Selisih
BTPS,2020-06-10,Harga Selisih
BTPS,2020-06-11,Harga Selisih
BTPS,2020-06-12,Harga Selisih
BTPS,2020-06-15,Harga Selisih
BTPS,2020-06-16,Harga Selisih
BTPS,2020-06-17,Harga Selisih
BTPS,2020-06-18,Harga Selisih
BTPS,2020-06-19,Harga Selisih
BTPS,2020-06-22,Harga Selisih
BTPS,2020-06-23,Harga Selisih
BTPS,2020-06-24,Harga Selisih
BTPS,2020-06-25,Harga Selisih
BTPS,2020-06-26,Harga Selisih
BTPS,2020-06-29,Harga Selisih
BTPS,2020-06-30,Harga Selisih
BTPS,2020-07-01,Harga Selisih
BTPS,2020-07-02,Harga Selisih
BTPS,2020-07-03,Harga Selisih
BTPS,2020-07-06,Harga Selisih
BTPS,2020-07-07,Harga Selisih
BTPS,2020-07-08,Harga Selisih
BTPS,2020-07-09,Harga Selisih
BTPS,2020-07-10,Harga Selisih
BTPS,2020-07-13,Harga Selisih
BTPS,2020-07-14,Harga Selisih
BTPS,2020-07-15,Harga Selisih
BTPS,2020-07-16,Harga Selisih
BTPS,2020-07-17,Harga Selisih
BTPS,2020-07-20,Harga Selisih
BTPS,2020-07-21,Harga Selisih
BTPS,2020-07-22,Harga Selisih
BTPS,2020-07-23,Harga Selisih
BTPS,2020-07-24,Harga Selisih
BTPS,2020-07-27,Harga Selisih
BTPS,2020-07-28,Harga Selisih
BTPS,2020-07-29,Harga Selisih
BTPS,2020-07-30,Harga Selisih
BTPS,2020-08-03,Harga Selisih
BTPS,2020-08-04,Harga Selisih
BTPS,2020-08-05,Harga Selisih
BTPS,2020-08-06,Harga Selisih
BTPS,2020-08-07,Harga Selisih
BTPS,2020-08-10,Harga Selisih
BTPS,2020-08-11,Harga Selisih
BTPS,2020-08-12,Harga Selisih
BTPS,2020-08-13,Harga Selisih
BTPS,2020-08-14,Harga Selisih
BTPS,2020-08-18,Harga Selisih
BTPS,2020-08-19,Harga Selisih
BTPS,2020-08-24,Harga Selisih
BTPS,2020-08-25,Harga Selisih
BTPS,2020-08-26,Harga Selisih
BTPS,2020-08-27,Harga Selisih
BTPS,2020-08-28,Harga Selisih
BTPS,2020-08-31,Harga Selisih
BTPS,2020-09-01,Harga Selisih
BTPS,2020-09-02,Harga Selisih
BTPS,2020-09-03,Harga Selisih
BTPS,2020-09-04,Harga Selisih
BTPS,2020-09-07,Harga Selisih
BTPS,2020-09-08,Harga Selisih
BTPS,2020-09-09,Harga Selisih
BTPS,2020-09-10,Harga Selisih
BTPS,2020-09-11,Harga Selisih
BTPS,2020-09-14,Harga Selisih
BTPS,2020-09-15,Harga Selisih
BTPS,2020-09-16,Harga Selisih
BTPS,2020-09-17,Harga Selisih
BTPS,2020-09-18,Harga Selisih
BTPS,2020-09-21,Harga Selisih
BTPS,2020-09-22,Harga Selisih
BTPS,2020-09-23,Harga Selisih
BTPS,2020-09-24,Harga Selisih
BTPS,2020-09-25,Harga Selisih
BTPS,2020-09-28,Harga Selisih
BTPS,2020-09-29,Harga Selisih
BTPS,2020-09-30,Harga Selisih
BTPS,2020-10-01,Harga Selisih
BTPS,2020-10-02,Harga Selisih
BTPS,2020-10-05,Harga Selisih
BTPS,2020-10-06,Harga Selisih
BTPS,2020-10-07,Harga Selisih
BTPS,2020-10-08,Harga Selisih
BTPS,2020-10-09,Harga Selisih
BTPS,2020-10-12,Harga Selisih
BTPS,2020-10-13,Harga Selisih
BTPS,2020-10-14,Harga Selisih
BTPS,2020-10-15,Harga Selisih
BTPS,2020-10-16,Harga Selisih
BTPS,2020-10-19,Harga Selisih
BTPS,2020-10-20,Harga Selisih
BTPS,2020-10-21,Harga Selisih
BTPS,2020-10-22,Harga Selisih
BTPS,2020-10-23,Harga Selisih
BTPS,2020-10-26,Harga Selisih
BTPS,2020-10-27,Harga Selisih
BTPS,2020-11-02,Harga Selisih
BTPS,2020-11-03,Harga Selisih
BTPS,2020-11-04,Harga Selisih
BTPS,2020-11-05,Harga Selisih
BTPS,2020-11-06,Harga Selisih
BTPS,2020-11-09,Harga Selisih
BTPS,2020-11-10,Harga Selisih
BTPS,2020-11-11,Harga Selisih
BTPS,2020-11-12,Harga Selisih
BTPS,2020-11-13,Harga Selisih
BTPS,2020-11-16,Harga Selisih
BTPS,2020-11-17,Harga Selisih
BTPS,2020-11-18,Harga Selisih
BTPS,2020-11-19,Harga Selisih
BTPS,2020-11-20,Harga Selisih
BTPS,2020-11-23,Harga Selisih
BTPS,2020-11-24,Harga Selisih
BTPS,2020-11-25,Harga Selisih
BTPS,2020-11-26,Harga Selisih
BTPS,2020-11-27,Harga Selisih
BTPS,2020-11-30,Harga Selisih
BTPS,2020-12-01,Harga Selisih
BTPS,2020-12-02,Harga Selisih
BTPS,2020-12-03,Harga Selisih
BTPS,2020-12-04,Harga Selisih
BTPS,2020-12-07,Harga Selisih
BTPS,2020-12-08,Harga Selisih
BTPS,2020-12-10,Harga Selisih
BTPS,2020-12-11,Harga Selisih
BTPS,2020-12-14,Harga Selisih
BTPS,2020-12-15,Harga Selisih
BTPS,2020-12-16,Harga Selisih
BTPS,2020-12-17,Harga Selisih
BTPS,2020-12-18,Harga Selisih
BTPS,2020-12-21,Harga Selisih
BTPS,2020-12-22,Harga Selisih
BTPS,2020-12-23,Harga Selisih
BTPS,2020-12-28,Harga Selisih
BTPS,2020-12-29,Harga Selisih
BTPS,2020-12-30,Harga Selisih
BTPS,2021-01-04,Harga Selisih
BTPS,2021-01-05,Harga Selisih
BTPS,2021-01-06,Harga Selisih
BTPS,2021-01-07,Harga Selisih
BTPS,2021-01-08,Harga Selisih
BTPS,2021-01-11,Harga Selisih
BTPS,2021-01-12,Harga Selisih
BTPS,2021-01-13,Harga Selisih
BTPS,2021-01-14,Harga Selisih
BTPS,2021-01-15,Harga Selisih
BTPS,2021-01-18,Harga Selisih
BTPS,2021-01-19,Harga Selisih
BTPS,2021-01-20,Harga Selisih
BTPS,2021-01-21,Harga Selisih
BTPS,2021-01-22,Harga Selisih
BTPS,2021-01-25,Harga Selisih
BTPS,2021-01-26,Harga Selisih
BTPS,2021-01-27,Harga Selisih
BTPS,2021-01-28,Harga Selisih
BTPS,2021-01-29,Harga Selisih
BTPS,2021-02-01,Harga Selisih
BTPS,2021-02-02,Harga Selisih
BTPS,2021-02-03,Harga Selisih
BTPS,2021-02-04,Harga Selisih
BTPS,2021-02-05,Harga Selisih
BTPS,2021-02-08,Harga Selisih
BTPS,2021-02-09,Harga Selisih
BTPS,2021-02-10,Harga Selisih
BTPS,2021-02-11,Harga Selisih
BTPS,2021-02-15,Harga Selisih
BTPS,2021-02-16,Harga Selisih
BTPS,2021-02-17,Harga Selisih
BTPS,2021-02-18,Harga Selisih
BTPS,2021-02-19,Harga Selisih
BTPS,2021-02-22,Harga Selisih
BTPS,2021-02-23,Harga Selisih
BTPS,2021-02-24,Harga Selisih
BTPS,2021-02-25,Harga Selisih
BTPS,2021-02-26,Harga Selisih
BTPS,2021-03-01,Harga Selisih
BTPS,2021-03-02,Harga Selisih
BTPS,2021-03-03,Harga Selisih
BTPS,2021-03-04,Harga Selisih
BTPS,2021-03-05,Harga Selisih
BTPS,2021-03-08,Harga Selisih
BTPS,2021-03-09,Harga Selisih
BTPS,2021-03-10,Harga Selisih
BTPS,2021-03-12,Harga Selisih
BTPS,2021-03-15,Harga Selisih
BTPS,2021-03-16,Harga Selisih
BTPS,2021-03-17,Harga Selisih
BTPS,2021-03-18,Harga Selisih
BTPS,2021-03-19,Harga Selisih
BTPS,2021-03-22,Harga Selisih
BTPS,2021-03-23,Harga Selisih
BTPS,2021-03-24,Harga Selisih
BTPS,2021-03-25,Harga Selisih
BTPS,2021-03-26,Harga Selisih
BTPS,2021-03-29,Harga Selisih
BTPS,2021-03-30,Harga Selisih
BTPS,2021-03-31,Harga Selisih
BTPS,2021-04-01,Harga Selisih
BTPS,2021-04-05,Harga Selisih
BTPS,2021-04-06,Harga Selisih
BTPS,2021-04-07,Harga Selisih
BTPS,2021-04-08,Harga Selisih
BTPS,2021-04-09,Harga Selisih
BTPS,2021-04-12,Harga Selisih
BTPS,2021-04-13,Harga Selisih
BTPS,2021-04-14,Harga Selisih
BTPS,2021-04-15,Harga Selisih
BTPS,2021-04-16,Harga Selisih
BTPS,2021-04-19,Harga Selisih
BTPS,2021-04-20,Harga Selisih
BTPS,2021-04-21,Harga Selisih
BTPS,2021-04-22,Harga Selisih
BTPS,2021-04-23,Harga Selisih
BTPS,2021-04-26,Harga Selisih
BTPS,2021-04-27,Harga Selisih
BTPS,2021-04-28,Harga Selisih
BTPS,2021-04-29,Harga Selisih
BTPS,2021-04-30,Harga Selisih
BTPS,2021-05-03,Harga Selisih
BTPS,2021-05-04,Harga Selisih
BTPS,2021-05-05,Harga Selisih
BTPS,2021-05-06,Harga Selisih
BTPS,2021-05-07,Harga Selisih
BTPS,2021-05-10,Harga Selisih
BTPS,2021-05-11,Harga Selisih
BTPS,2021-05-17,Harga Selisih
BTPS,2021-05-18,Harga Selisih
BTPS,2021-05-19,Harga Selisih
BTPS,2021-05-20,Harga Selisih
BTPS,2021-05-21,Harga Selisih
BTPS,2021-05-24,Harga Selisih
BTPS,2021-05-25,Harga Selisih
BTPS,2021-05-27,Harga Selisih
BTPS,2021-05-28,Harga Selisih
BTPS,2021-05-31,Harga Selisih
BTPS,2021-06-02,Harga Selisih
BTPS,2021-06-03,Harga Selisih
BTPS,2021-06-04,Harga Selisih
BTPS,2021-06-07,Harga Selisih
BTPS,2021-06-08,Harga Selisih
BTPS,2021-06-09,Harga Selisih
BTPS,2021-06-10,Harga Selisih
BTPS,2021-06-11,Harga Selisih
BTPS,2021-06-14,Harga Selisih
BTPS,2021-06-15,Harga Selisih
BTPS,2021-06-16,Harga Selisih
BTPS,2021-06-17,Harga Selisih
BTPS,2021-06-18,Harga Selisih
BTPS,2021-06-21,Harga Selisih
BTPS,2021-06-22,Harga Selisih
BTPS,2021-06-23,Harga Selisih
BTPS,2021-06-24,Harga Selisih
BTPS,2021-06-25,Harga Selisih
BTPS,2021-06-28,Harga Selisih
BTPS,2021-06-29,Harga Selisih
BTPS,2021-06-30,Harga Selisih
BTPS,2021-07-01,Harga Selisih
BTPS,2021-07-02,Harga Selisih
BTPS,2021-07-05,Harga Selisih
BTPS,2021-07-06,Harga Selisih
BTPS,2021-07-07,Harga Selisih
BTPS,2021-07-08,Harga Selisih
BTPS,2021-07-09,Harga Selisih
BTPS,2021-07-12,Harga Selisih
BTPS,2021-07-13,Harga Selisih
BTPS,2021-07-14,Harga Selisih
BTPS,2021-07-15,Harga Selisih
BTPS,2021-07-16,Harga Selisih
BTPS,2021-07-19,Harga Selisih
BTPS,2021-07-21,Harga Selisih
BTPS,2021-07-22,Harga Selisih
BTPS,2021-07-23,Harga Selisih
BTPS,2021-07-26,Harga Selisih
BTPS,2021-07-27,Harga Selisih
BTPS,2021-07-28,Harga Selisih
BTPS,2021-07-29,Harga Selisih
BTPS,2021-07-30,Harga Selisih
BTPS,2021-08-02,Harga Selisih
BTPS,2021-08-03,Harga Selisih
BTPS,2021-08-04,Harga Selisih
BTPS,2021-08-05,Harga Selisih
BTPS,2021-08-06,Harga Selisih
BTPS,2021-08-09,Harga Selisih
BTPS,2021-08-10,Harga Selisih
BTPS,2021-08-12,Harga Selisih
BTPS,2021-08-13,Harga Selisih
BTPS,2021-08-16,Harga Selisih
BTPS,2021-08-18,Harga Selisih
BTPS,2021-08-19,Harga Selisih
BTPS,2021-08-20,Harga Selisih
BTPS,2021-08-23,Harga Selisih
BTPS,2021-08-24,Harga Selisih
BTPS,2021-08-25,Harga Selisih
BTPS,2021-08-26,Harga Selisih
BTPS,2021-08-27,Harga Selisih
BTPS,2021-08-30,Harga Selisih
BTPS,2021-08-31,Harga Selisih
BTPS,2021-09-01,Harga Selisih
BTPS,2021-09-02,Harga Selisih
BTPS,2021-09-03,Harga Selisih
BTPS,2021-09-06,Harga Selisih
BTPS,2021-09-07,Harga Selisih
BTPS,2021-09-08,Harga Selisih
BTPS,2021-09-09,Harga Selisih
BTPS,2021-09-10,Harga Selisih
BTPS,2021-09-13,Harga Selisih
BTPS,2021-09-14,Harga Selisih
BTPS,2021-09-15,Harga Selisih
BTPS,2021-09-16,Harga Selisih
BTPS,2021-09-17,Harga Selisih
BTPS,2021-09-20,Harga Selisih
BTPS,2021-09-21,Harga Selisih
BTPS,2021-09-22,Harga Selisih
BTPS,2021-09-23,Harga Selisih
BTPS,2021-09-24,Harga Selisih
BTPS,2021-09-27,Harga Selisih
BTPS,2021-09-28,Harga Selisih
BTPS,2021-09-29,Harga Selisih
BTPS,2021-09-30,Harga Selisih
BTPS,2021-10-01,Harga Selisih
BTPS,2021-10-04,Harga Selisih
BTPS,2021-10-05,Harga Selisih
BTPS,2021-10-06,Harga Selisih
BTPS,2021-10-07,Harga Selisih
BTPS,2021-10-08,Harga Selisih
BTPS,2021-10-11,Harga Selisih
BTPS,2021-10-12,Harga Selisih
BTPS,2021-10-13,Harga Selisih
BTPS,2021-10-14,Harga Selisih
BTPS,2021-10-15,Harga Selisih
BTPS,2021-10-18,Harga Selisih
BTPS,2021-10-19,Harga Selisih
BTPS,2021-10-21,Harga Selisih
BTPS,2021-10-22,Harga Selisih
BTPS,2021-10-25,Harga Selisih
BTPS,2021-10-26,Harga Selisih
BTPS,2021-10-27,Harga Selisih
BTPS,2021-10-28,Harga Selisih
BTPS,2021-10-29,Harga Selisih
BTPS,2021-11-01,Harga Selisih
BTPS,2021-11-02,Harga Selisih
BTPS,2021-11-03,Harga Selisih
BTPS,2021-11-04,Harga Selisih
BTPS,2021-11-05,Harga Selisih
BTPS,2021-11-08,Harga Selisih
BTPS,2021-11-09,Harga Selisih
BTPS,2021-11-10,Harga Selisih
BTPS,2021-11-11,Harga Selisih
BTPS,2021-11-12,Harga Selisih
BTPS,2021-11-15,Harga Selisih
BTPS,2021-11-16,Harga Selisih
BTPS,2021-11-17,Harga Selisih
BTPS,2021-11-18,Harga Selisih
BTPS,2021-11-19,Harga Selisih
BTPS,2021-11-22,Harga Selisih
BTPS,2021-11-23,Harga Selisih
BTPS,2021-11-24,Harga Selisih
BTPS,2021-11-25,Harga Selisih
BTPS,2021-11-26,Harga Selisih
BTPS,2021-11-29,Harga Selisih
BTPS,2021-11-30,Harga Selisih
BTPS,2021-12-01,Harga Selisih
BTPS,2021-12-02,Harga Selisih
BTPS,2021-12-03,Harga Selisih
BTPS,2021-12-06,Harga Selisih
BTPS,2021-12-07,Harga Selisih
BTPS,2021-12-08,Harga Selisih
BTPS,2021-12-09,Harga Selisih
BTPS,2021-12-10,Harga Selisih
BTPS,2021-12-13,Harga Selisih
BTPS,2021-12-14,Harga Selisih
BTPS,2021-12-15,Harga Selisih
BTPS,2021-12-16,Harga Selisih
BTPS,2021-12-17,Harga Selisih
BTPS,2021-12-20,Harga Selisih
BTPS,2021-12-21,Harga Selisih
BTPS,2021-12-22,Harga Selisih
BTPS,2021-12-23,Harga Selisih
BTPS,2021-12-24,Harga Selisih
BTPS,2021-12-27,Harga Selisih
BTPS,2021-12-28,Harga Selisih
BTPS,2021-12-29,Harga Selisih
BTPS,2021-12-30,Harga Selisih
BTPS,2022-01-03,Harga Selisih
BTPS,2022-01-04,Harga Selisih
BTPS,2022-01-05,Harga Selisih
BTPS,2022-01-06,Harga Selisih
BTPS,2022-01-07,Harga Selisih
BTPS,2022-01-10,Harga Selisih
BTPS,2022-01-11,Harga Selisih
BTPS,2022-01-12,Harga Selisih
BTPS,2022-01-13,Harga Selisih
BTPS,2022-01-14,Harga Selisih
BTPS,2022-01-17,Harga Selisih
BTPS,2022-01-18,Harga Selisih
BTPS,2022-01-19,Harga Selisih
BTPS,2022-01-20,Harga Selisih
BTPS,2022-01-21,Harga Selisih
BTPS,2022-01-24,Harga Selisih
BTPS,2022-01-25,Harga Selisih
BTPS,2022-01-26,Harga Selisih
BTPS,2022-01-27,Harga Selisih
BTPS,2022-01-28,Harga Selisih
BTPS,2022-01-31,Harga Selisih
BTPS,2022-02-02,Harga Selisih
BTPS,2022-02-03,Harga Selisih
BTPS,2022-02-04,Harga Selisih
BTPS,2022-02-07,Harga Selisih
BTPS,2022-02-08,Harga Selisih
BTPS,2022-02-09,Harga Selisih
BTPS,2022-02-10,Harga Selisih
BTPS,2022-02-11,Harga Selisih
BTPS,2022-02-14,Harga Selisih
BTPS,2022-02-15,Harga Selisih
BTPS,2022-02-16,Harga Selisih
BTPS,2022-02-17,Harga Selisih
BTPS,2022-02-18,Harga Selisih
BTPS,2022-02-21,Harga Selisih
BTPS,2022-02-22,Harga Selisih
BTPS,2022-02-23,Harga Selisih
BTPS,2022-02-24,Harga Selisih
BTPS,2022-02-25,Harga Selisih
BTPS,2022-03-01,Harga Selisih
BTPS,2022-03-02,Harga Selisih
BTPS,2022-03-04,Harga Selisih
BTPS,2022-03-07,Harga Selisih
BTPS,2022-03-08,Harga Selisih
BTPS,2022-03-09,Harga Selisih
BTPS,2022-03-10,Harga Selisih
BTPS,2022-03-11,Harga Selisih
BTPS,2022-03-14,Harga Selisih
BTPS,2022-03-15,Harga Selisih
BTPS,2022-03-16,Harga Selisih
BTPS,2022-03-17,Harga Selisih
BTPS,2022-03-18,Harga Selisih
BTPS,2022-03-21,Harga Selisih
BTPS,2022-03-22,Harga Selisih
BTPS,2022-03-23,Harga Selisih
BTPS,2022-03-24,Harga Selisih
BTPS,2022-03-25,Harga Selisih
BTPS,2022-03-28,Harga Selisih
BTPS,2022-03-29,Harga Selisih
BTPS,2022-03-30,Harga Selisih
BTPS,2022-03-31,Harga Selisih
BTPS,2022-04-01,Harga Selisih
BTPS,2022-04-04,Harga Selisih
BTPS,2022-04-05,Harga Selisih
BTPS,2022-04-06,Harga Selisih
BTPS,2022-04-07,Harga Selisih
BTPS,2022-04-08,Harga Selisih
BTPS,2022-04-11,Harga Selisih
BTPS,2022-04-12,Harga Selisih
BTPS,2022-04-13,Harga Selisih
BTPS,2022-04-14,Harga Selisih
BTPS,2022-04-18,Harga Selisih
BTPS,2022-04-19,Harga Selisih
BTPS,2022-04-20,Harga Selisih
BTPS,2022-04-21,Harga Selisih
BTPS,2022-04-22,Harga Selisih
BTPS,2022-04-25,Harga Selisih
BTPS,2022-04-26,Harga Selisih
BTPS,2022-04-27,Harga Selisih
BTPS,2022-04-28,Harga Selisih
BTPS,2022-05-09,Harga Selisih
BTPS,2022-05-10,Harga Selisih
BTPS,2022-05-11,Harga Selisih
BTPS,2022-05-12,Harga Selisih
BTPS,2022-05-13,Harga Selisih
BTPS,2022-05-17,Harga Selisih
BTPS,2022-05-18,Harga Selisih
BTPS,2022-05-19,Harga Selisih
BTPS,2022-05-20,Harga Selisih
BTPS,2022-05-23,Harga Selisih
BTPS,2022-05-24,Harga Selisih
BTPS,2022-05-25,Harga Selisih
BTPS,2022-05-27,Harga Selisih
BTPS,2022-05-30,Harga Selisih
BTPS,2022-05-31,Harga Selisih
BTPS,2022-06-02,Harga Selisih
BTPS,2022-06-03,Harga Selisih
BTPS,2022-06-06,Harga Selisih
BTPS,2022-06-07,Harga Selisih
BTPS,2022-06-08,Harga Selisih
BTPS,2022-06-09,Harga Selisih
BTPS,2022-06-10,Harga Selisih
BTPS,2022-06-13,Harga Selisih
BTPS,2022-06-14,Harga Selisih
BTPS,2022-06-15,Harga Selisih
BTPS,2022-06-16,Harga Selisih
BTPS,2022-06-17,Harga Selisih
BTPS,2022-06-20,Harga Selisih
BTPS,2022-06-21,Harga Selisih
BTPS,2022-06-22,Harga Selisih
BTPS,2022-06-23,Harga Selisih
BTPS,2022-06-24,Harga Selisih
BTPS,2022-06-27,Harga Selisih
BTPS,2022-06-28,Harga Selisih
BTPS,2022-06-29,Harga Selisih
BTPS,2022-06-30,Harga Selisih
BTPS,2022-07-01,Harga Selisih
BTPS,2022-07-04,Harga Selisih
BTPS,2022-07-05,Harga Selisih
BTPS,2022-07-06,Harga Selisih
BTPS,2022-07-07,Harga Selisih
BTPS,2022-07-08,Harga Selisih
BTPS,2022-07-11,Harga Selisih
BTPS,2022-07-12,Harga Selisih
BTPS,2022-07-13,Harga Selisih
BTPS,2022-07-14,Harga Selisih
BTPS,2022-07-15,Harga Selisih
BTPS,2022-07-18,Harga Selisih
BTPS,2022-07-19,Harga Selisih
BTPS,2022-07-20,Harga Selisih
BTPS,2022-07-21,Harga Selisih
BTPS,2022-07-22,Harga Selisih
BTPS,2022-07-25,Harga Selisih
BTPS,2022-07-26,Harga Selisih
BTPS,2022-07-27,Harga Selisih
BTPS,2022-07-28,Harga Selisih
BTPS,2022-07-29,Harga Selisih
BTPS,2022-08-01,Harga Selisih
BTPS,2022-08-02,Harga Selisih
BTPS,2022-08-03,Harga Selisih
BTPS,2022-08-04,Harga Selisih
BTPS,2022-08-05,Harga Selisih
BTPS,2022-08-08,Harga Selisih
BTPS,2022-08-09,Harga Selisih
BTPS,2022-08-10,Harga Selisih
BTPS,2022-08-11,Harga Selisih
BTPS,2022-08-12,Harga Selisih
BTPS,2022-08-15,Harga Selisih
BTPS,2022-08-16,Harga Selisih
BTPS,2022-08-18,Harga Selisih
BTPS,2022-08-19,Harga Selisih
BTPS,2022-08-22,Harga Selisih
BTPS,2022-08-23,Harga Selisih
BTPS,2022-08-24,Harga Selisih
BTPS,2022-08-25,Harga Selisih
BTPS,2022-08-26,Harga Selisih
BTPS,2022-08-29,Harga Selisih
BTPS,2022-08-30,Harga Selisih
BTPS,2022-08-31,Harga Selisih
BTPS,2022-09-01,Harga Selisih
BTPS,2022-09-02,Harga Selisih
BTPS,2022-09-05,Harga Selisih
BTPS,2022-09-06,Harga Selisih
BTPS,2022-09-07,Harga Selisih
BTPS,2022-09-08,Harga Selisih
BTPS,2022-09-09,Harga Selisih
BTPS,2022-09-12,Harga Selisih
BTPS,2022-09-13,Harga Selisih
BTPS,2022-09-14,Harga Selisih
BTPS,2022-09-15,Harga Selisih
BTPS,2022-09-16,Harga Selisih
BTPS,2022-09-19,Harga Selisih
BTPS,2022-09-20,Harga Selisih
BTPS,2022-09-21,Harga Selisih
BTPS,2022-09-22,Harga Selisih
BTPS,2022-09-23,Harga Selisih
BTPS,2022-09-26,Harga Selisih
BTPS,2022-09-27,Harga Selisih
BTPS,2022-09-28,Harga Selisih
BTPS,2022-09-29,Harga Selisih
BTPS,2022-09-30,Harga Selisih
BTPS,2022-10-03,Harga Selisih
BTPS,2022-10-04,Harga Selisih
BTPS,2022-10-05,Harga Selisih
BTPS,2022-10-06,Harga Selisih
BTPS,2022-10-07,Harga Selisih
BTPS,2022-10-10,Harga Selisih
BTPS,2022-10-11,Harga Selisih
BTPS,2022-10-12,Harga Selisih
BTPS,2022-10-13,Harga Selisih
BTPS,2022-10-14,Harga Selisih
BTPS,2022-10-17,Harga Selisih
BTPS,2022-10-18,Harga Selisih
BTPS,2022-10-19,Harga Selisih
BTPS,2022-10-20,Harga Selisih
BTPS,2022-10-21,Harga Selisih
BTPS,2022-10-24,Harga Selisih
BTPS,2022-10-25,Harga Selisih
BTPS,2022-10-26,Harga Selisih
BTPS,2022-10-27,Harga Selisih
BTPS,2022-10-28,Harga Selisih
BTPS,2022-10-31,Harga Selisih
BTPS,2022-11-01,Harga Selisih
BTPS,2022-11-02,Harga Selisih
BTPS,2022-11-03,Harga Selisih
BTPS,2022-11-04,Harga Selisih
BTPS,2022-11-07,Harga Selisih
BTPS,2022-11-08,Harga Selisih
BTPS,2022-11-09,Harga Selisih
BTPS,2022-11-10,Harga Selisih
BTPS,2022-11-11,Harga Selisih
BTPS,2022-11-14,Harga Selisih
BTPS,2022-11-15,Harga Selisih
BTPS,2022-11-16,Harga Selisih
BTPS,2022-11-17,Harga Selisih
BTPS,2022-11-18,Harga Selisih
BTPS,2022-11-21,Harga Selisih
BTPS,2022-11-22,Harga Selisih
BTPS,2022-11-23,Harga Selisih
BTPS,2022-11-24,Harga Selisih
BTPS,2022-11-25,Harga Selisih
BTPS,2022-11-28,Harga Selisih
BTPS,2022-11-29,Harga Selisih
BTPS,2022-11-30,Harga Selisih
BTPS,2022-12-01,Harga Selisih
BTPS,2022-12-02,Harga Selisih
BTPS,2022-12-05,Harga Selisih
BTPS,2022-12-06,Harga Selisih
BTPS,2022-12-07,Harga Selisih
BTPS,2022-12-08,Harga Selisih
BTPS,2022-12-09,Harga Selisih
BTPS,2022-12-12,Harga Selisih
BTPS,2022-12-13,Harga Selisih
BTPS,2022-12-14,Harga Selisih
BTPS,2022-12-15,Harga Selisih
BTPS,2022-12-16,Harga Selisih
BTPS,2022-12-19,Harga Selisih
BTPS,2022-12-20,Harga Selisih
BTPS,2022-12-21,Harga Selisih
BTPS,2022-12-22,Harga Selisih
BTPS,2022-12-23,Harga Selisih
BTPS,2022-12-26,Harga Selisih
BTPS,2022-12-27,Harga Selisih
BTPS,2022-12-28,Harga Selisih
BTPS,2022-12-29,Harga Selisih
BTPS,2022-12-30,Harga Selisih
BTPS,2023-01-02,Harga Selisih
BTPS,2023-01-03,Harga Selisih
BTPS,2023-01-04,Harga Selisih
BTPS,2023-01-05,Harga Selisih
BTPS,2023-01-06,Harga Selisih
BTPS,2023-01-09,Harga Selisih
BTPS,2023-01-10,Harga Selisih
BTPS,2023-01-11,Harga Selisih
BTPS,2023-01-12,Harga Selisih
BTPS,2023-01-13,Harga Selisih
BTPS,2023-01-16,Harga Selisih
BTPS,2023-01-17,Harga Selisih
BTPS,2023-01-18,Harga Selisih
BTPS,2023-01-19,Harga Selisih
BTPS,2023-01-20,Harga Selisih
BTPS,2023-01-24,Harga Selisih
BTPS,2023-01-25,Harga Selisih
BTPS,2023-01-26,Harga Selisih
BTPS,2023-01-27,Harga Selisih
BTPS,2023-01-30,Harga Selisih
BTPS,2023-01-31,Harga Selisih
BTPS,2023-02-01,Harga Selisih
BTPS,2023-02-02,Harga Selisih
BTPS,2023-02-03,Harga Selisih
BTPS,2023-02-06,Harga Selisih
BTPS,2023-02-07,Harga Selisih
BTPS,2023-02-08,Harga Selisih
BTPS,2023-02-09,Harga Selisih
BTPS,2023-02-10,Harga Selisih
BTPS,2023-02-13,Harga Selisih
BTPS,2023-02-14,Harga Selisih
BTPS,2023-02-15,Harga Selisih
BTPS,2023-02-16,Harga Selisih
BTPS,2023-02-17,Harga Selisih
BTPS,2023-02-20,Harga Selisih
BTPS,2023-02-21,Harga Selisih
BTPS,2023-02-22,Harga Selisih
BTPS,2023-02-23,Harga Selisih
BTPS,2023-02-24,Harga Selisih
BTPS,2023-02-27,Harga Selisih
BTPS,2023-02-28,Harga Selisih
BTPS,2023-03-01,Harga Selisih
BTPS,2023-03-02,Harga Selisih
BTPS,2023-03-03,Harga Selisih
BTPS,2023-03-06,Harga Selisih
BTPS,2023-03-07,Harga Selisih
BTPS,2023-03-08,Harga Selisih
BTPS,2023-03-09,Harga Selisih
BTPS,2023-03-10,Harga Selisih
BTPS,2023-03-13,Harga Selisih
BTPS,2023-03-14,Harga Selisih
BTPS,2023-03-15,Harga Selisih
BTPS,2023-03-16,Harga Selisih
BTPS,2023-03-17,Harga Selisih
BTPS,2023-03-20,Harga Selisih
BTPS,2023-03-21,Harga Selisih
BTPS,2023-03-24,Harga Selisih
BTPS,2023-03-27,Harga Selisih
BTPS,2023-03-28,Harga Selisih
BTPS,2023-03-29,Harga Selisih
BTPS,2023-03-30,Harga Selisih
BTPS,2023-03-31,Harga Selisih
BTPS,2023-04-03,Harga Selisih
BTPS,2023-04-04,Harga Selisih
BTPS,2023-04-05,Harga Selisih
BTPS,2023-04-06,Harga Selisih
BTPS,2023-04-10,Harga Selisih
BTPS,2023-04-11,Harga Selisih
BTPS,2023-04-12,Harga Selisih
BTPS,2023-04-13,Harga Selisih
BTPS,2023-04-14,Harga Selisih
BTPS,2023-04-17,Harga Selisih
BTPS,2023-04-18,Harga Selisih
BTPS,2023-04-26,Harga Selisih
BTPS,2023-04-27,Harga Selisih
BTPS,2023-04-28,Harga Selisih
BTPS,2023-05-02,Harga Selisih
BTPS,2023-05-03,Harga Selisih
BTPS,2023-05-04,Harga Selisih
BTPS,2023-05-05,Harga Selisih
BTPS,2023-05-08,Harga Selisih
BTPS,2023-05-09,Harga Selisih
BTPS,2023-05-10,Harga Selisih
BTPS,2023-05-11,Harga Selisih
BTPS,2023-05-12,Harga Selisih
BTPS,2023-05-15,Harga Selisih
BTPS,2023-05-16,Harga Selisih
BTPS,2023-05-17,Harga Selisih
BTPS,2023-05-19,Harga Selisih
BTPS,2023-05-22,Harga Selisih
BTPS,2023-05-23,Harga Selisih
BTPS,2023-05-24,Harga Selisih
BTPS,2023-05-25,Harga Selisih
BTPS,2023-05-26,Harga Selisih
BTPS,2023-05-29,Harga Selisih
BTPS,2023-05-30,Harga Selisih
BTPS,2023-05-31,Harga Selisih
BTPS,2023-06-05,Harga Selisih
BTPS,2023-06-06,Harga Selisih
BTPS,2023-06-07,Harga Selisih
BTPS,2023-06-08,Harga Selisih
BTPS,2023-06-09,Harga Selisih
BTPS,2023-06-12,Harga Selisih
BTPS,2023-06-13,Harga Selisih
BTPS,2023-06-14,Harga Selisih
BTPS,2023-06-15,Harga Selisih
BTPS,2023-06-16,Harga Selisih
BTPS,2023-06-19,Harga Selisih
BTPS,2023-06-20,Harga Selisih
BTPS,2023-06-21,Harga Selisih
BTPS,2023-06-22,Harga Selisih
BTPS,2023-06-23,Harga Selisih
BTPS,2023-06-26,Harga Selisih
BTPS,2023-06-27,Harga Selisih
BTPS,2023-07-03,Harga Selisih
BTPS,2023-07-04,Harga Selisih
BTPS,2023-07-05,Harga Selisih
BTPS,2023-07-06,Harga Selisih
BTPS,2023-07-07,Harga Selisih
BTPS,2023-07-10,Harga Selisih
BTPS,2023-07-11,Harga Selisih
BTPS,2023-07-12,Harga Selisih
BTPS,2023-07-13,Harga Selisih
BTPS,2023-07-14,Harga Selisih
BTPS,2023-07-17,Harga Selisih
BTPS,2023-07-18,Harga Selisih
BTPS,2023-07-20,Harga Selisih
BTPS,2023-07-21,Harga Selisih
BTPS,2023-07-24,Harga Selisih
BTPS,2023-07-25,Harga Selisih
BTPS,2023-07-26,Harga Selisih
BTPS,2023-07-27,Harga Selisih
BTPS,2023-07-28,Harga Selisih
BTPS,2023-07-31,Harga Selisih
BTPS,2023-08-01,Harga Selisih
BTPS,2023-08-02,Harga Selisih
BTPS,2023-08-03,Harga Selisih
BTPS,2023-08-04,Harga Selisih
BTPS,2023-08-07,Harga Selisih
BTPS,2023-08-08,Harga Selisih
BTPS,2023-08-09,Harga Selisih
BTPS,2023-08-10,Harga Selisih
BTPS,2023-08-11,Harga Selisih
BTPS,2023-08-14,Harga Selisih
BTPS,2023-08-15,Harga Selisih
BTPS,2023-08-16,Harga Selisih
BTPS,2023-08-18,Harga Selisih
BTPS,2023-08-21,Harga Selisih
BTPS,2023-08-22,Harga Selisih
BTPS,2023-08-23,Harga Selisih
BTPS,2023-08-24,Harga Selisih
BTPS,2023-08-25,Harga Selisih
BTPS,2023-08-28,Harga Selisih
BTPS,2023-08-29,Harga Selisih
BTPS,2023-08-30,Harga Selisih
BTPS,2023-08-31,Harga Selisih
BTPS,2023-09-01,Harga Selisih
BTPS,2023-09-04,Harga Selisih
BTPS,2023-09-05,Harga Selisih
BTPS,2023-09-06,Harga Selisih
BTPS,2023-09-07,Harga Selisih
BTPS,2023-09-08,Harga Selisih
BTPS,2023-09-11,Harga Selisih
BTPS,2023-09-12,Harga Selisih
BTPS,2023-09-13,Harga Selisih
BTPS,2023-09-14,Harga Selisih
BTPS,2023-09-15,Harga Selisih
BTPS,2023-09-18,Harga Selisih
BTPS,2023-09-19,Harga Selisih
BTPS,2023-09-20,Harga Selisih
BTPS,2023-09-21,Harga Selisih
BTPS,2023-09-22,Harga Selisih
BTPS,2023-09-25,Harga Selisih
BTPS,2023-09-26,Harga Selisih
BTPS,2023-09-27,Harga Selisih
BTPS,2023-09-29,Harga Selisih
BTPS,2023-10-02,Harga Selisih
BTPS,2023-10-03,Harga Selisih
BTPS,2023-10-04,Harga Selisih
BTPS,2023-10-05,Harga Selisih
BTPS,2023-10-06,Harga Selisih
BTPS,2023-10-09,Harga Selisih
BTPS,2023-10-10,Harga Selisih
BTPS,2023-10-11,Harga Selisih
BTPS,2023-10-12,Harga Selisih
BTPS,2023-10-13,Harga Selisih
BTPS,2023-10-16,Harga Selisih
BTPS,2023-10-17,Harga Selisih
BTPS,2023-10-18,Harga Selisih
BTPS,2023-10-19,Harga Selisih
BTPS,2023-10-20,Harga Selisih
BTPS,2023-10-23,Harga Selisih
BTPS,2023-10-24,Harga Selisih
BTPS,2023-10-25,Harga Selisih
BTPS,2023-10-26,Harga Selisih
BTPS,2023-10-27,Harga Selisih
BTPS,2023-10-30,Harga Selisih
BTPS,2023-10-31,Harga Selisih
BTPS,2023-11-01,Harga Selisih
BTPS,2023-11-02,Harga Selisih
BTPS,2023-11-03,Harga Selisih
BTPS,2023-11-06,Harga Selisih
BTPS,2023-11-07,Harga Selisih
BTPS,2023-11-08,Harga Selisih
BTPS,2023-11-09,Harga Selisih
BTPS,2023-11-10,Harga Selisih
BTPS,2023-11-13,Harga Selisih
BTPS,2023-11-14,Harga Selisih
BTPS,2023-11-15,Harga Selisih
BTPS,2023-11-16,Harga Selisih
BTPS,2023-11-17,Harga Selisih
BTPS,2023-11-20,Harga Selisih
BTPS,2023-11-21,Harga Selisih
BTPS,2023-11-22,Harga Selisih
BTPS,2023-11-23,Harga Selisih
BTPS,2023-11-24,Harga Selisih
BTPS,2023-11-27,Harga Selisih
BTPS,2023-11-28,Harga Selisih
BTPS,2023-11-29,Harga Selisih
BTPS,2023-11-30,Harga Selisih
BTPS,2023-12-01,Harga Selisih
BTPS,2023-12-04,Harga Selisih
BTPS,2023-12-05,Harga Selisih
BTPS,2023-12-06,Harga Selisih
BTPS,2023-12-07,Harga Selisih
BTPS,2023-12-08,Harga Selisih
BTPS,2023-12-11,Harga Selisih
BTPS,2023-12-12,Harga Selisih
BTPS,2023-12-13,Harga Selisih
BTPS,2023-12-14,Harga Selisih
BTPS,2023-12-15,Harga Selisih
BTPS,2023-12-18,Harga Selisih
BTPS,2023-12-19,Harga Selisih
BTPS,2023-12-20,Harga Selisih
BTPS,2023-12-21,Harga Selisih
BTPS,2023-12-22,Harga Selisih
AGRO,2019-12-26,Data Adjusted
AGRO,2019-12-27,Data Adjusted
AGRO,2019-12-30,Data Adjusted
AGRO,2020-01-02,Data Adjusted
AGRO,2020-01-03,Data Adjusted
AGRO,2020-01-06,Data Adjusted
AGRO,2020-01-07,Data Adjusted
AGRO,2020-01-08,Data Adjusted
AGRO,2020-01-09,Data Adjusted
AGRO,2020-01-10,Data Adjusted
AGRO,2020-01-13,Data Adjusted
AGRO,2020-01-14,Data Adjusted
AGRO,2020-01-15,Data Adjusted
AGRO,2020-01-16,Data Adjusted
AGRO,2020-01-17,Data Adjusted
AGRO,2020-01-20,Data Adjusted
AGRO,2020-01-21,Data Adjusted
AGRO,2020-01-22,Data Adjusted
AGRO,2020-01-23,Data Adjusted
AGRO,2020-01-24,Data Adjusted
AGRO,2020-01-27,Data Adjusted
AGRO,2020-01-28,Data Adjusted
AGRO,2020-01-29,Data Adjusted
AGRO,2020-01-30,Data Adjusted
AGRO,2020-01-31,Data Adjusted
AGRO,2020-02-03,Data Adjusted
AGRO,2020-02-04,Data Adjusted
AGRO,2020-02-05,Data Adjusted
AGRO,2020-02-06,Data Adjusted
AGRO,2020-02-07,Data Adjusted
AGRO,2020-02-10,Data Adjusted
AGRO,2020-02-11,Data Adjusted
AGRO,2020-02-12,Data Adjusted
AGRO,2020-02-13,Data Adjusted
AGRO,2020-02-14,Data Adjusted
AGRO,2020-02-17,Data Adjusted
AGRO,2020-02-18,Data Adjusted
AGRO,2020-02-19,Data Adjusted
AGRO,2020-02-20,Data Adjusted
AGRO,2020-02-21,Data Adjusted
AGRO,2020-02-24,Data Adjusted
AGRO,2020-02-25,Data Adjusted
AGRO,2020-02-26,Data Adjusted
AGRO,2020-02-27,Data Adjusted
AGRO,2020-02-28,Data Adjusted
AGRO,2020-03-02,Data Adjusted
AGRO,2020-03-03,Data Adjusted
AGRO,2020-03-04,Data Adjusted
AGRO,2020-03-05,Data Adjusted
AGRO,2020-03-06,Data Adjusted
AGRO,2020-03-09,Data Adjusted
AGRO,2020-03-10,Data Adjusted
AGRO,2020-03-11,Data Adjusted
AGRO,2020-03-12,Data Adjusted
AGRO,2020-03-13,Data Adjusted
AGRO,2020-03-16,Data Adjusted
AGRO,2020-03-17,Data Adjusted
AGRO,2020-03-18,Data Adjusted
AGRO,2020-03-19,Data Adjusted
AGRO,2020-03-20,Data Adjusted
AGRO,2020-03-23,Data Adjusted
AGRO,2020-03-24,Data Adjusted
AGRO,2020-03-26,Data Adjusted
AGRO,2020-03-27,Data Adjusted
AGRO,2020-03-30,Data Adjusted
AGRO,2020-03-31,Data Adjusted
AGRO,2020-04-01,Data Adjusted
AGRO,2020-04-02,Data Adjusted
AGRO,2020-04-03,Data Adjusted
AGRO,2020-04-06,Data Adjusted
AGRO,2020-04-07,Data Adjusted
AGRO,2020-04-08,Data Adjusted
AGRO,2020-04-09,Data Adjusted
AGRO,2020-04-13,Data Adjusted
AGRO,2020-04-14,Data Adjusted
AGRO,2020-04-15,Data Adjusted
AGRO,2020-04-16,Data Adjusted
AGRO,2020-04-17,Data Adjusted
AGRO,2020-04-20,Data Adjusted
AGRO,2020-04-21,Data Adjusted
AGRO,2020-04-22,Data Adjusted
AGRO,2020-04-23,Data Adjusted
AGRO,2020-04-24,Data Adjusted
AGRO,2020-04-27,Data Adjusted
AGRO,2020-04-28,Data Adjusted
AGRO,2020-04-29,Data Adjusted
AGRO,2020-04-30,Data Adjusted
AGRO,2020-05-04,Data Adjusted
AGRO,2020-05-05,Data Adjusted
AGRO,2020-05-06,Data Adjusted
AGRO,2020-05-08,Data Adjusted
AGRO,2020-05-11,Data Adjusted
AGRO,2020-05-12,Data Adjusted
AGRO,2020-05-13,Data Adjusted
AGRO,2020-05-14,Data Adjusted
AGRO,2020-05-15,Data Adjusted
AGRO,2020-05-18,Data Adjusted
AGRO,2020-05-19,Data Adjusted
AGRO,2020-05-20,Data Adjusted
AGRO,2020-05-26,Data Adjusted
AGRO,2020-05-27,Data Adjusted
AGRO,2020-05-28,Data Adjusted
AGRO,2020-05-29,Data Adjusted
AGRO,2020-06-02,Data Adjusted
AGRO,2020-06-03,Data Adjusted
AGRO,2020-06-04,Data Adjusted
AGRO,2020-06-05,Data Adjusted
AGRO,2020-06-08,Data Adjusted
AGRO,2020-06-09,Data Adjusted
AGRO,2020-06-10,Data Adjusted
AGRO,2020-06-11,Data Adjusted
AGRO,2020-06-12,Data Adjusted
AGRO,2020-06-15,Data Adjusted
AGRO,2020-06-16,Data Adjusted
AGRO,2020-06-17,Data Adjusted
AGRO,2020-06-18,Data Adjusted
AGRO,2020-06-19,Data Adjusted
AGRO,2020-06-22,Data Adjusted
AGRO,2020-06-23,Data Adjusted
AGRO,2020-06-24,Data Adjusted
AGRO,2020-06-25,Data Adjusted
AGRO,2020-06-26,Data Adjusted
AGRO,2020-06-29,Data Adjusted
AGRO,2020-06-30,Data Adjusted
AGRO,2020-07-01,Data Adjusted
AGRO,2020-07-02,Data Adjusted
AGRO,2020-07-03,Data Adjusted
AGRO,2020-07-06,Data Adjusted
AGRO,2020-07-07,Data Adjusted
AGRO,2020-07-08,Data Adjusted
AGRO,2020-07-09,Data Adjusted
AGRO,2020-07-10,Data Adjusted
AGRO,2020-07-13,Data Adjusted
AGRO,2020-07-14,Data Adjusted
AGRO,2020-07-15,Data Adjusted
AGRO,2020-07-16,Data Adjusted
AGRO,2020-07-17,Data Adjusted
AGRO,2020-07-20,Data Adjusted
AGRO,2020-07-21,Data Adjusted
AGRO,2020-07-22,Data Adjusted
AGRO,2020-07-23,Data Adjusted
AGRO,2020-07-24,Data Adjusted
AGRO,2020-07-27,Data Adjusted
AGRO,2020-07-28,Data Adjusted
AGRO,2020-07-29,Data Adjusted
AGRO,2020-07-30,Data Adjusted
AGRO,2020-08-03,Data Adjusted
AGRO,2020-08-04,Data Adjusted
AGRO,2020-08-05,Data Adjusted
AGRO,2020-08-06,Data Adjusted
AGRO,2020-08-07,Data Adjusted
AGRO,2020-08-10,Data Adjusted
AGRO,2020-08-11,Data Adjusted
AGRO,2020-08-12,Data Adjusted
AGRO,2020-08-13,Data Adjusted
AGRO,2020-08-14,Data Adjusted
AGRO,2020-08-18,Data Adjusted
AGRO,2020-08-19,Data Adjusted
AGRO,2020-08-24,Data Adjusted
AGRO,2020-08-25,Data Adjusted
AGRO,2020-08-26,Data Adjusted
AGRO,2020-08-27,Data Adjusted
AGRO,2020-08-28,Data Adjusted
AGRO,2020-08-31,Data Adjusted
AGRO,2020-09-01,Data Adjusted
AGRO,2020-09-02,Data Adjusted
AGRO,2020-09-03,Data Adjusted
AGRO,2020-09-04,Data Adjusted
AGRO,2020-09-07,Data Adjusted
AGRO,2020-09-08,Data Adjusted
AGRO,2020-09-09,Data Adjusted
AGRO,2020-09-10,Data Adjusted
AGRO,2020-09-11,Data Adjusted
AGRO,2020-09-14,Data Adjusted
AGRO,2020-09-15,Data Adjusted
AGRO,2020-09-16,Data Adjusted
AGRO,2020-09-17,Data Adjusted
AGRO,2020-09-18,Data Adjusted
AGRO,2020-09-21,Data Adjusted
AGRO,2020-09-22,Data Adjusted
AGRO,2020-09-23,Data Adjusted
AGRO,2020-09-24,Data Adjusted
AGRO,2020-09-25,Data Adjusted
AGRO,2020-09-28,Data Adjusted
AGRO,2020-09-29,Data Adjusted
AGRO,2020-09-30,Data Adjusted
AGRO,2020-10-01,Data Adjusted
AGRO,2020-10-02,Data Adjusted
AGRO,2020-10-05,Data Adjusted
AGRO,2020-10-06,Data Adjusted
AGRO,2020-10-07,Data Adjusted
AGRO,2020-10-08,Data Adjusted
AGRO,2020-10-09,Data Adjusted
AGRO,2020-10-12,Data Adjusted
AGRO,2020-10-13,Data Adjusted
AGRO,2020-10-14,Data Adjusted
AGRO,2020-10-15,Data Adjusted
AGRO,2020-10-16,Data Adjusted
AGRO,2020-10-19,Data Adjusted
AGRO,2020-10-20,Data Adjusted
AGRO,2020-10-21,Data Adjusted
AGRO,2020-10-22,Data Adjusted
AGRO,2020-10-23,Data Adjusted
AGRO,2020-10-26,Data Adjusted
AGRO,2020-10-27,Data Adjusted
AGRO,2020-11-02,Data Adjusted
AGRO,2020-11-03,Data Adjusted
AGRO,2020-11-04,Data Adjusted
AGRO,2020-11-05,Data Adjusted
AGRO,2020-11-06,Data Adjusted
AGRO,2020-11-09,Data Adjusted
AGRO,2020-11-10,Data Adjusted
AGRO,2020-11-11,Data Adjusted
AGRO,2020-11-12,Data Adjusted
AGRO,2020-11-13,Data Adjusted
AGRO,2020-11-16,Data Adjusted
AGRO,2020-11-17,Data Adjusted
AGRO,2020-11-18,Data Adjusted
AGRO,2020-11-19,Data Adjusted
AGRO,2020-11-20,Data Adjusted
AGRO,2020-11-23,Data Adjusted
AGRO,2020-11-24,Data Adjusted
AGRO,2020-11-25,Data Adjusted
AGRO,2020-11-26,Data Adjusted
AGRO,2020-11-27,Data Adjusted
AGRO,2020-11-30,Data Adjusted
AGRO,2020-12-01,Data Adjusted
AGRO,2020-12-02,Data Adjusted
AGRO,2020-12-03,Data Adjusted
AGRO,2020-12-04,Data Adjusted
AGRO,2020-12-07,Data Adjusted
AGRO,2020-12-08,Data Adjusted
AGRO,2020-12-10,Data Adjusted
AGRO,2020-12-11,Data Adjusted
AGRO,2020-12-14,Data Adjusted
AGRO,2020-12-16,Data Adjusted
AGRO,2020-12-17,Data Adjusted
AGRO,2020-12-18,Data Adjusted
AGRO,2020-12-21,Data Adjusted
AGRO,2020-12-22,Data Adjusted
AGRO,2020-12-23,Data Adjusted
AGRO,2020-12-28,Data Adjusted
AGRO,2020-12-29,Data Adjusted
AGRO,2020-12-30,Data Adjusted
AGRO,2021-01-04,Data Adjusted
AGRO,2021-01-05,Data Adjusted
AGRO,2021-01-06,Data Adjusted
AGRO,2021-01-07,Data Adjusted
AGRO,2021-01-08,Data Adjusted
AGRO,2021-01-11,Data Adjusted
AGRO,2021-01-12,Data Adjusted
AGRO,2021-01-13,Data Adjusted
AGRO,2021-01-14,Data Adjusted
AGRO,2021-01-15,Data Adjusted
AGRO,2021-01-18,Data Adjusted
AGRO,2021-01-19,Data Adjusted
AGRO,2021-01-20,Data Adjusted
AGRO,2021-01-21,Data Adjusted
AGRO,2021-01-22,Data Adjusted
AGRO,2021-01-25,Data Adjusted
AGRO,2021-01-26,Data Adjusted
AGRO,2021-01-27,Data Adjusted
AGRO,2021-01-28,Data Adjusted
AGRO,2021-01-29,Data Adjusted
AGRO,2021-02-01,Data Adjusted
AGRO,2021-02-02,Data Adjusted
AGRO,2021-02-03,Data Adjusted
AGRO,2021-02-04,Data Adjusted
AGRO,2021-02-05,Data Adjusted
AGRO,2021-02-08,Data Adjusted
AGRO,2021-02-09,Data Adjusted
AGRO,2021-02-10,Data Adjusted
AGRO,2021-02-11,Data Adjusted
AGRO,2021-02-15,Data Adjusted
AGRO,2021-02-16,Data Adjusted
AGRO,2021-02-17,Data Adjusted
AGRO,2021-02-18,Data Adjusted
AGRO,2021-02-19,Data Adjusted
AGRO,2021-02-22,Data Adjusted
AGRO,2021-02-23,Data Adjusted
AGRO,2021-02-24,Data Adjusted
AGRO,2021-02-25,Data Adjusted
AGRO,2021-02-26,Data Adjusted
AGRO,2021-03-01,Data Adjusted
AGRO,2021-03-02,Data Adjusted
AGRO,2021-03-03,Data Adjusted
AGRO,2021-03-04,Data Adjusted
AGRO,2021-03-08,Data Adjusted
AGRO,2021-03-09,Data Adjusted
AGRO,2021-03-10,Data Adjusted
AGRO,2021-03-12,Data Adjusted
AGRO,2021-03-15,Data Adjusted
AGRO,2021-03-16,Data Adjusted
AGRO,2021-03-17,Data Adjusted
AGRO,2021-03-18,Data Adjusted
AGRO,2021-03-19,Data Adjusted
AGRO,2021-03-22,Data Adjusted
AGRO,2021-03-23,Data Adjusted
AGRO,2021-03-24,Data Adjusted
AGRO,2021-03-25,Data Adjusted
AGRO,2021-03-26,Data Adjusted
AGRO,2021-03-29,Data Adjusted
AGRO,2021-03-30,Data Adjusted
AGRO,2021-03-31,Data Adjusted
AGRO,2021-04-01,Data Adjusted
AGRO,2021-04-05,Data Adjusted
AGRO,2021-04-06,Data Adjusted
AGRO,2021-04-07,Data Adjusted
AGRO,2021-04-08,Data Adjusted
AGRO,2021-04-09,Data Adjusted
AGRO,2021-04-12,Data Adjusted
AGRO,2021-04-13,Data Adjusted
AGRO,2021-04-14,Data Adjusted
AGRO,2021-04-15,Data Adjusted
AGRO,2021-04-16,Data Adjusted
AGRO,2021-04-19,Data Adjusted
AGRO,2021-04-20,Data Adjusted
AGRO,2021-04-21,Data Adjusted
AGRO,2021-04-22,Data Adjusted
AGRO,2021-04-23,Data Adjusted
AGRO,2021-04-26,Data Adjusted
AGRO,2021-04-27,Data Adjusted
AGRO,2021-04-28,Data Adjusted
AGRO,2021-04-29,Data Adjusted
AGRO,2021-04-30,Data Adjusted
AGRO,2021-05-03,Data Adjusted
AGRO,2021-05-04,Data Adjusted
AGRO,2021-05-05,Data Adjusted
AGRO,2021-05-06,Data Adjusted
AGRO,2021-05-07,Data Adjusted
AGRO,2021-05-10,Data Adjusted
AGRO,2021-05-11,Data Adjusted
AGRO,2021-05-17,Data Adjusted
AGRO,2021-05-18,Data Adjusted
AGRO,2021-05-19,Data Adjusted
AGRO,2021-05-20,Data Adjusted
AGRO,2021-05-21,Data Adjusted
AGRO,2021-05-24,Data Adjusted
AGRO,2021-05-25,Data Adjusted
AGRO,2021-05-27,Data Adjusted
AGRO,2021-05-28,Data Adjusted
AGRO,2021-05-31,Data Adjusted
AGRO,2021-06-02,Data Adjusted
AGRO,2021-06-03,Data Adjusted
AGRO,2021-06-04,Data Adjusted
AGRO,2021-06-07,Data Adjusted
AGRO,2021-06-08,Data Adjusted
AGRO,2021-06-09,Data Adjusted
AGRO,2021-06-10,Data Adjusted
AGRO,2021-06-11,Data Adjusted
AGRO,2021-06-14,Data Adjusted
AGRO,2021-06-15,Data Adjusted
AGRO,2021-06-16,Data Adjusted
AGRO,2021-06-17,Data Adjusted
AGRO,2021-06-18,Data Adjusted
AGRO,2021-06-21,Data Adjusted
AGRO,2021-06-22,Data Adjusted
AGRO,2021-06-23,Data Adjusted
AGRO,2021-06-24,Data Adjusted
AGRO,2021-06-25,Data Adjusted
AGRO,2021-06-28,Data Adjusted
AGRO,2021-06-29,Data Adjusted
AGRO,2021-06-30,Data Adjusted
AGRO,2021-07-01,Data Adjusted
AGRO,2021-07-02,Data Adjusted
AGRO,2021-07-05,Data Adjusted
AGRO,2021-07-06,Data Adjusted
AGRO,2021-07-07,Data Adjusted
AGRO,2021-07-08,Data Adjusted
AGRO,2021-07-09,Data Adjusted
AGRO,2021-07-12,Data Adjusted
AGRO,2021-07-13,Data Adjusted
AGRO,2021-07-14,Data Adjusted
AGRO,2021-07-15,Data Adjusted
AGRO,2021-07-16,Data Adjusted
AGRO,2021-07-19,Data Adjusted
AGRO,2021-07-21,Data Adjusted
AGRO,2021-07-22,Data Adjusted
AGRO,2021-07-23,Data Adjusted
AGRO,2021-07-26,Data Adjusted
AGRO,2021-07-27,Data Adjusted
AGRO,2021-07-28,Data Adjusted
AGRO,2021-07-29,Data Adjusted
AGRO,2021-07-30,Data Adjusted
AGRO,2021-08-02,Data Adjusted
AGRO,2021-08-03,Data Adjusted
AGRO,2021-08-04,Data Adjusted
AGRO,2021-08-05,Data Adjusted
AGRO,2021-08-06,Data Adjusted
AGRO,2021-08-09,Data Adjusted
AGRO,2021-08-10,Data Adjusted
AGRO,2021-08-12,Data Adjusted
AGRO,2021-08-13,Data Adjusted
AGRO,2021-08-16,Data Adjusted
AGRO,2021-08-18,Data Adjusted
AGRO,2021-08-19,Data Adjusted
AGRO,2021-08-20,Data Adjusted
AGRO,2021-08-23,Data Adjusted
AGRO,2021-08-24,Data Adjusted
AGRO,2021-08-25,Data Adjusted
AGRO,2021-08-26,Data Adjusted
AGRO,2021-08-27,Data Adjusted
AGRO,2021-08-30,Data Adjusted
AGRO,2021-08-31,Data Adjusted
AGRO,2021-09-01,Data Adjusted
AGRO,2021-09-02,Data Adjusted
AGRO,2021-09-03,Data Adjusted
AGRO,2021-09-06,Data Adjusted
AGRO,2021-09-07,Data Adjusted
AGRO,2021-09-08,Data Adjusted
AGRO,2021-09-09,Data Adjusted
AGRO,2021-09-10,Data Adjusted
AGRO,2021-09-13,Data Adjusted
AGRO,2021-09-14,Data Adjusted
AGRO,2021-09-15,Data Adjusted
AGRO,2021-09-16,Data Adjusted
AGRO,2021-09-17,Data Adjusted
AGRO,2021-09-20,Data Adjusted
AGRO,2021-09-21,Data Adjusted
AGRO,2021-09-22,Data Adjusted
AGRO,2021-09-23,Data Adjusted
AGRO,2021-09-24,Data Adjusted
AGRO,2021-09-27,Data Adjusted
AGRO,2021-09-28,Data Adjusted
AGRO,2021-09-29,Data Adjusted
AGRO,2021-09-30,Data Adjusted
AGRO,2021-10-01,Data Adjusted
AGRO,2021-10-04,Data Adjusted
AGRO,2021-10-05,Data Adjusted
AGRO,2021-10-06,Data Adjusted
AGRO,2021-10-07,Data Adjusted
AGRO,2021-10-08,Data Adjusted
AGRO,2021-10-11,Data Adjusted
AGRO,2021-10-12,Data Adjusted
AGRO,2021-10-13,Data Adjusted
AGRO,2021-10-14,Data Adjusted
AGRO,2021-10-15,Data Adjusted
AGRO,2021-10-18,Data Adjusted
AGRO,2021-10-19,Data Adjusted
AGRO,2021-10-21,Data Adjusted
AGRO,2021-10-22,Data Adjusted
AGRO,2021-10-25,Data Adjusted
AGRO,2021-10-26,Data Adjusted
AGRO,2021-10-27,Data Adjusted
AGRO,2021-10-28,Data Adjusted
AGRO,2021-10-29,Data Adjusted
AGRO,2021-11-01,Data Adjusted
AGRO,2021-11-02,Data Adjusted
AGRO,2021-11-03,Data Adjusted
AGRO,2021-11-04,Data Adjusted
AGRO,2021-11-05,Data Adjusted
AGRO,2021-11-08,Data Adjusted
AGRO,2021-11-09,Data Adjusted
AGRO,2021-11-10,Data Adjusted
AGRO,2021-11-11,Data Adjusted
AGRO,2021-11-12,Data Adjusted
AGRO,2021-11-15,Data Adjusted
AGRO,2021-11-16,Data Adjusted
AGRO,2021-11-17,Data Adjusted
AGRO,2021-11-18,Data Adjusted
AGRO,2021-11-19,Data Adjusted
AGRO,2021-11-22,Data Adjusted
AGRO,2021-11-23,Data Adjusted
AGRO,2021-11-24,Data Adjusted
AGRO,2021-11-25,Data Adjusted
AGRO,2021-11-26,Data Adjusted
